MMSI,ShipName,latitude,longitude,timestamp,speed,timestamp_rounded
0,0,43.50969833333333,10.242995,2023-10-04 08:44:15.133495567,5.7,2023-10-04 08:45:00
0,0,43.54313833333333,10.291088333333333,2023-10-04 09:14:59.762441313,8.8,2023-10-04 09:15:00
0,0,43.568023333333336,10.306603333333332,2023-10-04 09:32:25.442220340,1.9,2023-10-04 09:30:00
0,0,43.52082666666667,10.228008333333332,2023-10-04 21:14:54.029807128,9.6,2023-10-04 21:15:00
0,0,43.51281,10.216998333333333,2023-10-04 21:19:04.614322922,10.0,2023-10-04 21:15:00
0,0,43.45510166666666,10.138028333333333,2023-10-04 21:49:54.830067683,9.5,2023-10-04 21:45:00
0,0,43.429145,10.128291666666666,2023-10-28 08:11:32.608791896,12.8,2023-10-28 08:15:00
0,0,43.45455333333334,10.163873333333331,2023-10-28 08:21:44.792728191,12.9,2023-10-28 08:15:00
0,0,43.49075833333333,10.187605,2023-10-28 09:01:00.287727849,4.2,2023-10-28 09:00:00
0,0,43.50473333333333,10.17364,2023-10-28 09:43:52.576541626,1.8,2023-10-28 09:45:00
0,0,43.50661333333333,10.170966666666668,2023-10-28 09:50:49.303812192,1.3,2023-10-28 09:45:00
0,0,43.51780333333333,10.158028333333334,2023-10-28 10:33:03.492267105,1.5,2023-10-28 10:30:00
0,0,43.50723333333334,10.162088333333331,2023-10-28 10:58:56.181856380,1.8,2023-10-28 11:00:00
0,0,43.49512333333333,10.17201,2023-10-28 11:30:33.466181676,1.6,2023-10-28 11:30:00
0,0,43.49007166666667,10.178178333333332,2023-10-28 11:48:45.148408554,1.1,2023-10-28 11:45:00
0,0,43.484975,10.171238333333331,2023-10-28 12:21:03.481580924,1.3,2023-10-28 12:15:00
0,0,43.48446166666667,10.167816666666663,2023-10-28 12:45:56.451086359,1.0,2023-10-28 12:45:00
0,0,43.47722833333333,10.155903333333333,2023-10-28 13:28:00.287594003,3.8,2023-10-28 13:30:00
0,0,43.497815,10.224548333333331,2023-10-28 14:10:04.247864584,7.8,2023-10-28 14:15:00
0,0,43.54081333333333,10.289361666666668,2023-10-28 14:36:17.674195860,9.3,2023-10-28 14:30:00
0,0,43.57394833333333,10.304663333333334,2023-10-28 15:04:51.047880383,2.1,2023-10-28 15:00:00
0,0,43.57409333333333,10.304416666666668,2023-10-28 20:00:42.526877029,0.4,2023-10-28 20:00:00
0,0,43.57203333333334,10.305881666666666,2023-10-29 01:42:40.078378379,4.8,2023-10-29 01:45:00
0,0,43.53827,10.280865,2023-10-29 02:07:39.039006890,6.3,2023-10-29 02:15:00
0,0,43.505485,10.206395,2023-10-29 02:33:13.985369738,11.4,2023-10-29 02:30:00
0,0,43.456851666666665,10.141263333333336,2023-10-29 02:54:34.680640992,11.5,2023-10-29 03:00:00
0,0,43.53829333333333,10.280463333333334,2023-10-29 10:47:46.583144702,6.3,2023-10-29 10:45:00
0,0,43.53828333333333,10.281673333333334,2023-10-29 16:41:17.046608243,6.4,2023-10-29 16:45:00
0,0,43.47844666666666,10.193375,2023-10-29 17:30:55.213314585,5.0,2023-10-29 17:30:00
0,0,43.46554,10.15204,2023-10-29 22:20:53.091609437,11.5,2023-10-29 22:15:00
2,2,43.45981666666667,10.238166666666666,2023-10-05 19:44:31.311202738,9.3,2023-10-05 19:45:00
2,2,43.50315,10.270166666666666,2023-10-05 20:06:08.134026131,3.0,2023-10-05 20:00:00
2,2,43.50377,10.27265,2023-10-05 20:28:56.412768990,0.1,2023-10-05 20:30:00
2,2,43.50346666666667,10.272633333333332,2023-10-05 21:43:58.316833701,0.2,2023-10-05 21:45:00
2,2,43.50363,10.272516666666666,2023-10-06 01:13:55.527446542,0.9,2023-10-06 01:15:00
2,2,43.50337,10.2722,2023-10-06 03:28:57.320515427,0.2,2023-10-06 03:30:00
2,2,43.50368666666667,10.271033333333332,2023-10-06 06:43:57.397839596,0.5,2023-10-06 06:45:00
2,2,43.502946666666666,10.272133333333333,2023-10-06 09:13:57.620826258,0.7,2023-10-06 09:15:00
2,2,43.50328,10.272416666666668,2023-10-06 11:04:57.986550025,0.1,2023-10-06 11:00:00
2,2,43.50338666666666,10.2724,2023-10-06 11:40:57.830671889,0.2,2023-10-06 11:45:00
2,2,43.50351666666666,10.272433333333334,2023-10-06 13:13:59.439703211,0.8,2023-10-06 13:15:00
2,2,43.50335333333333,10.272433333333334,2023-10-06 14:13:59.018072709,0.5,2023-10-06 14:15:00
2,2,43.50391666666667,10.272333333333334,2023-10-06 19:43:57.095795232,0.7,2023-10-06 19:45:00
2,2,43.39585,10.181483333333334,2023-10-17 18:33:20.344347975,10.3,2023-10-17 18:30:00
2,2,43.48423666666667,10.2043,2023-10-17 19:07:02.339348838,9.8,2023-10-17 19:00:00
2,2,43.516603333333336,10.2528,2023-10-17 19:25:12.093296573,6.7,2023-10-17 19:30:00
2,2,43.52532,10.268266666666667,2023-10-17 20:11:51.245100667,0.7,2023-10-17 20:15:00
2,2,43.5192,10.268133333333331,2023-10-17 20:44:41.416188296,1.2,2023-10-17 20:45:00
2,2,43.51905333333333,10.268166666666668,2023-10-17 20:45:07.783035575,1.2,2023-10-17 20:45:00
2,2,43.573836666666665,10.315483333333331,2023-10-17 21:44:42.507364640,3.8,2023-10-17 21:45:00
2,2,43.57455333333333,10.316,2023-10-17 21:45:46.197565361,2.2,2023-10-17 21:45:00
2,2,43.58220333333334,10.318466666666666,2023-10-18 08:46:30.931207096,0.1,2023-10-18 08:45:00
2,2,43.58243,10.318366666666666,2023-10-18 14:10:30.797765198,0.5,2023-10-18 14:15:00
2,2,43.54633,10.2915,2023-10-18 22:26:28.337568428,8.8,2023-10-18 22:30:00
2,2,43.50045,10.194683333333334,2023-10-18 23:00:41.715137513,9.5,2023-10-18 23:00:00
2,2,43.46002,10.186583333333337,2023-10-18 23:16:15.417676076,8.8,2023-10-18 23:15:00
2,2,43.38435333333334,10.1714,2023-10-18 23:46:58.104979287,8.7,2023-10-18 23:45:00
2,2,43.42033666666667,10.1808,2023-10-28 23:38:03.469428301,11.1,2023-10-28 23:45:00
2,2,43.47032333333333,10.250383333333334,2023-10-29 00:04:30.651037268,7.1,2023-10-29 00:00:00
2,2,43.47479666666666,10.257166666666668,2023-10-29 00:15:33.741992421,1.0,2023-10-29 00:15:00
2,2,43.47636666666666,10.258416666666667,2023-10-29 01:51:38.952495451,0.1,2023-10-29 01:45:00
2,2,43.47646666666667,10.258233333333331,2023-10-29 04:03:40.514039420,0.2,2023-10-29 04:00:00
2,2,43.476236666666665,10.257883333333332,2023-10-29 04:48:38.844096891,0.1,2023-10-29 04:45:00
2,2,43.476353333333336,10.258083333333332,2023-10-29 05:21:39.237998084,0.1,2023-10-29 05:15:00
2,2,43.47627,10.257766666666669,2023-10-29 06:00:36.814402900,0.1,2023-10-29 06:00:00
2,2,43.47633666666666,10.257833333333334,2023-10-29 06:21:40.187217895,0.1,2023-10-29 06:15:00
2,2,43.47632,10.258466666666669,2023-10-29 08:15:38.873651680,0.4,2023-10-29 08:15:00
2,2,43.47653,10.258766666666666,2023-10-29 09:30:39.059074601,0.1,2023-10-29 09:30:00
2,2,43.47654666666666,10.258583333333332,2023-10-29 10:13:14.031013786,0.1,2023-10-29 10:15:00
2,2,43.47667,10.2586,2023-10-29 10:55:13.867920437,0.8,2023-10-29 11:00:00
2,2,43.47653,10.258633333333334,2023-10-29 11:29:13.600291744,0.1,2023-10-29 11:30:00
2,2,43.47663666666666,10.258433333333333,2023-10-29 11:47:12.533670513,0.1,2023-10-29 11:45:00
2,2,43.47663666666666,10.258633333333334,2023-10-29 12:23:14.699095384,0.2,2023-10-29 12:30:00
2,2,43.47667,10.258433333333333,2023-10-29 12:55:11.908403736,0.1,2023-10-29 13:00:00
2,2,43.47663666666666,10.258266666666666,2023-10-29 13:35:10.920927740,0.1,2023-10-29 13:30:00
2,2,43.47663666666666,10.258383333333336,2023-10-29 14:13:11.648599542,0.3,2023-10-29 14:15:00
2,2,43.47662,10.258616666666668,2023-10-29 14:43:13.566397636,0.2,2023-10-29 14:45:00
2,2,43.47657333333333,10.258316666666667,2023-10-29 15:25:13.258556230,0.1,2023-10-29 15:30:00
2,2,43.47763666666666,10.255366666666667,2023-10-29 15:55:29.761304067,2.7,2023-10-29 16:00:00
2,2,43.54405333333333,10.290683333333334,2023-10-29 16:43:03.708449636,7.2,2023-10-29 16:45:00
2,2,43.57745,10.31695,2023-10-29 17:14:38.887156842,3.7,2023-10-29 17:15:00
2,2,43.5827,10.318316666666668,2023-10-29 17:23:10.084612135,0.2,2023-10-29 17:30:00
2,2,43.58265,10.31825,2023-10-30 16:19:36.121021291,0.1,2023-10-30 16:15:00
2,2,43.56275333333333,10.302783333333334,2023-10-30 16:56:07.334946579,0.3,2023-10-30 17:00:00
2,2,43.562646666666666,10.303,2023-10-30 18:51:41.704293831,0.7,2023-10-30 18:45:00
2,2,43.56282,10.302966666666666,2023-10-30 23:03:41.390413364,0.6,2023-10-30 23:00:00
3,3,43.426206666666666,10.15071,2023-10-26 04:58:56.443460598,2.4,2023-10-26 05:00:00
3,3,43.43047,10.193090000000002,2023-10-26 05:43:34.608971313,2.5,2023-10-26 05:45:00
3,3,43.43114166666667,10.199128333333334,2023-10-26 05:50:03.469465666,2.3,2023-10-26 05:45:00
3,3,43.43454,10.242743333333332,2023-10-26 06:39:55.599610816,2.3,2023-10-26 06:45:00
3,3,43.434830000000005,10.249446666666667,2023-10-26 06:47:43.187113773,2.3,2023-10-26 06:45:00
3,3,43.4354,10.281586666666668,2023-10-26 07:28:04.060896232,1.8,2023-10-26 07:30:00
3,3,43.44958833333333,10.191986666666669,2023-10-26 08:11:05.488909382,7.7,2023-10-26 08:15:00
3,3,43.461376666666666,10.124003333333333,2023-10-26 08:37:54.463741501,4.1,2023-10-26 08:45:00
3,3,43.477491666666666,10.134931666666668,2023-10-26 09:05:55.076425729,2.4,2023-10-26 09:00:00
3,3,43.48591333333333,10.149721666666666,2023-10-26 09:30:25.958655615,1.9,2023-10-26 09:30:00
3,3,43.49702166666667,10.171323333333332,2023-10-26 10:13:54.079101155,1.5,2023-10-26 10:15:00
3,3,43.50492,10.174353333333332,2023-10-26 10:37:57.953042406,4.6,2023-10-26 10:45:00
3,3,43.482996666666665,10.142678333333333,2023-10-26 10:54:14.521625697,8.7,2023-10-26 11:00:00
3,3,43.42517,10.127306666666668,2023-10-26 11:23:05.193657785,4.2,2023-10-26 11:30:00
3,3,43.44190833333334,10.157168333333336,2023-10-26 12:12:24.190199847,1.6,2023-10-26 12:15:00
3,3,43.45232,10.170441666666669,2023-10-26 12:44:44.735450881,1.6,2023-10-26 12:45:00
3,3,43.456085,10.176261666666669,2023-10-26 12:57:15.880916220,1.7,2023-10-26 13:00:00
3,3,43.46024333333333,10.184748333333332,2023-10-26 13:15:04.641929103,1.4,2023-10-26 13:15:00
3,3,43.468873333333335,10.213755,2023-10-26 14:10:14.591061841,1.6,2023-10-26 14:15:00
3,3,43.476965,10.230195,2023-10-26 14:43:54.624595712,1.5,2023-10-26 14:45:00
3,3,43.463935,10.239825,2023-10-26 15:03:56.003596222,7.5,2023-10-26 15:00:00
3,3,43.41711833333333,10.218836666666666,2023-10-26 15:24:34.253583509,8.8,2023-10-26 15:30:00
3,3,43.384260000000005,10.261355,2023-10-28 13:13:16.084564198,8.0,2023-10-28 13:15:00
3,3,43.39637833333334,10.220255,2023-10-28 13:27:44.501817347,7.8,2023-10-28 13:30:00
3,3,43.42152166666666,10.149278333333331,2023-10-28 13:55:35.086578468,7.4,2023-10-28 14:00:00
3,3,43.44840666666666,10.171335,2023-10-28 16:04:57.445335255,9.8,2023-10-28 16:00:00
3,3,43.43443,10.22912,2023-10-28 16:21:24.986825020,9.8,2023-10-28 16:15:00
3,3,43.434916666666666,10.30048,2023-10-28 16:50:45.421198957,4.4,2023-10-28 16:45:00
3,3,43.45097166666667,10.308135,2023-10-28 17:40:56.304826402,0.1,2023-10-28 17:45:00
3,3,43.45050333333334,10.308586666666669,2023-10-28 17:52:54.768527407,0.1,2023-10-28 18:00:00
3,3,43.45068166666667,10.308463333333332,2023-10-28 18:37:54.048529079,0.5,2023-10-28 18:45:00
3,3,43.450161666666666,10.308648333333334,2023-10-28 18:46:56.042918453,0.5,2023-10-28 18:45:00
3,3,43.453565000000005,10.306086666666666,2023-10-28 19:37:57.738051230,0.4,2023-10-28 19:45:00
3,3,43.45338666666667,10.306351666666666,2023-10-28 20:01:57.181808098,0.1,2023-10-28 20:00:00
3,3,43.453026666666666,10.306941666666669,2023-10-28 21:13:56.512527715,0.1,2023-10-28 21:15:00
3,3,43.453015,10.30688,2023-10-28 21:22:54.104304910,0.1,2023-10-28 21:30:00
3,3,43.45328333333334,10.306193333333333,2023-10-28 22:25:55.511992072,0.1,2023-10-28 22:30:00
3,3,43.453426666666665,10.306046666666669,2023-10-28 22:58:56.414198678,0.1,2023-10-28 23:00:00
3,3,43.45343333333334,10.30572,2023-10-28 23:37:57.626036069,0.1,2023-10-28 23:45:00
3,3,43.45345,10.305471666666667,2023-10-28 23:49:56.827967950,0.2,2023-10-28 23:45:00
3,3,43.453545,10.304661666666668,2023-10-29 00:47:00.821981984,0.2,2023-10-29 00:45:00
3,3,43.453388333333336,10.3032,2023-10-29 01:19:55.090160971,0.1,2023-10-29 01:15:00
3,3,43.45328,10.30257,2023-10-29 02:13:53.861055842,0.1,2023-10-29 02:15:00
3,3,43.453163333333336,10.302438333333331,2023-10-29 02:19:56.366803278,0.1,2023-10-29 02:15:00
3,3,43.453085,10.302216666666668,2023-10-29 03:40:57.637276058,0.1,2023-10-29 03:45:00
3,3,43.45303666666667,10.302136666666666,2023-10-29 04:43:58.703650330,0.1,2023-10-29 04:45:00
3,3,43.452891666666666,10.301898333333332,2023-10-29 04:49:55.924753713,0.2,2023-10-29 04:45:00
3,3,43.45304,10.301971666666669,2023-10-29 05:28:55.433433415,0.1,2023-10-29 05:30:00
3,3,43.44887833333333,10.29697,2023-10-29 05:59:54.027619233,4.7,2023-10-29 06:00:00
3,3,43.44066333333333,10.257523333333332,2023-10-29 06:23:04.128458505,3.2,2023-10-29 06:30:00
3,3,43.46699,10.246163333333334,2023-10-29 06:49:53.162795248,5.7,2023-10-29 06:45:00
3,3,43.51364,10.254905,2023-10-29 07:21:52.143701234,4.9,2023-10-29 07:15:00
3,3,43.55771,10.294355,2023-10-29 07:57:02.430504614,6.0,2023-10-29 08:00:00
3,3,43.571875,10.305733333333334,2023-10-29 08:16:12.496149948,1.7,2023-10-29 08:15:00
4,4,43.539975,10.281545,2023-10-01 13:01:31.878886210,6.3,2023-10-01 13:00:00
4,4,43.45641833333333,10.168201666666668,2023-10-01 13:39:41.221463330,12.1,2023-10-01 13:45:00
5,5,43.393755000000006,10.141873333333333,2023-10-16 09:13:29.160416814,8.7,2023-10-16 09:15:00
5,5,43.394695,10.122933333333332,2023-10-16 09:19:19.108623821,8.7,2023-10-16 09:15:00
5,5,43.456425,10.160406666666669,2023-10-16 09:51:59.155237614,9.2,2023-10-16 09:45:00
5,5,43.51956,10.253226666666666,2023-10-16 10:24:50.921668949,6.6,2023-10-16 10:30:00
5,5,43.57128,10.306168333333334,2023-10-16 10:59:08.929829065,5.6,2023-10-16 11:00:00
5,5,43.57837,10.306043333333331,2023-10-16 11:16:47.159512520,0.1,2023-10-16 11:15:00
5,5,43.57840333333333,10.306043333333331,2023-10-16 12:10:52.416430550,0.1,2023-10-16 12:15:00
5,5,43.57839166666667,10.306064999999998,2023-10-16 12:31:59.186107760,0.1,2023-10-16 12:30:00
5,5,43.57846333333334,10.306,2023-10-16 12:46:51.290509218,0.1,2023-10-16 12:45:00
5,5,43.57840166666666,10.306006666666669,2023-10-16 13:32:02.144382376,0.1,2023-10-16 13:30:00
5,5,43.578395,10.306006666666669,2023-10-16 13:58:49.665249672,0.1,2023-10-16 14:00:00
5,5,43.578385,10.306018333333332,2023-10-16 14:44:01.660062545,0.1,2023-10-16 14:45:00
5,5,43.57839333333333,10.306006666666669,2023-10-16 14:55:58.605341317,0.1,2023-10-16 15:00:00
5,5,43.578395,10.306001666666669,2023-10-16 16:38:02.409553946,0.1,2023-10-16 16:45:00
5,5,43.578455,10.306026666666666,2023-10-16 18:13:59.655897886,0.1,2023-10-16 18:15:00
5,5,43.57835,10.30605,2023-10-16 18:28:51.280061210,0.1,2023-10-16 18:30:00
5,5,43.578395,10.306016666666666,2023-10-16 18:55:58.898802779,0.1,2023-10-16 19:00:00
5,5,43.578395,10.306001666666669,2023-10-16 19:49:58.900433528,0.1,2023-10-16 19:45:00
5,5,43.57839333333333,10.306021666666668,2023-10-16 20:38:00.677673478,0.1,2023-10-16 20:45:00
5,5,43.57848833333333,10.306023333333334,2023-10-16 21:10:51.449443130,0.1,2023-10-16 21:15:00
5,5,43.57845333333333,10.305983333333334,2023-10-16 21:20:00.916693549,0.2,2023-10-16 21:15:00
5,5,43.57837,10.305983333333334,2023-10-16 22:02:01.501292379,0.1,2023-10-16 22:00:00
5,5,43.578395,10.306005,2023-10-16 22:34:52.399645986,0.1,2023-10-16 22:30:00
5,5,43.578388333333336,10.306013333333334,2023-10-16 22:52:50.599965409,0.1,2023-10-16 23:00:00
5,5,43.57839666666666,10.305996666666664,2023-10-16 23:40:50.489303060,0.1,2023-10-16 23:45:00
5,5,43.578355,10.30595,2023-10-17 00:08:02.942424629,0.1,2023-10-17 00:15:00
5,5,43.568963333333336,10.306581666666666,2023-10-17 00:28:25.526086061,2.8,2023-10-17 00:30:00
5,5,43.55849,10.297453333333332,2023-10-17 00:53:09.458616710,0.1,2023-10-17 01:00:00
5,5,43.55849666666666,10.297483333333334,2023-10-17 01:26:18.980154647,0.1,2023-10-17 01:30:00
5,5,43.55849666666666,10.297466666666669,2023-10-17 02:20:19.908848793,0.1,2023-10-17 02:15:00
5,5,43.558495,10.297471666666668,2023-10-17 03:35:12.093784912,0.1,2023-10-17 03:30:00
5,5,43.558501666666665,10.297471666666668,2023-10-17 04:08:22.380350876,0.1,2023-10-17 04:15:00
5,5,43.55849666666666,10.297498333333332,2023-10-17 05:08:20.971217971,0.1,2023-10-17 05:15:00
5,5,43.558501666666665,10.297483333333334,2023-10-17 05:35:10.674649288,0.1,2023-10-17 05:30:00
5,5,43.55850333333333,10.297485,2023-10-17 06:26:20.443057320,0.1,2023-10-17 06:30:00
5,5,43.558501666666665,10.297483333333334,2023-10-17 07:05:10.869770117,0.1,2023-10-17 07:00:00
5,5,43.55850833333333,10.297493333333334,2023-10-17 07:50:19.988936586,0.1,2023-10-17 07:45:00
5,5,43.558481666666665,10.297505,2023-10-17 08:53:10.252433220,0.1,2023-10-17 09:00:00
5,5,43.55851333333333,10.297478333333334,2023-10-17 09:26:22.381929669,0.1,2023-10-17 09:30:00
5,5,43.55847666666667,10.297506666666669,2023-10-17 09:47:08.890820966,0.1,2023-10-17 09:45:00
5,5,43.5585,10.2975,2023-10-17 10:17:09.896015488,0.1,2023-10-17 10:15:00
5,5,43.558505,10.2975,2023-10-17 11:05:10.217085672,0.1,2023-10-17 11:00:00
5,5,43.558495,10.297518333333333,2023-10-17 11:41:11.040857046,0.1,2023-10-17 11:45:00
5,5,43.55847000000001,10.297498333333332,2023-10-17 12:02:19.212494801,0.1,2023-10-17 12:00:00
5,5,43.55851333333333,10.297508333333331,2023-10-17 12:20:21.562408944,0.1,2023-10-17 12:15:00
5,5,43.558528333333335,10.29749,2023-10-17 13:05:11.491133686,0.1,2023-10-17 13:00:00
5,5,43.55850333333333,10.297478333333334,2023-10-17 13:44:19.027941326,0.1,2023-10-17 13:45:00
5,5,43.558501666666665,10.297496666666666,2023-10-17 14:08:21.308187215,0.1,2023-10-17 14:15:00
5,5,43.55849166666667,10.2975,2023-10-17 14:32:21.837944797,0.1,2023-10-17 14:30:00
5,5,43.558495,10.297478333333334,2023-10-17 14:56:20.440142695,0.1,2023-10-17 15:00:00
5,5,43.55850333333333,10.297493333333334,2023-10-17 15:41:10.613155969,0.1,2023-10-17 15:45:00
5,5,43.558495,10.297493333333334,2023-10-17 16:11:10.957163947,0.1,2023-10-17 16:15:00
5,5,43.53304666666667,10.256916666666664,2023-10-17 17:43:10.917227118,9.6,2023-10-17 17:45:00
5,5,43.517426666666665,10.213755,2023-10-17 17:56:11.622990089,9.8,2023-10-17 18:00:00
5,5,43.45107,10.121173333333331,2023-10-17 18:28:11.320129891,11.0,2023-10-17 18:30:00
5,5,43.42444166666667,10.122955,2023-10-26 16:44:01.561328150,9.7,2023-10-26 16:45:00
5,5,43.463175,10.178178333333332,2023-10-26 17:05:02.179948734,9.6,2023-10-26 17:00:00
5,5,43.48354333333334,10.207378333333333,2023-10-26 17:15:42.820735774,11.2,2023-10-26 17:15:00
5,5,43.57405833333333,10.305293333333331,2023-10-26 18:11:59.916605385,4.8,2023-10-26 18:15:00
5,5,43.57815666666667,10.305665,2023-10-26 18:17:01.854407409,0.6,2023-10-26 18:15:00
5,5,43.57868333333333,10.305953333333331,2023-10-26 19:42:40.628708094,0.1,2023-10-26 19:45:00
5,5,43.57867833333333,10.305966666666666,2023-10-26 20:03:50.691797981,0.1,2023-10-26 20:00:00
5,5,43.57872833333333,10.305971666666666,2023-10-26 20:33:52.313116233,0.1,2023-10-26 20:30:00
5,5,43.57874833333334,10.305963333333333,2023-10-26 20:54:43.765812082,0.1,2023-10-26 21:00:00
5,5,43.57869166666667,10.305928333333332,2023-10-26 22:12:42.455469682,0.1,2023-10-26 22:15:00
5,5,43.57869333333333,10.305961666666668,2023-10-26 22:39:51.922747529,0.1,2023-10-26 22:45:00
5,5,43.57869166666667,10.305935,2023-10-26 23:33:51.046349886,0.1,2023-10-26 23:30:00
5,5,43.578700000000005,10.30594,2023-10-27 00:21:51.233672427,0.1,2023-10-27 00:15:00
5,5,43.57869,10.30596,2023-10-27 00:45:52.411879283,0.1,2023-10-27 00:45:00
5,5,43.57868333333333,10.305965,2023-10-27 03:18:43.388369004,0.1,2023-10-27 03:15:00
5,5,43.578695,10.305966666666666,2023-10-27 04:06:42.789702606,0.1,2023-10-27 04:00:00
5,5,43.57869166666667,10.305961666666668,2023-10-27 04:18:41.210284903,0.1,2023-10-27 04:15:00
5,5,43.578685,10.30597,2023-10-27 05:24:44.366176256,0.1,2023-10-27 05:30:00
5,5,43.578696666666666,10.30597,2023-10-27 06:06:42.558267222,0.1,2023-10-27 06:00:00
5,5,43.578700000000005,10.305981666666666,2023-10-27 06:15:52.244027815,0.1,2023-10-27 06:15:00
5,5,43.57869333333333,10.305941666666666,2023-10-27 07:36:44.946929456,0.2,2023-10-27 07:30:00
5,5,43.578698333333335,10.305966666666666,2023-10-27 08:36:42.070359240,0.1,2023-10-27 08:30:00
5,5,43.57871333333333,10.305953333333331,2023-10-27 09:21:53.213341126,0.1,2023-10-27 09:15:00
5,5,43.57871333333333,10.305951666666664,2023-10-27 09:54:43.897948640,0.1,2023-10-27 10:00:00
5,5,43.578698333333335,10.305968333333334,2023-10-27 10:42:41.946766330,0.1,2023-10-27 10:45:00
5,5,43.578718333333335,10.305963333333333,2023-10-27 11:36:41.553296559,0.1,2023-10-27 11:30:00
5,5,43.57871333333333,10.305975,2023-10-27 12:24:45.368147984,0.1,2023-10-27 12:30:00
5,5,43.578698333333335,10.305981666666666,2023-10-27 12:45:52.885551709,0.1,2023-10-27 12:45:00
5,5,43.578685,10.30597,2023-10-27 13:36:42.084860783,0.1,2023-10-27 13:30:00
5,5,43.57868,10.30597,2023-10-27 13:51:50.490484326,0.1,2023-10-27 13:45:00
5,5,43.57868666666666,10.306016666666666,2023-10-27 14:42:42.268689273,0.1,2023-10-27 14:45:00
5,5,43.57872833333333,10.305975,2023-10-27 15:18:45.140804976,0.1,2023-10-27 15:15:00
5,5,43.57868833333334,10.305983333333334,2023-10-27 16:45:50.803701699,0.1,2023-10-27 16:45:00
5,5,43.57868833333334,10.306011666666668,2023-10-27 17:27:52.053344722,0.1,2023-10-27 17:30:00
5,5,43.57867,10.305956666666669,2023-10-27 18:24:44.163530012,0.1,2023-10-27 18:30:00
5,5,43.57870666666667,10.305946666666667,2023-10-27 21:09:51.756432173,0.1,2023-10-27 21:15:00
5,5,43.57872666666666,10.305945,2023-10-27 21:51:50.267323924,0.1,2023-10-27 21:45:00
5,5,43.57867,10.305965,2023-10-27 22:45:53.336231662,0.1,2023-10-27 22:45:00
5,5,43.57868666666666,10.305956666666669,2023-10-28 00:48:42.238171905,0.1,2023-10-28 00:45:00
5,5,43.578653333333335,10.30596,2023-10-28 01:57:54.056572986,0.1,2023-10-28 02:00:00
5,5,43.57868,10.305951666666664,2023-10-28 02:48:42.266540166,0.1,2023-10-28 02:45:00
5,5,43.57871166666666,10.305995,2023-10-28 03:45:54.508255367,0.1,2023-10-28 03:45:00
5,5,43.57869,10.305971666666666,2023-10-28 04:33:53.243594283,0.1,2023-10-28 04:30:00
5,5,43.578698333333335,10.305973333333332,2023-10-28 06:12:42.814774959,0.1,2023-10-28 06:15:00
5,5,43.57869166666667,10.305976666666668,2023-10-28 07:36:44.141579372,0.1,2023-10-28 07:30:00
5,5,43.57866166666667,10.305983333333334,2023-10-28 07:57:51.333285331,0.1,2023-10-28 08:00:00
5,5,43.57871166666666,10.305961666666668,2023-10-28 08:21:52.376300716,0.1,2023-10-28 08:15:00
5,5,43.572291666666665,10.306215,2023-10-28 09:00:58.282116440,3.8,2023-10-28 09:00:00
5,5,43.53149,10.24865,2023-10-28 09:43:06.391340583,8.5,2023-10-28 09:45:00
5,5,43.52123,10.228295,2023-10-28 09:50:53.014956451,8.8,2023-10-28 09:45:00
5,5,43.44213666666667,10.123851666666669,2023-10-28 10:33:17.814870892,9.9,2023-10-28 10:30:00
6,6,43.50451333333333,10.236913333333332,2023-10-18 02:58:49.186652901,10.8,2023-10-18 03:00:00
6,6,43.498915,10.267708333333331,2023-10-18 03:35:38.685649269,0.8,2023-10-18 03:30:00
6,6,43.51100333333333,10.266278333333334,2023-10-18 04:08:50.158968029,2.6,2023-10-18 04:15:00
6,6,43.52860333333333,10.263298333333331,2023-10-18 04:29:20.806741134,5.4,2023-10-18 04:30:00
6,6,43.573276666666665,10.314906666666667,2023-10-18 05:14:29.689473006,2.6,2023-10-18 05:15:00
6,6,43.579121666666666,10.317643333333333,2023-10-18 05:25:10.900099479,1.8,2023-10-18 05:30:00
6,6,43.58399333333333,10.31883,2023-10-18 18:08:21.812225528,0.1,2023-10-18 18:15:00
6,6,43.58402,10.318801666666667,2023-10-18 19:11:20.727995019,0.1,2023-10-18 19:15:00
6,6,43.58400833333334,10.3188,2023-10-19 04:17:20.337258371,0.1,2023-10-19 04:15:00
7,7,43.49646666666667,10.22091,2023-10-04 13:14:49.241473811,8.4,2023-10-04 13:15:00
7,7,43.50438333333333,10.233538333333334,2023-10-04 13:21:28.846179383,5.3,2023-10-04 13:15:00
7,7,43.541165,10.289653333333332,2023-10-04 14:07:38.432821870,6.3,2023-10-04 14:15:00
7,7,43.560993333333336,10.296423333333331,2023-10-04 14:29:58.473268040,1.8,2023-10-04 14:30:00
7,7,43.57004166666666,10.310578333333332,2023-10-09 06:49:34.269409487,5.1,2023-10-09 06:45:00
7,7,43.49741166666667,10.238826666666666,2023-10-09 07:44:24.573570180,4.7,2023-10-09 07:45:00
7,7,43.49167833333333,10.255318333333332,2023-10-09 08:02:32.253880555,0.4,2023-10-09 08:00:00
7,7,43.490586666666665,10.255296666666668,2023-10-09 08:23:07.444821090,0.2,2023-10-09 08:30:00
7,7,43.49068,10.25755,2023-10-09 08:59:07.567956220,0.2,2023-10-09 09:00:00
7,7,43.49098166666667,10.25794,2023-10-09 09:44:07.500684568,0.1,2023-10-09 09:45:00
7,7,43.49155333333333,10.258175,2023-10-09 10:35:13.347060112,0.1,2023-10-09 10:30:00
7,7,43.491753333333335,10.258165,2023-10-09 11:26:07.688061766,0.1,2023-10-09 11:30:00
7,7,43.49178666666667,10.258211666666666,2023-10-09 12:14:07.454469299,0.1,2023-10-09 12:15:00
7,7,43.491635,10.258316666666667,2023-10-09 14:14:07.478914367,0.1,2023-10-09 14:15:00
7,7,43.49172,10.258516666666669,2023-10-09 14:23:07.512067187,0.6,2023-10-09 14:30:00
7,7,43.55373333333333,10.292595,2023-10-09 15:12:35.683525027,1.9,2023-10-09 15:15:00
7,7,43.53969,10.283768333333336,2023-10-11 10:44:34.460160860,7.4,2023-10-11 10:45:00
7,7,43.51528166666667,10.22099,2023-10-11 11:02:14.477867233,12.4,2023-10-11 11:00:00
7,7,43.44066833333333,10.180953333333331,2023-10-11 11:26:25.449460431,12.4,2023-10-11 11:30:00
7,7,43.55946166666667,10.293685,2023-10-20 12:38:37.804988219,0.1,2023-10-20 12:45:00
7,7,43.559470000000005,10.293715,2023-10-20 13:35:39.365134996,0.1,2023-10-20 13:30:00
7,7,43.55947333333334,10.293711666666669,2023-10-20 14:53:38.073174742,0.1,2023-10-20 15:00:00
7,7,43.559455,10.293688333333334,2023-10-20 16:38:39.179259788,0.1,2023-10-20 16:45:00
7,7,43.55946166666667,10.293683333333332,2023-10-20 17:11:39.209422551,0.1,2023-10-20 17:15:00
7,7,43.55946,10.2937,2023-10-20 17:35:37.764069054,0.1,2023-10-20 17:30:00
7,7,43.559475,10.293691666666666,2023-10-20 19:56:40.123544186,0.1,2023-10-20 20:00:00
7,7,43.55944333333333,10.293681666666666,2023-10-21 10:35:40.898126000,0.1,2023-10-21 10:30:00
7,7,43.55930833333333,10.294275,2023-10-21 12:41:38.578733224,1.3,2023-10-21 12:45:00
7,7,43.56911,10.308866666666669,2023-10-21 13:01:57.264511477,2.5,2023-10-21 13:00:00
7,7,43.57586333333334,10.316416666666669,2023-10-21 13:16:47.439065417,1.8,2023-10-21 13:15:00
7,7,43.584113333333335,10.319451666666668,2023-10-21 13:46:25.183380195,0.1,2023-10-21 13:45:00
8,8,43.4617,10.176283333333334,2023-10-03 09:27:22.651940488,7.0,2023-10-03 09:30:00
8,8,43.47365,10.23185,2023-10-03 10:14:03.096285311,0.4,2023-10-03 10:15:00
8,8,43.47318333333333,10.232816666666668,2023-10-03 10:34:53.876552966,0.1,2023-10-03 10:30:00
8,8,43.4761,10.235233333333332,2023-10-03 11:14:33.445554754,0.2,2023-10-03 11:15:00
8,8,43.488733333333336,10.23655,2023-10-03 11:41:52.761071693,6.1,2023-10-03 11:45:00
8,8,43.537733333333335,10.283833333333332,2023-10-03 12:14:43.246042706,7.2,2023-10-03 12:15:00
8,8,43.55628333333333,10.2932,2023-10-03 12:27:23.224283764,5.0,2023-10-03 12:30:00
8,8,43.56391666666666,10.30245,2023-10-05 06:44:35.253917124,5.2,2023-10-05 06:45:00
8,8,43.52645,10.23695,2023-10-05 07:14:54.939318825,11.8,2023-10-05 07:15:00
8,8,43.51911666666667,10.213466666666667,2023-10-05 07:20:36.291607100,11.6,2023-10-05 07:15:00
9,9,43.42844333333333,10.206221666666666,2023-10-13 21:06:38.310563784,16.2,2023-10-13 21:00:00
9,9,43.51231,10.243505,2023-10-13 21:30:38.944182062,11.4,2023-10-13 21:30:00
9,9,43.57077833333334,10.311593333333333,2023-10-13 22:14:28.127656034,3.4,2023-10-13 22:15:00
9,9,43.57729666666667,10.316538333333334,2023-10-13 22:26:20.125774867,0.2,2023-10-13 22:30:00
9,9,43.57389666666666,10.315396666666668,2023-10-14 11:04:47.128145856,5.1,2023-10-14 11:00:00
9,9,43.53372666666667,10.2594,2023-10-14 11:34:38.943540942,10.2,2023-10-14 11:30:00
9,9,43.464325,10.211735,2023-10-14 11:59:34.655351533,15.6,2023-10-14 12:00:00
9,9,43.39649,10.218063333333331,2023-10-14 12:15:17.966173895,15.6,2023-10-14 12:15:00
9,9,43.46113666666667,10.205573333333332,2023-10-20 21:10:17.208110398,16.3,2023-10-20 21:15:00
9,9,43.51207,10.245463333333332,2023-10-20 21:26:04.311134244,11.8,2023-10-20 21:30:00
9,9,43.57462833333333,10.315948333333331,2023-10-20 22:12:45.631283100,4.3,2023-10-20 22:15:00
9,9,43.54888666666667,10.290825,2023-10-21 10:36:09.921127250,8.6,2023-10-21 10:30:00
9,9,43.528016666666666,10.237845,2023-10-21 10:55:18.933693916,10.1,2023-10-21 11:00:00
9,9,43.44130833333334,10.216158333333334,2023-10-21 11:19:12.057211990,16.0,2023-10-21 11:15:00
10,10,43.505813333333336,10.287615,2023-10-08 20:43:33.613131015,0.1,2023-10-08 20:45:00
10,10,43.50704833333334,10.286248333333331,2023-10-09 05:58:43.957180190,0.1,2023-10-09 06:00:00
10,10,43.50565666666667,10.287385,2023-10-09 08:25:42.993081035,0.1,2023-10-09 08:30:00
10,10,43.506373333333336,10.288461666666668,2023-10-09 21:07:43.867451284,0.1,2023-10-09 21:15:00
10,10,43.506705,10.288451666666669,2023-10-10 03:13:43.076336256,0.1,2023-10-10 03:15:00
10,10,43.50671666666666,10.288306666666667,2023-10-10 05:58:45.182930674,0.1,2023-10-10 06:00:00
10,10,43.50681166666666,10.288473333333334,2023-10-10 10:43:45.073662300,0.1,2023-10-10 10:45:00
10,10,43.506875,10.288581666666666,2023-10-10 14:43:52.989099112,0.1,2023-10-10 14:45:00
10,10,43.50671333333333,10.288608333333334,2023-10-10 15:13:51.134631105,0.1,2023-10-10 15:15:00
10,10,43.50683,10.288611666666666,2023-10-10 17:16:49.451527646,0.1,2023-10-10 17:15:00
10,10,43.506843333333336,10.288565,2023-10-10 18:28:53.725399621,0.1,2023-10-10 18:30:00
10,10,43.506843333333336,10.288523333333334,2023-10-10 19:13:51.058189149,0.1,2023-10-10 19:15:00
10,10,43.506771666666666,10.288516666666668,2023-10-10 19:55:49.480597720,0.1,2023-10-10 20:00:00
10,10,43.506825000000006,10.288571666666666,2023-10-11 18:13:56.468714212,0.1,2023-10-11 18:15:00
10,10,43.50663333333333,10.288545,2023-10-11 18:55:57.692842709,0.1,2023-10-11 19:00:00
10,10,43.50706,10.28834,2023-10-12 10:53:03.546573029,0.1,2023-10-12 11:00:00
10,10,43.506123333333335,10.287688333333334,2023-10-13 00:41:05.140967701,0.1,2023-10-13 00:45:00
10,10,43.507855,10.286145,2023-10-14 02:59:12.355603900,0.1,2023-10-14 03:00:00
10,10,43.50768166666667,10.286081666666666,2023-10-14 03:35:12.552393443,0.1,2023-10-14 03:30:00
10,10,43.50740666666666,10.285783333333336,2023-10-14 03:56:10.392744239,0.1,2023-10-14 04:00:00
10,10,43.50703,10.285418333333332,2023-10-14 05:29:14.445151550,0.1,2023-10-14 05:30:00
10,10,43.50760833333333,10.28594,2023-10-14 07:44:13.612264668,0.1,2023-10-14 07:45:00
10,10,43.50775166666666,10.286306666666666,2023-10-14 07:50:12.811206023,0.1,2023-10-14 07:45:00
10,10,43.50772,10.286085000000002,2023-10-14 09:02:14.168124710,0.1,2023-10-14 09:00:00
10,10,43.507963333333336,10.286925,2023-10-14 12:50:13.922739881,0.1,2023-10-14 12:45:00
10,10,43.50742833333334,10.288153333333334,2023-10-14 16:59:15.905936654,0.1,2023-10-14 17:00:00
10,10,43.50723166666667,10.288263333333331,2023-10-14 20:08:15.252722051,0.1,2023-10-14 20:15:00
10,10,43.50724666666667,10.288205,2023-10-14 20:26:16.794952667,0.1,2023-10-14 20:30:00
10,10,43.50756333333333,10.288091666666666,2023-10-14 20:50:14.830245976,0.1,2023-10-14 20:45:00
10,10,43.50765166666667,10.287971666666666,2023-10-14 21:41:15.037282847,0.1,2023-10-14 21:45:00
10,10,43.50796666666667,10.28763,2023-10-14 22:29:16.623487222,0.3,2023-10-14 22:30:00
10,10,43.50823333333334,10.287391666666668,2023-10-14 23:14:14.589132426,0.1,2023-10-14 23:15:00
10,10,43.50846833333333,10.28726,2023-10-14 23:41:15.061825125,0.4,2023-10-14 23:45:00
10,10,43.50843333333333,10.287503333333332,2023-10-15 00:08:18.172267745,0.2,2023-10-15 00:15:00
10,10,43.50848166666666,10.287333333333333,2023-10-15 00:20:18.338862268,0.4,2023-10-15 00:15:00
10,10,43.50854,10.28748,2023-10-15 01:14:18.824336801,0.1,2023-10-15 01:15:00
10,10,43.508590000000005,10.287346666666668,2023-10-15 01:23:19.171648192,0.3,2023-10-15 01:30:00
10,10,43.50859833333333,10.287858333333332,2023-10-15 01:56:22.544222445,0.4,2023-10-15 02:00:00
10,10,43.508445,10.288205,2023-10-15 02:32:18.749298314,0.2,2023-10-15 02:30:00
10,10,43.50801833333333,10.288701666666666,2023-10-15 02:59:18.753071402,0.3,2023-10-15 03:00:00
10,10,43.50823833333333,10.288611666666666,2023-10-15 03:26:17.246665958,0.5,2023-10-15 03:30:00
10,10,43.50830166666666,10.288855000000002,2023-10-15 04:05:18.385974510,0.2,2023-10-15 04:00:00
10,10,43.50850166666667,10.288485,2023-10-15 04:35:17.955108944,0.7,2023-10-15 04:30:00
10,10,43.50821666666666,10.288776666666667,2023-10-15 04:50:20.668636111,0.3,2023-10-15 04:45:00
10,10,43.50821666666666,10.288798333333334,2023-10-15 05:38:18.031962580,0.5,2023-10-15 05:45:00
10,10,43.50853,10.288538333333332,2023-10-15 06:05:15.927333938,0.3,2023-10-15 06:00:00
10,10,43.50812333333333,10.288891666666666,2023-10-15 06:35:21.454042743,0.6,2023-10-15 06:30:00
10,10,43.508445,10.288656666666666,2023-10-15 07:08:15.910865868,0.4,2023-10-15 07:15:00
10,10,43.50826333333334,10.288810000000002,2023-10-15 07:32:19.189566303,0.4,2023-10-15 07:30:00
10,10,43.50790333333334,10.289088333333332,2023-10-15 08:11:21.632017958,0.1,2023-10-15 08:15:00
10,10,43.50830166666666,10.288781666666669,2023-10-15 08:29:22.359919118,0.7,2023-10-15 08:30:00
10,10,43.50827666666667,10.288776666666667,2023-10-15 08:59:19.454411779,0.5,2023-10-15 09:00:00
10,10,43.508138333333335,10.288851666666666,2023-10-15 09:29:24.029389308,0.4,2023-10-15 09:30:00
10,10,43.506325,10.284681666666668,2023-10-16 09:17:26.058385538,0.1,2023-10-16 09:15:00
10,10,43.506175,10.284748333333331,2023-10-16 10:08:29.375827949,0.1,2023-10-16 10:15:00
10,10,43.506238333333336,10.284696666666669,2023-10-16 10:29:30.127480457,0.2,2023-10-16 10:30:00
10,10,43.50616333333333,10.284736666666667,2023-10-16 10:53:30.915337410,0.2,2023-10-16 11:00:00
10,10,43.50639666666667,10.284621666666668,2023-10-16 11:17:22.249134125,0.2,2023-10-16 11:15:00
10,10,43.506705,10.28455,2023-10-16 12:05:26.930832992,0.1,2023-10-16 12:00:00
10,10,43.50622833333333,10.284793333333331,2023-10-16 12:38:22.287912277,0.1,2023-10-16 12:45:00
10,10,43.506348333333335,10.284743333333331,2023-10-16 12:47:30.922791010,0.3,2023-10-16 12:45:00
10,10,43.50602833333333,10.284913333333332,2023-10-16 13:26:25.747449551,0.1,2023-10-16 13:30:00
10,10,43.506685,10.286498333333332,2023-10-16 13:58:39.805388753,2.4,2023-10-16 14:00:00
10,10,43.56394833333333,10.302673333333331,2023-10-16 14:35:10.560981716,5.1,2023-10-16 14:30:00
10,10,43.571365,10.312626666666668,2023-10-16 14:47:30.129062930,3.1,2023-10-16 14:45:00
10,10,43.562466666666666,10.301055,2023-10-20 13:35:51.497568557,8.4,2023-10-20 13:30:00
10,10,43.53087333333334,10.260013333333337,2023-10-20 14:01:53.697807670,7.2,2023-10-20 14:00:00
10,10,43.48809833333333,10.177511666666668,2023-10-20 14:31:54.668300023,8.8,2023-10-20 14:30:00
10,10,43.46399666666667,10.149526666666668,2023-10-20 14:45:04.133929589,8.5,2023-10-20 14:45:00
11,11,43.499305,10.238136666666666,2023-10-02 07:14:16.007264831,14.4,2023-10-02 07:15:00
11,11,43.539505,10.28714,2023-10-02 07:41:19.045589538,5.7,2023-10-02 07:45:00
11,11,43.56728833333333,10.306625,2023-10-02 08:04:49.476406541,3.3,2023-10-02 08:00:00
11,11,43.55701833333333,10.293848333333331,2023-10-03 00:14:36.779239163,5.7,2023-10-03 00:15:00
11,11,43.52704000000001,10.23656,2023-10-03 00:44:46.516454088,9.6,2023-10-03 00:45:00
11,11,43.50528666666666,10.131211666666667,2023-10-03 01:06:15.448254675,14.8,2023-10-03 01:00:00
12,12,43.39384833333334,10.180528333333331,2023-10-25 09:09:50.140327620,3.9,2023-10-25 09:15:00
12,12,43.396445,10.198343333333334,2023-10-25 09:20:38.435171673,4.3,2023-10-25 09:15:00
12,12,43.41167833333333,10.229386666666668,2023-10-25 10:02:30.146235227,4.9,2023-10-25 10:00:00
12,12,43.428581666666666,10.185085,2023-10-25 10:37:37.961537849,7.6,2023-10-25 10:45:00
12,12,43.475835,10.210071666666666,2023-10-25 11:01:49.228625646,5.5,2023-10-25 11:00:00
12,12,43.50831333333333,10.235428333333337,2023-10-25 11:33:57.502957266,5.5,2023-10-25 11:30:00
12,12,43.543353333333336,10.290501666666668,2023-10-25 12:02:50.197437064,6.9,2023-10-25 12:00:00
12,12,43.5707,10.311696666666668,2023-10-25 12:32:27.308909519,2.0,2023-10-25 12:30:00
12,12,43.58183333333333,10.31835,2023-10-25 12:55:18.975221037,0.9,2023-10-25 13:00:00
12,12,43.54742,10.291326666666668,2023-10-26 19:42:07.775809639,5.5,2023-10-26 19:45:00
12,12,43.52459,10.233448333333332,2023-10-26 20:04:27.865311883,10.5,2023-10-26 20:00:00
12,12,43.48320833333333,10.174376666666666,2023-10-26 20:25:47.753211019,9.9,2023-10-26 20:30:00
12,12,43.43986333333333,10.123503333333334,2023-10-26 20:46:28.296615653,10.0,2023-10-26 20:45:00
13,13,43.48016166666666,10.177713333333331,2023-10-11 18:44:44.561554666,11.0,2023-10-11 18:45:00
13,13,43.48517666666667,10.235431666666669,2023-10-11 18:58:55.360662401,10.2,2023-10-11 19:00:00
13,13,43.487515,10.294976666666669,2023-10-11 19:43:51.093904772,0.3,2023-10-11 19:45:00
13,13,43.487605,10.294808333333332,2023-10-11 19:49:51.066101980,0.1,2023-10-11 19:45:00
13,13,43.487785,10.294851666666666,2023-10-11 20:16:51.115746822,0.1,2023-10-11 20:15:00
13,13,43.48791166666667,10.294815,2023-10-11 21:37:51.051378626,0.1,2023-10-11 21:45:00
13,13,43.487825,10.294788333333337,2023-10-11 22:13:51.095381754,0.1,2023-10-11 22:15:00
13,13,43.54061166666667,10.288793333333333,2023-10-12 07:44:34.099137636,9.9,2023-10-12 07:45:00
13,13,43.55613166666667,10.293421666666667,2023-10-12 07:51:45.709983861,6.0,2023-10-12 07:45:00
13,13,43.58262166666667,10.318313333333332,2023-10-12 11:26:43.895774129,0.1,2023-10-12 11:30:00
13,13,43.582605,10.318058333333331,2023-10-12 19:26:44.661257698,0.1,2023-10-12 19:30:00
13,13,43.58260166666666,10.318278333333334,2023-10-12 21:50:44.775839553,0.1,2023-10-12 21:45:00
13,13,43.58263,10.318216666666666,2023-10-12 22:44:44.189321835,0.1,2023-10-12 22:45:00
13,13,43.57871166666666,10.31751,2023-10-13 04:46:26.395894714,4.5,2023-10-13 04:45:00
13,13,43.56794333333333,10.306908333333332,2023-10-13 05:17:23.406061054,4.1,2023-10-13 05:15:00
13,13,43.52583333333334,10.225701666666668,2023-10-13 05:55:43.976851639,9.8,2023-10-13 06:00:00
13,13,43.50545666666667,10.143786666666667,2023-10-13 06:16:03.785799513,11.4,2023-10-13 06:15:00
14,14,43.48446166666667,10.273826666666668,2023-10-19 17:01:18.134398788,4.9,2023-10-19 17:00:00
14,14,43.48659166666666,10.280841666666667,2023-10-19 17:34:39.435696781,0.2,2023-10-19 17:30:00
14,14,43.48657333333333,10.281066666666668,2023-10-19 18:13:36.429758569,0.2,2023-10-19 18:15:00
14,14,43.486555,10.28097,2023-10-19 18:34:33.099115869,0.2,2023-10-19 18:30:00
14,14,43.486555,10.281216666666667,2023-10-19 19:04:38.300019396,0.2,2023-10-19 19:00:00
14,14,43.48654,10.281406666666667,2023-10-19 19:31:39.242792330,0.1,2023-10-19 19:30:00
14,14,43.48659666666666,10.281168333333332,2023-10-19 20:10:36.494785976,0.4,2023-10-19 20:15:00
14,14,43.486585,10.281298333333332,2023-10-19 20:28:40.666538999,0.3,2023-10-19 20:30:00
14,14,43.48663833333333,10.281481666666668,2023-10-19 21:01:39.314523578,0.3,2023-10-19 21:00:00
14,14,43.48663333333333,10.281163333333334,2023-10-19 21:37:37.354014412,0.3,2023-10-19 21:45:00
14,14,43.48658833333333,10.281036666666669,2023-10-19 22:10:40.144784550,0.1,2023-10-19 22:15:00
14,14,43.486585,10.280961666666666,2023-10-19 22:16:39.224964512,0.2,2023-10-19 22:15:00
14,14,43.48657333333333,10.280926666666666,2023-10-19 23:13:39.529759350,0.3,2023-10-19 23:15:00
14,14,43.48664833333333,10.2815,2023-10-19 23:37:39.837274550,0.3,2023-10-19 23:45:00
14,14,43.48666,10.281323333333336,2023-10-19 23:58:43.744539433,0.1,2023-10-20 00:00:00
14,14,43.486675,10.281461666666669,2023-10-20 00:19:41.537827712,0.4,2023-10-20 00:15:00
14,14,43.48668,10.281338333333334,2023-10-20 00:49:40.578819741,0.4,2023-10-20 00:45:00
14,14,43.48666333333333,10.281343333333332,2023-10-20 01:31:40.801585306,0.3,2023-10-20 01:30:00
14,14,43.48670833333333,10.281383333333334,2023-10-20 01:58:41.905646099,0.2,2023-10-20 02:00:00
14,14,43.48671,10.28138,2023-10-20 02:16:41.629618829,0.8,2023-10-20 02:15:00
14,14,43.48687666666667,10.281746666666669,2023-10-20 03:01:45.997699668,0.3,2023-10-20 03:00:00
14,14,43.48694166666667,10.281471666666668,2023-10-20 03:16:42.727490231,0.4,2023-10-20 03:15:00
14,14,43.48703666666667,10.281555,2023-10-20 03:58:41.614400859,0.4,2023-10-20 04:00:00
14,14,43.487525,10.281398333333334,2023-10-20 04:16:35.816180088,0.8,2023-10-20 04:15:00
14,14,43.487725,10.281111666666668,2023-10-20 04:55:41.527517301,0.2,2023-10-20 05:00:00
14,14,43.48778333333333,10.28114,2023-10-20 05:28:40.968286178,0.2,2023-10-20 05:30:00
14,14,43.488605,10.281313333333332,2023-10-20 06:10:35.700539242,0.2,2023-10-20 06:15:00
14,14,43.48865166666667,10.281368333333337,2023-10-20 06:22:39.174074666,0.4,2023-10-20 06:30:00
14,14,43.48875833333333,10.280995,2023-10-20 07:10:38.521286189,0.5,2023-10-20 07:15:00
14,14,43.48875,10.281126666666667,2023-10-20 07:16:39.695075616,0.2,2023-10-20 07:15:00
14,14,43.48901833333333,10.28101,2023-10-20 07:52:42.259638936,0.2,2023-10-20 08:00:00
14,14,43.48944333333333,10.280838333333332,2023-10-20 08:28:46.587828379,0.7,2023-10-20 08:30:00
14,14,43.48955166666666,10.281273333333331,2023-10-20 08:46:38.172237091,0.4,2023-10-20 08:45:00
14,14,43.48966166666666,10.281365,2023-10-20 09:40:44.126475015,0.4,2023-10-20 09:45:00
14,14,43.48949,10.281548333333337,2023-10-20 09:46:39.683578256,0.2,2023-10-20 09:45:00
14,14,43.48955166666666,10.281353333333334,2023-10-20 10:16:41.507186305,0.4,2023-10-20 10:15:00
14,14,43.489505,10.28123,2023-10-20 10:58:41.234084383,0.3,2023-10-20 11:00:00
14,14,43.48947833333333,10.281086666666663,2023-10-20 11:19:39.749517184,0.3,2023-10-20 11:15:00
14,14,43.48950666666666,10.281820000000002,2023-10-20 11:58:43.949521442,0.2,2023-10-20 12:00:00
14,14,43.489425,10.281881666666669,2023-10-20 12:37:45.569506730,0.2,2023-10-20 12:45:00
14,14,43.488481666666665,10.283451666666668,2023-10-20 13:10:42.027728488,0.5,2023-10-20 13:15:00
14,14,43.48800666666667,10.283583333333333,2023-10-20 13:34:43.431058848,0.2,2023-10-20 13:30:00
14,14,43.488463333333335,10.283373333333332,2023-10-20 14:01:44.566155174,0.3,2023-10-20 14:00:00
14,14,43.48882166666667,10.283156666666668,2023-10-20 14:16:43.374343531,0.4,2023-10-20 14:15:00
14,14,43.48866,10.283341666666669,2023-10-20 14:49:44.868832583,0.2,2023-10-20 14:45:00
14,14,43.48883666666666,10.283246666666669,2023-10-20 15:16:43.168594345,0.2,2023-10-20 15:15:00
14,14,43.48827000000001,10.283788333333332,2023-10-20 15:46:42.888345175,0.3,2023-10-20 15:45:00
14,14,43.48809666666667,10.284016666666668,2023-10-20 16:37:42.508429575,0.7,2023-10-20 16:45:00
14,14,43.488175,10.283978333333332,2023-10-20 17:10:46.883945528,0.2,2023-10-20 17:15:00
14,14,43.48821,10.283928333333334,2023-10-20 17:19:45.235044456,0.5,2023-10-20 17:15:00
14,14,43.48840666666667,10.2839,2023-10-20 17:52:39.655814425,0.5,2023-10-20 18:00:00
14,14,43.488036666666666,10.284026666666668,2023-10-20 18:28:39.277784217,0.4,2023-10-20 18:30:00
14,14,43.488216666666666,10.283963333333332,2023-10-20 18:46:46.404189884,0.5,2023-10-20 18:45:00
14,14,43.48830833333333,10.283761666666669,2023-10-20 19:16:42.624775877,0.3,2023-10-20 19:15:00
14,14,43.48845833333333,10.283741666666666,2023-10-20 19:58:47.178446440,0.2,2023-10-20 20:00:00
14,14,43.48851166666667,10.283449999999998,2023-10-20 20:31:44.948379330,0.2,2023-10-20 20:30:00
14,14,43.488463333333335,10.283871666666666,2023-10-20 21:10:43.150809804,0.3,2023-10-20 21:15:00
14,14,43.488385,10.283798333333332,2023-10-20 21:25:48.031148367,0.3,2023-10-20 21:30:00
14,14,43.48831499999999,10.283825,2023-10-20 21:52:46.822364673,0.4,2023-10-20 22:00:00
14,14,43.48849833333334,10.283776666666666,2023-10-20 22:43:43.462556552,0.2,2023-10-20 22:45:00
14,14,43.48836833333333,10.283926666666668,2023-10-20 23:01:46.106795369,0.4,2023-10-20 23:00:00
14,14,43.48831499999999,10.283945,2023-10-20 23:40:45.073891072,0.3,2023-10-20 23:45:00
14,14,43.48836666666667,10.283935,2023-10-21 00:04:43.367052258,0.3,2023-10-21 00:00:00
14,14,43.48832166666667,10.28393,2023-10-21 00:28:45.208377976,0.4,2023-10-21 00:30:00
14,14,43.48851666666667,10.283853333333331,2023-10-21 00:46:46.615504349,0.4,2023-10-21 00:45:00
14,14,43.48853,10.28386,2023-10-21 01:19:42.070272045,0.3,2023-10-21 01:15:00
14,14,43.48862,10.283636666666666,2023-10-21 01:49:48.766778927,0.3,2023-10-21 01:45:00
14,14,43.48865,10.283636666666666,2023-10-21 02:28:49.817357230,0.3,2023-10-21 02:30:00
14,14,43.48900833333333,10.283106666666669,2023-10-21 03:13:45.120747045,0.3,2023-10-21 03:15:00
14,14,43.48883333333333,10.283251666666668,2023-10-21 03:19:45.152389693,0.3,2023-10-21 03:15:00
14,14,43.48865,10.28359,2023-10-21 04:04:48.504355449,0.2,2023-10-21 04:00:00
14,14,43.48881833333333,10.283296666666669,2023-10-21 04:40:48.823282781,0.5,2023-10-21 04:45:00
14,14,43.488885,10.283221666666666,2023-10-21 05:13:41.677060393,0.3,2023-10-21 05:15:00
14,14,43.48894833333333,10.283138333333332,2023-10-21 05:31:47.574391308,0.4,2023-10-21 05:30:00
14,14,43.488975,10.282828333333333,2023-10-21 05:49:47.384185049,0.2,2023-10-21 05:45:00
14,14,43.48903,10.282896666666666,2023-10-21 06:31:46.760079231,0.4,2023-10-21 06:30:00
14,14,43.48895666666667,10.282978333333334,2023-10-21 07:07:46.346650437,0.3,2023-10-21 07:15:00
14,14,43.489003333333336,10.28298,2023-10-21 07:22:50.866979978,0.3,2023-10-21 07:30:00
14,14,43.48913833333334,10.282343333333332,2023-10-21 07:55:44.750529478,0.3,2023-10-21 08:00:00
14,14,43.48924,10.282361666666668,2023-10-21 08:37:49.261826991,0.6,2023-10-21 08:45:00
14,14,43.48913166666667,10.282565,2023-10-21 08:55:50.518318296,0.3,2023-10-21 09:00:00
14,14,43.48907166666667,10.282878333333334,2023-10-21 09:31:46.199058675,0.2,2023-10-21 09:30:00
14,14,43.48900666666667,10.282881666666666,2023-10-21 10:01:47.036592143,0.3,2023-10-21 10:00:00
14,14,43.48818333333334,10.283803333333331,2023-10-21 10:22:53.869114756,0.3,2023-10-21 10:30:00
14,14,43.487118333333335,10.283341666666669,2023-10-21 10:55:49.628771666,0.4,2023-10-21 11:00:00
14,14,43.486248333333336,10.27954,2023-10-21 11:31:48.846878883,0.2,2023-10-21 11:30:00
14,14,43.486331666666665,10.281305,2023-10-21 11:53:09.102091288,2.2,2023-10-21 12:00:00
14,14,43.521838333333335,10.26284,2023-10-21 12:31:28.687832373,5.5,2023-10-21 12:30:00
14,14,43.56115166666667,10.296598333333332,2023-10-21 13:02:08.907330477,1.0,2023-10-21 13:00:00
15,15,43.43545,10.13595,2023-10-19 04:09:11.973731175,6.7,2023-10-19 04:15:00
15,15,43.444966666666666,10.15015,2023-10-19 04:16:39.234790172,6.6,2023-10-19 04:15:00
15,15,43.470666666666666,10.17445,2023-10-19 04:55:41.471746585,0.6,2023-10-19 05:00:00
15,15,43.57065,10.306733333333334,2023-10-21 06:05:55.318206381,2.0,2023-10-21 06:00:00
15,15,43.54038333333333,10.288866666666667,2023-10-21 06:39:36.046476251,3.6,2023-10-21 06:45:00
15,15,43.53815,10.2789,2023-10-21 06:45:57.995660795,5.0,2023-10-21 06:45:00
15,15,43.50321666666667,10.148866666666668,2023-10-21 07:15:06.510379266,19.2,2023-10-21 07:15:00
16,16,43.483556666666665,10.265265,2023-10-01 01:37:58.301181203,4.8,2023-10-01 01:45:00
16,16,43.49035166666667,10.281723333333334,2023-10-01 02:23:20.214953102,0.1,2023-10-01 02:30:00
16,16,43.488985,10.281995,2023-10-01 03:56:17.886076771,0.1,2023-10-01 04:00:00
16,16,43.48855666666667,10.282851666666666,2023-10-01 04:17:17.635363465,0.1,2023-10-01 04:15:00
16,16,43.48923,10.284666666666668,2023-10-01 05:14:19.539825823,0.1,2023-10-01 05:15:00
16,16,43.48913166666667,10.284528333333332,2023-10-01 06:44:16.681334389,0.1,2023-10-01 06:45:00
16,16,43.488605,10.283168333333332,2023-10-01 07:14:21.946059689,0.1,2023-10-01 07:15:00
16,16,43.50286833333333,10.277618333333333,2023-10-01 12:14:33.308870856,5.8,2023-10-01 12:15:00
16,16,43.508471666666665,10.274136666666667,2023-10-01 12:18:33.092126207,5.0,2023-10-01 12:15:00
16,16,43.55885166666667,10.294841666666668,2023-10-01 13:01:53.370135461,2.4,2023-10-01 13:00:00
16,16,43.52479166666667,10.238143333333332,2023-10-03 13:13:30.284913559,8.3,2023-10-03 13:15:00
16,16,43.48650333333333,10.177321666666668,2023-10-03 13:35:19.304489374,12.0,2023-10-03 13:30:00
16,16,43.45624333333333,10.148166666666668,2023-10-03 13:45:58.919310466,12.6,2023-10-03 13:45:00
17,17,43.45470666666667,10.145381666666667,2023-10-05 01:29:32.831968728,2.6,2023-10-05 01:30:00
17,17,43.45769166666666,10.130793333333337,2023-10-05 08:44:14.162117796,0.6,2023-10-05 08:45:00
17,17,43.45934,10.133586666666668,2023-10-05 09:14:43.249326342,0.3,2023-10-05 09:15:00
17,17,43.45952333333333,10.134118333333332,2023-10-05 09:19:53.533488773,0.3,2023-10-05 09:15:00
17,17,43.46031333333334,10.139283333333331,2023-10-05 10:08:14.973627708,0.8,2023-10-05 10:15:00
17,17,43.46012,10.141933333333332,2023-10-05 10:31:54.262199492,0.2,2023-10-05 10:30:00
17,17,43.45998,10.1475,2023-10-05 11:14:33.369654696,0.4,2023-10-05 11:15:00
17,17,43.46023666666667,10.152223333333334,2023-10-05 11:44:33.498793251,0.4,2023-10-05 11:45:00
17,17,43.46038833333333,10.15588,2023-10-05 12:05:43.900720686,0.4,2023-10-05 12:00:00
17,17,43.46085166666667,10.15998,2023-10-05 12:28:54.701557337,0.5,2023-10-05 12:30:00
17,17,43.4617,10.168028333333332,2023-10-05 13:14:04.036031433,0.4,2023-10-05 13:15:00
17,17,43.46175166666667,10.168233333333337,2023-10-05 13:15:14.756977326,0.4,2023-10-05 13:15:00
17,17,43.462248333333335,10.176761666666666,2023-10-05 14:01:23.650825336,0.4,2023-10-05 14:00:00
17,17,43.462765,10.184508333333332,2023-10-05 14:44:44.069866880,0.8,2023-10-05 14:45:00
17,17,43.462761666666665,10.184868333333332,2023-10-05 14:46:53.818765873,2.4,2023-10-05 14:45:00
17,17,43.462545,10.193063333333331,2023-10-05 15:33:03.093303028,0.4,2023-10-05 15:30:00
17,17,43.462876666666666,10.197683333333334,2023-10-05 15:55:44.538211399,3.8,2023-10-05 16:00:00
17,17,43.46379,10.206543333333334,2023-10-05 16:41:22.422822047,0.5,2023-10-05 16:45:00
17,17,43.46282166666666,10.212483333333331,2023-10-05 17:14:23.153560813,1.2,2023-10-05 17:15:00
17,17,43.46239666666667,10.214706666666666,2023-10-05 17:25:43.449506659,0.5,2023-10-05 17:30:00
17,17,43.46171833333334,10.219618333333331,2023-10-05 17:48:53.087847959,0.5,2023-10-05 17:45:00
17,17,43.459896666666666,10.229206666666666,2023-10-05 18:34:04.503926674,1.5,2023-10-05 18:30:00
17,17,43.45859333333333,10.204943333333334,2023-10-05 19:14:54.373636865,3.7,2023-10-05 19:15:00
17,17,43.45502333333333,10.18362,2023-10-05 19:23:44.155136004,7.7,2023-10-05 19:30:00
17,17,43.45457666666667,10.134828333333331,2023-10-05 21:07:32.299779453,0.6,2023-10-05 21:15:00
17,17,43.42265166666667,10.13344,2023-10-06 16:41:33.444453716,0.6,2023-10-06 16:45:00
17,17,43.42159166666667,10.139176666666666,2023-10-06 17:07:13.172899261,0.6,2023-10-06 17:00:00
17,17,43.41867,10.143893333333333,2023-10-06 17:33:22.197008967,0.7,2023-10-06 17:30:00
17,17,43.41234,10.1482,2023-10-06 18:14:02.863576359,0.8,2023-10-06 18:15:00
17,17,43.41049833333333,10.14923,2023-10-06 18:26:12.035884299,0.4,2023-10-06 18:30:00
17,17,43.40653,10.152081666666668,2023-10-06 18:52:33.089938706,0.7,2023-10-06 19:00:00
17,17,43.39819166666667,10.156781666666664,2023-10-06 19:44:54.067087979,0.7,2023-10-06 19:45:00
17,17,43.39802,10.156871666666666,2023-10-06 19:45:53.334787211,0.7,2023-10-06 19:45:00
18,18,43.50401333333333,10.2392,2023-10-02 03:44:50.429544740,0.7,2023-10-02 03:45:00
18,18,43.50504333333333,10.236778333333332,2023-10-02 04:14:40.969275003,0.1,2023-10-02 04:15:00
18,18,43.51728666666667,10.253813333333332,2023-10-02 04:35:00.886893836,5.7,2023-10-02 04:30:00
18,18,43.54563666666666,10.291146666666666,2023-10-02 04:58:20.779657176,5.3,2023-10-02 05:00:00
18,18,43.57534833333333,10.305128333333332,2023-10-03 05:44:23.612163474,2.9,2023-10-03 05:45:00
18,18,43.57444666666667,10.305373333333334,2023-10-03 05:45:24.452438472,3.2,2023-10-03 05:45:00
18,18,43.507825,10.188668333333334,2023-10-03 06:44:33.069105176,16.1,2023-10-03 06:45:00
18,18,43.501828333333336,10.133693333333332,2023-10-03 06:53:34.419915639,17.2,2023-10-03 07:00:00
19,19,43.48102333333333,10.210588333333334,2023-10-21 03:14:57.465775089,8.4,2023-10-21 03:15:00
19,19,43.481235,10.213631666666666,2023-10-21 03:15:58.525462449,8.0,2023-10-21 03:15:00
19,19,43.47720833333334,10.275648333333333,2023-10-21 03:51:35.974282626,2.3,2023-10-21 03:45:00
19,19,43.47341166666667,10.283113333333334,2023-10-21 05:21:16.030345816,0.2,2023-10-21 05:15:00
19,19,43.47379333333333,10.28235,2023-10-21 06:39:16.863172343,0.1,2023-10-21 06:45:00
19,19,43.473645000000005,10.282648333333333,2023-10-21 06:45:17.221852918,0.1,2023-10-21 06:45:00
19,19,43.473866666666666,10.282011666666667,2023-10-21 07:57:12.687793545,0.1,2023-10-21 08:00:00
19,19,43.473933333333335,10.281691666666667,2023-10-21 08:30:17.110255178,0.1,2023-10-21 08:30:00
19,19,43.47370333333333,10.28246,2023-10-21 09:42:15.158242061,0.1,2023-10-21 09:45:00
19,19,43.472541666666665,10.283968333333332,2023-10-21 10:36:17.582285551,0.1,2023-10-21 10:30:00
19,19,43.47043,10.28288,2023-10-21 11:18:16.195037352,0.6,2023-10-21 11:15:00
19,19,43.46948,10.281636666666666,2023-10-21 12:24:15.530073605,0.2,2023-10-21 12:30:00
19,19,43.46972333333333,10.280955,2023-10-21 12:57:17.537348373,0.1,2023-10-21 13:00:00
19,19,43.46965333333333,10.281988333333334,2023-10-21 13:15:10.726340790,0.2,2023-10-21 13:15:00
19,19,43.47280833333333,10.283268333333332,2023-10-21 14:03:20.039315354,0.2,2023-10-21 14:00:00
19,19,43.47366,10.280745,2023-10-21 15:00:19.688993569,0.1,2023-10-21 15:00:00
19,19,43.473486666666666,10.28254,2023-10-21 15:42:16.096530413,0.1,2023-10-21 15:45:00
19,19,43.473745,10.281866666666668,2023-10-21 16:48:19.295099098,0.2,2023-10-21 16:45:00
19,19,43.47270833333334,10.28385,2023-10-21 20:45:22.062747536,0.1,2023-10-21 20:45:00
19,19,43.47242000000001,10.28417,2023-10-21 21:36:17.562501356,0.1,2023-10-21 21:30:00
19,19,43.472566666666665,10.284056666666666,2023-10-21 22:15:22.060332568,0.1,2023-10-21 22:15:00
19,19,43.472971666666666,10.284301666666666,2023-10-25 08:30:39.662345183,0.1,2023-10-25 08:30:00
19,19,43.47345666666667,10.2839,2023-10-25 09:09:42.625297678,0.1,2023-10-25 09:15:00
19,19,43.47338333333333,10.283936666666667,2023-10-25 09:21:40.974142638,0.1,2023-10-25 09:15:00
19,19,43.473553333333335,10.283668333333331,2023-10-25 11:00:39.633586381,0.1,2023-10-25 11:00:00
19,19,43.473775,10.283515,2023-10-25 11:33:40.340663884,0.1,2023-10-25 11:30:00
19,19,43.473565,10.283836666666668,2023-10-25 11:51:41.829353966,0.1,2023-10-25 11:45:00
19,19,43.47285333333333,10.281988333333334,2023-10-25 13:03:41.629021350,0.5,2023-10-25 13:00:00
19,19,43.47536333333333,10.273068333333333,2023-10-25 13:25:18.069238172,4.4,2023-10-25 13:30:00
19,19,43.52434,10.262085,2023-10-25 14:05:17.880902904,4.2,2023-10-25 14:00:00
19,19,43.55426833333333,10.29315,2023-10-25 14:39:05.070514674,1.8,2023-10-25 14:45:00
19,19,43.559560000000005,10.294001666666666,2023-10-27 11:08:39.618894948,0.1,2023-10-27 11:15:00
19,19,43.53623666666667,10.270145,2023-10-29 09:35:51.592218999,6.0,2023-10-29 09:30:00
19,19,43.476535,10.246713333333334,2023-10-29 10:13:53.130105066,5.9,2023-10-29 10:15:00
19,19,43.46197833333333,10.263358333333334,2023-10-29 10:38:22.591714853,0.4,2023-10-29 10:45:00
19,19,43.464486666666666,10.261126666666666,2023-10-29 11:05:51.525116610,0.2,2023-10-29 11:00:00
19,19,43.46456,10.261408333333332,2023-10-29 11:47:52.809759837,0.1,2023-10-29 11:45:00
19,19,43.46456666666666,10.26159,2023-10-29 12:44:48.533265219,0.2,2023-10-29 12:45:00
19,19,43.464553333333335,10.261178333333334,2023-10-29 14:02:52.339530788,0.1,2023-10-29 14:00:00
19,19,43.46456666666666,10.261593333333334,2023-10-29 14:41:48.983482446,0.2,2023-10-29 14:45:00
19,19,43.464525,10.261526666666668,2023-10-29 14:50:54.208100754,0.2,2023-10-29 14:45:00
19,19,43.464435,10.26182,2023-10-29 16:38:51.980363468,0.3,2023-10-29 16:45:00
19,19,43.46448833333333,10.261718333333333,2023-10-29 17:41:52.747804866,0.1,2023-10-29 17:45:00
19,19,43.464475,10.261505,2023-10-29 18:38:49.616354117,0.1,2023-10-29 18:45:00
19,19,43.46441833333333,10.261075,2023-10-29 20:02:48.256583801,0.1,2023-10-29 20:00:00
19,19,43.464553333333335,10.261553333333334,2023-10-29 21:08:49.241515130,0.2,2023-10-29 21:15:00
19,19,43.464605,10.261,2023-10-29 21:41:51.708784344,0.1,2023-10-29 21:45:00
19,19,43.46458500000001,10.260968333333333,2023-10-29 22:02:53.484060325,0.1,2023-10-29 22:00:00
19,19,43.46458,10.261333333333331,2023-10-29 22:29:53.306646310,0.1,2023-10-29 22:30:00
19,19,43.464545,10.260378333333334,2023-10-29 22:56:53.783291828,0.1,2023-10-29 23:00:00
19,19,43.46450333333333,10.260775,2023-10-29 23:32:53.988840602,0.3,2023-10-29 23:30:00
19,19,43.46453333333333,10.260645,2023-10-30 00:14:56.794072124,0.2,2023-10-30 00:15:00
19,19,43.46447833333333,10.260281666666666,2023-10-30 00:38:57.420386680,0.4,2023-10-30 00:45:00
19,19,43.46446666666667,10.260156666666669,2023-10-30 01:02:57.844098873,0.3,2023-10-30 01:00:00
19,19,43.46495166666667,10.259846666666666,2023-10-30 08:44:55.282854762,0.3,2023-10-30 08:45:00
19,19,43.46467,10.259011666666668,2023-10-30 09:14:57.547156510,0.2,2023-10-30 09:15:00
19,19,43.46489999999999,10.259688333333337,2023-10-30 09:38:51.430343490,0.3,2023-10-30 09:45:00
19,19,43.46467,10.2589,2023-10-30 09:50:57.797970000,0.3,2023-10-30 09:45:00
19,19,43.46474666666666,10.259086666666668,2023-10-30 10:32:58.714440306,0.3,2023-10-30 10:30:00
19,19,43.46483166666667,10.259148333333334,2023-10-30 11:08:58.975557567,0.2,2023-10-30 11:15:00
19,19,43.46469833333333,10.25897,2023-10-30 11:27:01.831994879,0.2,2023-10-30 11:30:00
19,19,43.464725,10.25904,2023-10-30 12:09:00.408313086,0.3,2023-10-30 12:15:00
19,19,43.46467166666666,10.259006666666666,2023-10-30 12:44:58.802478738,0.6,2023-10-30 12:45:00
19,19,43.46493666666667,10.25991,2023-10-30 13:14:52.335294572,0.9,2023-10-30 13:15:00
19,19,43.46478333333334,10.259046666666668,2023-10-30 13:17:57.979087214,0.5,2023-10-30 13:15:00
19,19,43.465065,10.26059,2023-10-30 13:50:56.486212612,0.6,2023-10-30 13:45:00
19,19,43.46488833333333,10.259578333333334,2023-10-30 14:35:54.811310856,0.7,2023-10-30 14:30:00
19,19,43.46456666666666,10.26105,2023-10-30 15:08:56.841367221,0.8,2023-10-30 15:15:00
19,19,43.463315,10.25994,2023-10-30 15:17:58.951314013,1.0,2023-10-30 15:15:00
19,19,43.45531166666667,10.258508333333332,2023-10-30 15:49:27.434520370,2.6,2023-10-30 15:45:00
19,19,43.437135,10.234561666666668,2023-10-30 16:18:56.874804206,2.8,2023-10-30 16:15:00
19,19,43.396145,10.205683333333331,2023-10-30 17:13:47.382983986,2.7,2023-10-30 17:15:00
19,19,43.389165000000006,10.202696666666666,2023-10-30 17:23:27.264844984,2.6,2023-10-30 17:30:00
19,19,43.38631166666666,10.216945,2023-10-30 22:56:08.046864995,5.0,2023-10-30 23:00:00
19,19,43.38411333333333,10.231406666666668,2023-10-30 23:18:27.233622054,7.5,2023-10-30 23:15:00
20,20,43.475966666666665,10.273323333333334,2023-10-01 06:11:57.267303075,1.9,2023-10-01 06:15:00
20,20,43.49183166666667,10.253833333333334,2023-10-01 06:44:18.112946515,3.6,2023-10-01 06:45:00
20,20,43.51811,10.255621666666666,2023-10-01 07:14:36.265298577,2.9,2023-10-01 07:15:00
20,20,43.53878,10.284468333333333,2023-10-01 07:40:36.906325574,5.4,2023-10-01 07:45:00
20,20,43.55648833333333,10.292778333333333,2023-10-01 08:02:36.984455425,1.6,2023-10-01 08:00:00
20,20,43.55954333333333,10.294099999999998,2023-10-01 10:31:12.809980496,0.1,2023-10-01 10:30:00
20,20,43.55945333333333,10.294136666666668,2023-10-01 12:16:14.334275996,0.1,2023-10-01 12:15:00
20,20,43.559515000000005,10.294053333333332,2023-10-01 14:43:15.743909964,0.1,2023-10-01 14:45:00
20,20,43.559515000000005,10.29412,2023-10-01 18:34:14.664168873,0.1,2023-10-01 18:30:00
20,20,43.55947166666667,10.294081666666669,2023-10-01 20:31:14.667563124,0.1,2023-10-01 20:30:00
20,20,43.55951833333334,10.294091666666668,2023-10-01 22:25:13.060698444,0.1,2023-10-01 22:30:00
20,20,43.55946666666667,10.294091666666668,2023-10-02 04:35:07.145710814,0.2,2023-10-02 04:30:00
20,20,43.559486666666665,10.294099999999998,2023-10-02 04:56:05.743160850,0.1,2023-10-02 05:00:00
20,20,43.55952333333333,10.294096666666666,2023-10-02 15:05:07.684432743,0.2,2023-10-02 15:00:00
20,20,43.55950333333333,10.294095,2023-10-02 15:44:07.341807178,0.2,2023-10-02 15:45:00
20,20,43.559505,10.294043333333333,2023-10-02 16:11:09.213686516,0.3,2023-10-02 16:15:00
20,20,43.55948166666667,10.294045,2023-10-02 16:44:54.537550650,2.7,2023-10-02 16:45:00
20,20,43.559513333333335,10.294108333333332,2023-10-02 17:13:32.162851359,0.7,2023-10-02 17:15:00
20,20,43.55951833333334,10.29409,2023-10-02 17:16:33.249500599,0.4,2023-10-02 17:15:00
20,20,43.559535,10.29412,2023-10-02 17:57:30.204866350,0.5,2023-10-02 18:00:00
20,20,43.55951166666667,10.294095,2023-10-02 18:42:00.228571861,1.3,2023-10-02 18:45:00
20,20,43.559505,10.29412,2023-10-02 19:14:08.966934887,0.7,2023-10-02 19:15:00
20,20,43.559505,10.294088333333333,2023-10-02 19:26:33.816984234,1.8,2023-10-02 19:30:00
20,20,43.55951833333334,10.294063333333334,2023-10-02 20:10:32.869611699,0.3,2023-10-02 20:15:00
20,20,43.55956666666667,10.294098333333332,2023-10-02 20:31:35.147697146,1.2,2023-10-02 20:30:00
20,20,43.55954833333333,10.294146666666668,2023-10-02 21:13:32.302731429,1.3,2023-10-02 21:15:00
20,20,43.55952,10.294091666666668,2023-10-02 21:19:34.412735349,0.6,2023-10-02 21:15:00
20,20,43.55951166666667,10.294085,2023-10-02 22:13:32.763312285,0.5,2023-10-02 22:15:00
20,20,43.55950833333333,10.294063333333334,2023-10-02 23:09:37.624388832,1.1,2023-10-02 23:15:00
20,20,43.559525,10.294095,2023-10-02 23:33:48.027075806,3.2,2023-10-02 23:30:00
20,20,43.55947666666667,10.294099999999998,2023-10-03 00:14:44.384650826,0.2,2023-10-03 00:15:00
20,20,43.55952,10.294088333333333,2023-10-03 00:44:19.675986664,3.2,2023-10-03 00:45:00
20,20,43.55952333333333,10.294078333333331,2023-10-03 01:13:16.376497742,0.6,2023-10-03 01:15:00
20,20,43.559486666666665,10.294075,2023-10-03 01:26:24.887047004,4.8,2023-10-03 01:30:00
20,20,43.55950166666666,10.294088333333333,2023-10-03 02:13:33.263881102,1.9,2023-10-03 02:15:00
20,20,43.559513333333335,10.29409,2023-10-03 02:34:29.586845463,0.2,2023-10-03 02:30:00
20,20,43.55951666666667,10.294081666666669,2023-10-03 03:13:30.089122360,0.6,2023-10-03 03:15:00
20,20,43.55952666666667,10.294113333333334,2023-10-03 03:22:32.700734963,0.1,2023-10-03 03:30:00
20,20,43.559495,10.294106666666666,2023-10-03 04:10:33.100338734,0.1,2023-10-03 04:15:00
20,20,43.55951,10.294115,2023-10-03 04:31:32.002912052,0.6,2023-10-03 04:30:00
20,20,43.55953333333333,10.294138333333333,2023-10-03 05:13:31.051292771,0.3,2023-10-03 05:15:00
20,20,43.559515000000005,10.294093333333333,2023-10-03 06:01:31.106103799,0.5,2023-10-03 06:00:00
20,20,43.540216666666666,10.285583333333332,2023-10-03 06:44:49.634349778,3.9,2023-10-03 06:45:00
20,20,43.50336666666667,10.205375,2023-10-03 07:13:39.258279439,10.0,2023-10-03 07:15:00
20,20,43.49092,10.246875,2023-10-03 07:35:18.760356843,5.7,2023-10-03 07:30:00
20,20,43.494445000000006,10.260463333333332,2023-10-03 07:57:52.597946154,0.1,2023-10-03 08:00:00
20,20,43.518546666666666,10.256535,2023-10-06 14:14:13.108434236,6.9,2023-10-06 14:15:00
20,20,43.52397166666666,10.264663333333337,2023-10-06 14:18:23.002276543,7.2,2023-10-06 14:15:00
20,20,43.55948,10.294083333333331,2023-10-06 15:10:54.944143659,0.3,2023-10-06 15:15:00
20,20,43.55947833333333,10.294068333333334,2023-10-06 16:01:56.660368315,0.1,2023-10-06 16:00:00
20,20,43.55945666666666,10.29404,2023-10-06 16:37:55.120984536,0.5,2023-10-06 16:45:00
20,20,43.55948333333333,10.294085,2023-10-06 17:07:55.743126637,0.4,2023-10-06 17:15:00
20,20,43.55949833333333,10.294073333333332,2023-10-06 17:31:56.437900101,0.5,2023-10-06 17:30:00
20,20,43.55949,10.294081666666669,2023-10-06 18:13:55.622662727,1.5,2023-10-06 18:15:00
20,20,43.5595,10.294088333333333,2023-10-06 18:25:56.982897568,1.0,2023-10-06 18:30:00
20,20,43.559441666666665,10.29411,2023-10-06 18:52:55.663869593,1.0,2023-10-06 19:00:00
20,20,43.55947666666667,10.294066666666668,2023-10-06 19:43:55.543216710,0.6,2023-10-06 19:45:00
20,20,43.55948,10.294075,2023-10-06 19:58:54.945053517,0.1,2023-10-06 20:00:00
21,21,43.47025666666666,10.258751666666663,2023-10-03 19:31:57.310572663,5.3,2023-10-03 19:30:00
21,21,43.48137166666667,10.267406666666666,2023-10-03 19:54:01.473046484,0.3,2023-10-03 20:00:00
21,21,43.482495,10.270083333333334,2023-10-03 20:42:01.706860875,0.1,2023-10-03 20:45:00
21,21,43.48263666666666,10.270481666666663,2023-10-04 00:45:02.544493639,0.1,2023-10-04 00:45:00
21,21,43.484445,10.269875,2023-10-04 02:09:01.648883273,0.2,2023-10-04 02:15:00
21,21,43.48486833333333,10.2692,2023-10-04 02:18:02.202748665,0.2,2023-10-04 02:15:00
21,21,43.48512166666667,10.268105,2023-10-04 03:42:02.757023166,0.1,2023-10-04 03:45:00
21,21,43.485095,10.26822,2023-10-04 03:48:02.851150673,0.1,2023-10-04 03:45:00
21,21,43.48489833333333,10.268795,2023-10-04 04:33:01.619440860,0.1,2023-10-04 04:30:00
21,21,43.48466166666666,10.269391666666667,2023-10-04 05:12:02.109378720,0.1,2023-10-04 05:15:00
21,21,43.48451833333333,10.26956,2023-10-04 05:21:03.282427116,0.1,2023-10-04 05:15:00
21,21,43.48392,10.270216666666666,2023-10-04 06:09:02.498752497,0.2,2023-10-04 06:15:00
21,21,43.48239333333333,10.270443333333333,2023-10-04 07:15:01.667972695,0.1,2023-10-04 07:15:00
21,21,43.483338333333336,10.27056,2023-10-04 08:00:03.402060423,0.1,2023-10-04 08:00:00
21,21,43.48231666666666,10.2705,2023-10-04 11:27:02.899073397,0.1,2023-10-04 11:30:00
21,21,43.481505,10.270075,2023-10-04 14:06:01.460020305,0.1,2023-10-04 14:00:00
21,21,43.48124666666667,10.2697,2023-10-04 14:30:02.191524273,0.1,2023-10-04 14:30:00
21,21,43.48101333333333,10.269303333333331,2023-10-04 18:12:01.547593049,0.1,2023-10-04 18:15:00
21,21,43.480851666666666,10.268851666666666,2023-10-04 18:24:01.338504377,0.1,2023-10-04 18:30:00
21,21,43.48073,10.268565,2023-10-04 19:12:01.957885718,0.1,2023-10-04 19:15:00
21,21,43.48075333333334,10.268226666666669,2023-10-04 20:12:01.460605691,0.1,2023-10-04 20:15:00
21,21,43.48087666666667,10.268288333333334,2023-10-05 00:06:01.619188859,0.1,2023-10-05 00:00:00
21,21,43.48147166666667,10.269603333333333,2023-10-05 00:54:03.517893623,0.2,2023-10-05 01:00:00
21,21,43.48318,10.270511666666666,2023-10-05 02:30:03.835985201,0.1,2023-10-05 02:30:00
21,21,43.48427333333333,10.269735,2023-10-05 04:06:03.297043443,0.2,2023-10-05 04:00:00
21,21,43.48393166666666,10.270035,2023-10-05 05:45:01.747815264,0.1,2023-10-05 05:45:00
21,21,43.48289833333333,10.270515,2023-10-05 07:18:03.179691394,0.1,2023-10-05 07:15:00
21,21,43.48240666666666,10.270578333333331,2023-10-05 11:18:02.014605280,0.1,2023-10-05 11:15:00
21,21,43.481915,10.270365,2023-10-05 17:12:02.151660993,0.1,2023-10-05 17:15:00
21,21,43.48221,10.2706,2023-10-05 20:06:01.640462938,0.1,2023-10-05 20:00:00
21,21,43.48213333333333,10.270565,2023-10-05 20:27:01.506028978,0.1,2023-10-05 20:30:00
21,21,43.48182666666666,10.270306666666666,2023-10-05 22:24:01.496638765,0.1,2023-10-05 22:30:00
21,21,43.481926666666666,10.270381666666667,2023-10-06 01:12:02.450111432,0.1,2023-10-06 01:15:00
21,21,43.482145,10.270496666666666,2023-10-06 01:54:01.805274947,0.1,2023-10-06 02:00:00
21,21,43.48203,10.2704,2023-10-06 03:06:01.422617281,0.1,2023-10-06 03:00:00
21,21,43.480808333333336,10.268188333333336,2023-10-06 09:12:01.636009094,0.1,2023-10-06 09:15:00
21,21,43.48107,10.26942,2023-10-06 18:24:01.655706488,0.1,2023-10-06 18:30:00
21,21,43.48115833333333,10.269685,2023-10-06 18:51:01.333479443,0.1,2023-10-06 18:45:00
21,21,43.480935,10.269081666666668,2023-10-08 18:42:02.042977551,0.1,2023-10-08 18:45:00
21,21,43.48113,10.269143333333334,2023-10-09 05:42:01.596898268,0.1,2023-10-09 05:45:00
21,21,43.48130333333334,10.269636666666663,2023-10-09 09:30:01.824541653,0.1,2023-10-09 09:30:00
21,21,43.48252166666667,10.270503333333332,2023-10-09 11:24:01.600473474,0.1,2023-10-09 11:30:00
21,21,43.48234166666667,10.270678333333333,2023-10-09 16:42:01.878913899,0.1,2023-10-09 16:45:00
21,21,43.482125,10.270545,2023-10-09 18:00:01.670658158,0.1,2023-10-09 18:00:00
21,21,43.482455,10.270621666666669,2023-10-09 22:00:02.959304408,0.1,2023-10-09 22:00:00
21,21,43.483295,10.270558333333334,2023-10-10 07:33:02.214724046,0.1,2023-10-10 07:30:00
21,21,43.481766666666665,10.270298333333333,2023-10-10 19:18:01.446045617,0.1,2023-10-10 19:15:00
21,21,43.48333333333333,10.270535,2023-10-11 09:42:02.076197800,0.1,2023-10-11 09:45:00
21,21,43.48375833333333,10.270356666666666,2023-10-11 10:12:02.390037728,0.1,2023-10-11 10:15:00
21,21,43.49949166666667,10.248596666666666,2023-10-11 12:02:11.099613106,5.3,2023-10-11 12:00:00
21,21,43.53449833333333,10.277003333333331,2023-10-11 12:26:19.968721126,7.2,2023-10-11 12:30:00
21,21,43.55945333333333,10.29416,2023-10-11 13:04:10.519023984,0.2,2023-10-11 13:00:00
21,21,43.55971666666667,10.294175,2023-10-12 19:09:14.925756531,0.1,2023-10-12 19:15:00
21,21,43.55956833333333,10.294081666666669,2023-10-12 19:57:15.974231111,0.1,2023-10-12 20:00:00
21,21,43.55959333333333,10.294096666666666,2023-10-12 21:57:15.695781002,0.1,2023-10-12 22:00:00
21,21,43.55959166666666,10.294096666666666,2023-10-13 01:51:14.785957412,0.1,2023-10-13 01:45:00
21,21,43.559575,10.294053333333332,2023-10-13 21:51:14.697741946,0.1,2023-10-13 21:45:00
21,21,43.54808,10.290951666666666,2023-10-14 06:29:39.722352399,4.6,2023-10-14 06:30:00
21,21,43.530296666666665,10.25265,2023-10-14 06:50:46.811443310,10.1,2023-10-14 06:45:00
21,21,43.51303166666666,10.156106666666666,2023-10-14 07:15:47.825818781,11.6,2023-10-14 07:15:00
22,22,43.47230666666667,10.133793333333331,2023-10-29 14:49:44.405653743,5.6,2023-10-29 14:45:00
22,22,43.4562,10.216556666666666,2023-10-29 15:25:35.600301532,5.8,2023-10-29 15:30:00
22,22,43.44754833333333,10.264185,2023-10-29 15:54:54.702741558,2.7,2023-10-29 16:00:00
22,22,43.44889833333333,10.273413333333334,2023-10-29 16:43:11.012360709,0.2,2023-10-29 16:45:00
22,22,43.448665,10.273783333333334,2023-10-29 17:07:10.518783320,0.3,2023-10-29 17:00:00
22,22,43.44889333333333,10.273626666666669,2023-10-29 17:22:10.108857926,0.3,2023-10-29 17:15:00
22,22,43.44888,10.273521666666666,2023-10-29 18:13:10.713477025,0.2,2023-10-29 18:15:00
22,22,43.4487,10.27329,2023-10-29 18:46:11.481242139,0.1,2023-10-29 18:45:00
22,22,43.44885166666666,10.27299,2023-10-29 19:25:09.959203372,0.1,2023-10-29 19:30:00
22,22,43.44869166666667,10.273008333333332,2023-10-29 19:46:10.748076326,0.1,2023-10-29 19:45:00
22,22,43.44871,10.272616666666666,2023-10-29 20:19:10.954678700,0.1,2023-10-29 20:15:00
22,22,43.44893,10.273658333333334,2023-10-29 21:07:10.134503768,0.2,2023-10-29 21:00:00
22,22,43.448973333333335,10.273418333333332,2023-10-29 22:04:09.941973565,0.1,2023-10-29 22:00:00
22,22,43.44895,10.273648333333334,2023-10-29 22:31:10.010388286,0.4,2023-10-29 22:30:00
22,22,43.44884166666667,10.273233333333334,2023-10-29 22:52:11.262782713,0.4,2023-10-29 22:45:00
22,22,43.448955,10.273258333333333,2023-10-29 23:25:11.938393847,0.5,2023-10-29 23:30:00
22,22,43.44844166666667,10.271093333333331,2023-10-29 23:58:10.948179877,0.2,2023-10-30 00:00:00
22,22,43.449215,10.272741666666668,2023-10-30 00:40:11.276775519,0.5,2023-10-30 00:45:00
22,22,43.449355,10.273006666666667,2023-10-30 01:01:09.908047649,0.4,2023-10-30 01:00:00
22,22,43.40129,10.139751666666664,2023-10-30 08:04:22.413512481,2.8,2023-10-30 08:00:00
22,22,43.39427833333333,10.127035,2023-10-30 08:20:10.396700232,2.5,2023-10-30 08:15:00
22,22,43.42786666666667,10.122388333333332,2023-10-30 14:29:20.983700030,3.3,2023-10-30 14:30:00
22,22,43.41881166666667,10.129878333333332,2023-10-30 14:47:51.281661712,2.2,2023-10-30 14:45:00
22,22,43.43677,10.128363333333334,2023-10-30 15:26:41.414702099,4.0,2023-10-30 15:30:00
22,22,43.42462833333333,10.135838333333334,2023-10-30 15:48:40.310784612,2.8,2023-10-30 15:45:00
22,22,43.41206666666667,10.137736666666664,2023-10-30 16:19:11.763685933,1.0,2023-10-30 16:15:00
22,22,43.39898166666667,10.14082,2023-10-30 17:14:00.343190618,0.8,2023-10-30 17:15:00
22,22,43.39699666666667,10.141348333333331,2023-10-30 17:22:21.947034961,0.8,2023-10-30 17:15:00
22,22,43.39049666666666,10.143245,2023-10-30 17:51:11.495768723,0.7,2023-10-30 17:45:00
22,22,43.38413666666667,10.144843333333334,2023-10-30 18:24:40.026535339,0.4,2023-10-30 18:30:00
22,22,43.406795,10.14918,2023-10-30 19:36:20.969366186,5.1,2023-10-30 19:30:00
22,22,43.43418333333333,10.140756666666666,2023-10-30 20:01:30.753233144,1.9,2023-10-30 20:00:00
22,22,43.40302833333333,10.148915,2023-10-30 20:36:00.947289157,3.6,2023-10-30 20:30:00
22,22,43.390795,10.15337,2023-10-30 20:47:51.343332835,3.8,2023-10-30 20:45:00
22,22,43.392678333333336,10.165428333333333,2023-10-30 21:43:49.092237900,3.8,2023-10-30 21:45:00
22,22,43.402863333333336,10.162258333333334,2023-10-30 21:53:21.212439062,3.8,2023-10-30 22:00:00
22,22,43.42937833333334,10.146566666666669,2023-10-30 22:43:30.409775910,2.4,2023-10-30 22:45:00
22,22,43.41888,10.14601,2023-10-30 22:56:42.269465496,3.1,2023-10-30 23:00:00
22,22,43.385353333333335,10.14457,2023-10-30 23:29:31.915073204,3.7,2023-10-30 23:30:00
23,23,43.50506,10.271036666666667,2023-10-21 17:44:27.427318527,2.8,2023-10-21 17:45:00
23,23,43.504195,10.274418333333331,2023-10-21 18:08:57.610388105,0.1,2023-10-21 18:15:00
23,23,43.50478333333333,10.274246666666668,2023-10-21 18:33:01.528761677,0.1,2023-10-21 18:30:00
23,23,43.50431833333334,10.27446,2023-10-21 19:12:02.994008602,0.1,2023-10-21 19:15:00
23,23,43.504221666666666,10.274586666666666,2023-10-21 19:15:00.544945700,0.1,2023-10-21 19:15:00
23,23,43.50478,10.274293333333333,2023-10-21 19:50:59.791235038,0.1,2023-10-21 19:45:00
23,23,43.50427166666667,10.274675,2023-10-21 20:36:01.610587857,0.2,2023-10-21 20:30:00
23,23,43.50453666666667,10.274615,2023-10-21 20:45:05.029870879,0.1,2023-10-21 20:45:00
23,23,43.504465,10.274685,2023-10-21 21:35:59.943975706,0.3,2023-10-21 21:30:00
23,23,43.50436833333333,10.274736666666666,2023-10-21 22:06:01.313754679,0.3,2023-10-21 22:00:00
24,24,43.556,10.29645,2023-10-08 19:10:20.537343956,0.1,2023-10-08 19:15:00
24,24,43.556,10.296433333333333,2023-10-09 06:22:14.307228958,0.1,2023-10-09 06:15:00
24,24,43.50256666666667,10.205283333333334,2023-10-09 12:14:27.903832767,12.7,2023-10-09 12:15:00
24,24,43.46931666666667,10.178316666666666,2023-10-09 12:25:25.250303232,12.7,2023-10-09 12:30:00
24,24,43.39471666666667,10.131816666666667,2023-10-09 12:48:44.204546627,12.9,2023-10-09 12:45:00
25,25,43.49252833333333,10.29012,2023-10-14 16:09:12.199121717,5.6,2023-10-14 16:15:00
25,25,43.49188333333333,10.298395,2023-10-14 16:26:45.320997752,0.2,2023-10-14 16:30:00
25,25,43.49166833333334,10.298570000000002,2023-10-14 18:04:25.870838687,0.1,2023-10-14 18:00:00
25,25,43.49167833333333,10.298501666666668,2023-10-14 19:01:25.914415925,0.1,2023-10-14 19:00:00
25,25,43.491735,10.298385,2023-10-14 19:40:23.056457390,0.1,2023-10-14 19:45:00
25,25,43.491708333333335,10.298418333333332,2023-10-14 20:01:30.892932878,0.1,2023-10-14 20:00:00
25,25,43.491935,10.298356666666669,2023-10-14 21:07:25.784201014,0.1,2023-10-14 21:00:00
25,25,43.491845,10.298218333333333,2023-10-14 21:34:28.542183768,0.1,2023-10-14 21:30:00
25,25,43.49187,10.298308333333331,2023-10-14 21:46:30.164199143,0.2,2023-10-14 21:45:00
25,25,43.49243166666667,10.298153333333332,2023-10-14 22:40:30.385184897,0.1,2023-10-14 22:45:00
25,25,43.492575,10.29782,2023-10-14 23:13:25.101106659,0.1,2023-10-14 23:15:00
25,25,43.49261333333333,10.297696666666669,2023-10-14 23:40:26.813072648,0.2,2023-10-14 23:45:00
25,25,43.49252666666666,10.29799,2023-10-15 00:01:26.742802934,0.1,2023-10-15 00:00:00
25,25,43.49257333333333,10.298036666666668,2023-10-15 00:28:29.893297325,0.2,2023-10-15 00:30:00
25,25,43.49265833333333,10.297681666666668,2023-10-15 01:01:23.809157813,0.3,2023-10-15 01:00:00
25,25,43.49259833333333,10.298045,2023-10-15 02:01:28.072132357,0.1,2023-10-15 02:00:00
25,25,43.49212166666667,10.298676666666667,2023-10-15 02:28:26.792822943,0.2,2023-10-15 02:30:00
25,25,43.491886666666666,10.298978333333334,2023-10-15 02:49:27.989117142,0.3,2023-10-15 02:45:00
25,25,43.49180166666667,10.299113333333334,2023-10-15 03:25:32.218176487,0.3,2023-10-15 03:30:00
25,25,43.49171333333334,10.299053333333337,2023-10-15 04:01:33.149363291,0.2,2023-10-15 04:00:00
25,25,43.49194333333333,10.298848333333332,2023-10-15 04:22:31.852471718,0.1,2023-10-15 04:30:00
25,25,43.49192666666667,10.29892,2023-10-15 05:13:25.244959836,0.3,2023-10-15 05:15:00
25,25,43.49170166666667,10.29913,2023-10-15 05:31:28.508004455,0.3,2023-10-15 05:30:00
25,25,43.49193833333333,10.29911,2023-10-15 06:01:29.976319067,0.2,2023-10-15 06:00:00
25,25,43.491745,10.299255,2023-10-15 06:34:27.245536404,0.1,2023-10-15 06:30:00
25,25,43.491708333333335,10.299363333333334,2023-10-15 07:07:24.698512520,0.4,2023-10-15 07:00:00
25,25,43.49173833333334,10.299386666666669,2023-10-15 07:40:30.733333345,0.4,2023-10-15 07:45:00
25,25,43.49179333333333,10.299323333333332,2023-10-15 08:04:34.004554480,0.3,2023-10-15 08:00:00
25,25,43.49182833333334,10.299366666666666,2023-10-15 08:28:30.101554765,0.2,2023-10-15 08:30:00
25,25,43.49158666666666,10.299493333333334,2023-10-15 09:10:24.634586962,0.2,2023-10-15 09:15:00
25,25,43.49152333333333,10.299546666666666,2023-10-15 09:19:27.710189142,0.3,2023-10-15 09:15:00
25,25,43.58186,10.318635,2023-10-17 00:07:50.695383647,4.4,2023-10-17 00:15:00
25,25,43.564335,10.303310000000002,2023-10-17 00:20:51.244964144,6.1,2023-10-17 00:15:00
25,25,43.51795833333333,10.219593333333334,2023-10-17 00:55:10.310884075,10.6,2023-10-17 01:00:00
25,25,43.48294166666667,10.297181666666669,2023-10-17 01:39:30.224566537,0.2,2023-10-17 01:45:00
25,25,43.48284,10.293125,2023-10-17 01:57:01.606061137,0.2,2023-10-17 02:00:00
25,25,43.482855,10.293173333333334,2023-10-17 02:23:57.173369672,0.1,2023-10-17 02:30:00
25,25,43.48266666666667,10.293311666666666,2023-10-17 02:45:02.807307613,0.1,2023-10-17 02:45:00
25,25,43.48256,10.293321666666666,2023-10-17 04:00:03.606943526,0.2,2023-10-17 04:00:00
25,25,43.48281833333333,10.293205,2023-10-17 05:30:03.539161945,0.2,2023-10-17 05:30:00
25,25,43.48294833333333,10.293196666666669,2023-10-17 06:11:59.408702063,0.2,2023-10-17 06:15:00
25,25,43.48291666666667,10.293193333333331,2023-10-17 07:36:04.008083298,0.1,2023-10-17 07:30:00
25,25,43.482995,10.29316,2023-10-17 07:51:05.989588498,0.1,2023-10-17 07:45:00
25,25,43.48263666666666,10.293491666666666,2023-10-17 08:33:01.820652303,0.1,2023-10-17 08:30:00
25,25,43.48227666666666,10.29389,2023-10-17 08:51:00.895785636,0.1,2023-10-17 08:45:00
25,25,43.48245833333333,10.293718333333334,2023-10-17 09:36:04.806645452,0.1,2023-10-17 09:30:00
25,25,43.48248666666667,10.29382,2023-10-17 09:45:03.146925277,0.1,2023-10-17 09:45:00
25,25,43.48280833333333,10.293491666666666,2023-10-17 10:18:04.250800991,0.1,2023-10-17 10:15:00
25,25,43.48309833333334,10.296043333333332,2023-10-17 11:42:03.724539442,0.2,2023-10-17 11:45:00
25,25,43.48312333333333,10.296078333333332,2023-10-17 12:00:02.144199376,0.1,2023-10-17 12:00:00
25,25,43.48278166666667,10.295915,2023-10-17 12:36:05.379663030,0.1,2023-10-17 12:30:00
25,25,43.48297166666667,10.296076666666666,2023-10-17 12:45:05.066915993,0.1,2023-10-17 12:45:00
25,25,43.48307666666666,10.29605,2023-10-17 13:30:05.424677284,0.1,2023-10-17 13:30:00
25,25,43.48294833333333,10.29597,2023-10-17 14:33:06.908915546,0.1,2023-10-17 14:30:00
25,25,43.48273,10.295896666666666,2023-10-17 14:57:02.237596719,0.1,2023-10-17 15:00:00
25,25,43.482398333333336,10.295535,2023-10-17 15:24:08.107699138,0.1,2023-10-17 15:30:00
25,25,43.482445,10.295568333333334,2023-10-17 15:45:05.742738268,0.1,2023-10-17 15:45:00
25,25,43.482308333333336,10.29492,2023-10-17 17:00:03.331278097,0.1,2023-10-17 17:00:00
25,25,43.48219166666667,10.29447,2023-10-17 17:27:08.610796102,0.1,2023-10-17 17:30:00
25,25,43.48228,10.294116666666667,2023-10-17 18:03:06.959924195,0.1,2023-10-17 18:00:00
25,25,43.48234833333333,10.294101666666668,2023-10-17 20:12:07.955418898,0.1,2023-10-17 20:15:00
25,25,43.48247333333334,10.293786666666668,2023-10-17 20:18:07.826131553,0.2,2023-10-17 20:15:00
25,25,43.48239,10.29387,2023-10-17 21:36:08.751314673,0.1,2023-10-17 21:30:00
25,25,43.482328333333335,10.293891666666669,2023-10-17 22:06:03.283819339,0.1,2023-10-17 22:00:00
25,25,43.48256666666667,10.293535,2023-10-17 22:36:11.433052286,0.1,2023-10-17 22:30:00
25,25,43.48269833333333,10.293406666666668,2023-10-18 00:42:04.656574229,0.1,2023-10-18 00:45:00
25,25,43.48265166666667,10.293473333333331,2023-10-18 01:03:08.923413813,0.1,2023-10-18 01:00:00
25,25,43.48338666666667,10.293225,2023-10-18 01:42:07.320300556,0.1,2023-10-18 01:45:00
25,25,43.483291666666666,10.293123333333334,2023-10-18 01:54:06.500789540,0.1,2023-10-18 02:00:00
25,25,43.48337166666667,10.293146666666669,2023-10-18 02:51:09.871654809,0.1,2023-10-18 02:45:00
25,25,43.48379833333333,10.293335,2023-10-18 04:09:09.866218757,0.1,2023-10-18 04:15:00
25,25,43.48378666666667,10.293313333333334,2023-10-18 04:27:07.145961900,0.1,2023-10-18 04:30:00
25,25,43.48353,10.293433333333333,2023-10-18 05:21:06.961809225,0.1,2023-10-18 05:15:00
25,25,43.483165,10.293303333333334,2023-10-18 06:06:09.499572748,0.1,2023-10-18 06:00:00
25,25,43.48309,10.294081666666669,2023-10-18 06:27:11.535475995,0.9,2023-10-18 06:30:00
25,25,43.428801666666665,10.242821666666666,2023-10-18 07:00:46.999453946,12.9,2023-10-18 07:00:00
25,25,43.384971666666665,10.202251666666664,2023-10-18 07:15:36.405795362,12.8,2023-10-18 07:15:00
26,26,43.38854833333333,10.22753,2023-10-28 09:12:56.707077989,15.0,2023-10-28 09:15:00
26,26,43.40383333333333,10.236858333333334,2023-10-28 09:43:59.709766127,0.6,2023-10-28 09:45:00
26,26,43.40439,10.23771,2023-10-28 09:50:55.802175449,0.8,2023-10-28 09:45:00
26,26,43.401165,10.23781,2023-10-28 10:33:17.815704663,0.7,2023-10-28 10:30:00
26,26,43.39705666666667,10.236355,2023-10-28 10:58:39.065083607,0.7,2023-10-28 11:00:00
26,26,43.399085,10.236413333333331,2023-10-28 11:30:37.856202659,1.4,2023-10-28 11:30:00
26,26,43.40546166666666,10.233888333333336,2023-10-28 11:48:37.547322705,1.2,2023-10-28 11:45:00
26,26,43.40907833333333,10.226606666666669,2023-10-28 12:22:08.379674422,0.4,2023-10-28 12:15:00
26,26,43.40780166666666,10.225718333333331,2023-10-28 12:45:47.010261562,0.3,2023-10-28 12:45:00
26,26,43.38874,10.285616666666666,2023-10-29 22:56:38.887727512,6.7,2023-10-29 23:00:00
26,26,43.40025,10.262448333333332,2023-10-29 23:41:38.242391180,0.1,2023-10-29 23:45:00
26,26,43.39956666666667,10.260879999999998,2023-10-29 23:56:08.953502630,0.3,2023-10-30 00:00:00
26,26,43.40229333333333,10.261476666666663,2023-10-30 00:39:57.862060801,0.9,2023-10-30 00:45:00
26,26,43.40390833333333,10.26286,2023-10-30 01:01:27.235636078,0.4,2023-10-30 01:00:00
26,26,43.39131333333333,10.189441666666664,2023-10-30 08:03:49.890756912,1.6,2023-10-30 08:00:00
26,26,43.397225000000006,10.194085,2023-10-30 08:44:19.339617836,1.8,2023-10-30 08:45:00
26,26,43.402335,10.195198333333334,2023-10-30 08:54:19.102806963,1.8,2023-10-30 09:00:00
26,26,43.420745,10.196071666666668,2023-10-30 09:39:09.719499109,1.2,2023-10-30 09:45:00
26,26,43.41819,10.19837,2023-10-30 09:46:49.184709705,1.6,2023-10-30 09:45:00
26,26,43.40823,10.209535,2023-10-30 10:15:58.922683639,1.6,2023-10-30 10:15:00
26,26,43.391645,10.221839999999998,2023-10-30 11:07:29.552657903,0.7,2023-10-30 11:00:00
26,26,43.39396333333333,10.2254,2023-10-30 11:27:09.643219298,0.6,2023-10-30 11:30:00
26,26,43.40251333333333,10.233385,2023-10-30 12:12:38.266051981,0.6,2023-10-30 12:15:00
26,26,43.411725,10.229735,2023-10-30 12:42:28.280171060,1.7,2023-10-30 12:45:00
26,26,43.417195,10.21428,2023-10-30 13:09:47.800924782,1.8,2023-10-30 13:15:00
26,26,43.41890166666667,10.207545,2023-10-30 13:21:48.567002466,1.1,2023-10-30 13:15:00
26,26,43.41885833333333,10.204361666666667,2023-10-30 13:51:18.841193343,1.4,2023-10-30 13:45:00
26,26,43.411365,10.205508333333334,2023-10-30 14:16:59.710443203,1.3,2023-10-30 14:15:00
26,26,43.40067333333333,10.207796666666669,2023-10-30 14:47:39.871512388,1.0,2023-10-30 14:45:00
26,26,43.38559833333333,10.212105,2023-10-30 15:26:08.371376794,2.1,2023-10-30 15:30:00
27,27,43.480716666666666,10.2241,2023-10-18 16:19:32.227340513,10.7,2023-10-18 16:15:00
27,27,43.501,10.2733,2023-10-18 16:52:12.006854443,0.3,2023-10-18 16:45:00
27,27,43.50105,10.27325,2023-10-18 18:37:08.092708409,0.1,2023-10-18 18:30:00
27,27,43.5011,10.273316666666666,2023-10-18 18:55:11.612577022,0.1,2023-10-18 19:00:00
27,27,43.50105,10.273283333333334,2023-10-18 19:58:07.103711450,0.2,2023-10-18 20:00:00
27,27,43.50101666666667,10.273116666666663,2023-10-18 20:37:07.941643387,0.1,2023-10-18 20:30:00
27,27,43.50106666666667,10.273183333333332,2023-10-18 21:46:09.390195336,0.2,2023-10-18 21:45:00
27,27,43.50106666666667,10.273283333333334,2023-10-18 22:40:09.214219235,0.1,2023-10-18 22:45:00
27,27,43.50106666666667,10.27335,2023-10-18 23:16:15.134139007,0.1,2023-10-18 23:15:00
27,27,43.50101666666667,10.273166666666668,2023-10-19 00:31:11.427794617,0.2,2023-10-19 00:30:00
27,27,43.50108333333333,10.273283333333334,2023-10-19 01:01:09.322995359,0.1,2023-10-19 01:00:00
27,27,43.50101666666667,10.2732,2023-10-19 01:31:09.631956876,0.1,2023-10-19 01:30:00
27,27,43.50103333333333,10.27315,2023-10-19 02:28:10.941632130,0.1,2023-10-19 02:30:00
27,27,43.50115,10.273333333333332,2023-10-19 02:58:09.725483190,0.1,2023-10-19 03:00:00
27,27,43.500933333333336,10.273,2023-10-19 03:19:07.556109119,0.4,2023-10-19 03:15:00
27,27,43.501133333333335,10.273783333333334,2023-10-19 03:49:10.154701841,0.2,2023-10-19 03:45:00
27,27,43.50115,10.274566666666669,2023-10-19 04:16:10.654597414,0.3,2023-10-19 04:15:00
27,27,43.50091666666666,10.273966666666666,2023-10-19 04:55:12.180980156,0.1,2023-10-19 05:00:00
27,27,43.582883333333335,10.318483333333337,2023-10-21 10:27:26.771190875,0.5,2023-10-21 10:30:00
27,27,43.54231666666667,10.290133333333332,2023-10-25 08:31:49.579153396,4.9,2023-10-25 08:30:00
27,27,43.50028333333333,10.180566666666666,2023-10-25 09:10:27.312432614,11.4,2023-10-25 09:15:00
27,27,43.47566666666667,10.154633333333331,2023-10-25 09:19:58.782162706,11.7,2023-10-25 09:15:00
28,28,43.56162333333334,10.299465,2023-10-09 08:02:52.141208701,7.3,2023-10-09 08:00:00
28,28,43.53078666666667,10.251851666666663,2023-10-09 08:25:50.455463501,9.8,2023-10-09 08:30:00
28,28,43.40494666666667,10.186411666666666,2023-10-09 08:58:59.208768904,17.3,2023-10-09 09:00:00
28,28,43.41607333333333,10.151315,2023-10-26 03:36:12.500973449,13.1,2023-10-26 03:30:00
28,28,43.449200000000005,10.131136666666666,2023-10-26 03:46:12.121097761,13.2,2023-10-26 03:45:00
29,29,43.55651,10.297086666666669,2023-10-26 03:56:18.794933658,0.1,2023-10-26 04:00:00
29,29,43.53957666666667,10.286293333333331,2023-10-26 18:11:37.326360935,7.2,2023-10-26 18:15:00
29,29,43.53922666666666,10.273233333333334,2023-10-26 18:16:38.642498378,8.2,2023-10-26 18:15:00
29,29,43.53073666666667,10.166691666666669,2023-10-26 18:46:20.609516554,9.8,2023-10-26 18:45:00
30,30,43.51010333333333,10.279588333333333,2023-10-08 22:16:13.685084447,0.1,2023-10-08 22:15:00
30,30,43.51103666666667,10.278555,2023-10-09 01:58:12.315469040,0.1,2023-10-09 02:00:00
30,30,43.51016333333334,10.280028333333332,2023-10-09 08:58:12.318366613,0.1,2023-10-09 09:00:00
30,30,43.517003333333335,10.275091666666668,2023-10-09 09:44:44.108444202,1.5,2023-10-09 09:45:00
30,30,43.52474666666667,10.273298333333337,2023-10-09 09:54:14.600703333,3.7,2023-10-09 10:00:00
30,30,43.57033166666667,10.310993333333332,2023-10-09 10:39:14.914502306,1.9,2023-10-09 10:45:00
30,30,43.570526666666666,10.311501666666668,2023-10-10 09:14:23.208313791,7.2,2023-10-10 09:15:00
30,30,43.52999333333333,10.242955,2023-10-10 09:44:22.463338496,11.0,2023-10-10 09:45:00
30,30,43.52677333333334,10.232016666666668,2023-10-10 09:47:22.676726474,9.3,2023-10-10 09:45:00
30,30,43.47964833333333,10.309605,2023-10-10 10:42:52.553575873,0.1,2023-10-10 10:45:00
30,30,43.479685,10.309606666666667,2023-10-10 10:45:53.412384911,0.1,2023-10-10 10:45:00
30,30,43.47965833333333,10.309745,2023-10-10 11:36:52.591074369,0.1,2023-10-10 11:30:00
30,30,43.47929833333333,10.309573333333333,2023-10-10 14:06:52.431781839,0.1,2023-10-10 14:00:00
30,30,43.47933333333334,10.30973,2023-10-10 15:12:52.684238466,0.3,2023-10-10 15:15:00
30,30,43.47961333333333,10.309868333333332,2023-10-10 15:42:53.823745479,0.1,2023-10-10 15:45:00
30,30,43.47951,10.30983,2023-10-10 15:54:53.406795851,0.2,2023-10-10 16:00:00
30,30,43.47938333333333,10.309736666666668,2023-10-10 16:36:54.108582163,0.2,2023-10-10 16:30:00
30,30,43.47958333333334,10.309751666666669,2023-10-10 17:09:53.168151720,0.3,2023-10-10 17:15:00
30,30,43.479275,10.309631666666666,2023-10-10 17:15:53.301515174,0.1,2023-10-10 17:15:00
30,30,43.479436666666665,10.309673333333334,2023-10-10 18:21:52.699067360,0.1,2023-10-10 18:15:00
30,30,43.479575,10.309738333333334,2023-10-10 19:30:54.001292121,0.1,2023-10-10 19:30:00
30,30,43.47957666666667,10.309691666666668,2023-10-10 19:48:52.919319697,0.1,2023-10-10 19:45:00
30,30,43.47989666666667,10.309665,2023-10-10 20:24:53.452337505,0.1,2023-10-10 20:30:00
30,30,43.479395,10.309603333333332,2023-10-11 13:54:40.540704614,0.1,2023-10-11 14:00:00
30,30,43.47938,10.309601666666667,2023-10-11 15:30:41.579228801,0.1,2023-10-11 15:30:00
30,30,43.47953333333333,10.309748333333332,2023-10-11 18:12:41.321242172,0.1,2023-10-11 18:15:00
30,30,43.479850000000006,10.309796666666667,2023-10-11 18:18:40.739537471,0.1,2023-10-11 18:15:00
30,30,43.479655,10.309798333333331,2023-10-11 19:42:41.890782744,0.1,2023-10-11 19:45:00
30,30,43.47961166666666,10.309733333333332,2023-10-11 20:18:41.404647000,0.2,2023-10-11 20:15:00
30,30,43.479215,10.30949,2023-10-12 19:57:40.556960720,0.1,2023-10-12 20:00:00
30,30,43.47902,10.30927,2023-10-12 23:21:40.922033088,0.1,2023-10-12 23:15:00
30,30,43.47921833333333,10.309283333333331,2023-10-13 00:12:41.514057690,0.1,2023-10-13 00:15:00
30,30,43.47926833333334,10.309266666666668,2023-10-13 01:15:40.748476799,0.1,2023-10-13 01:15:00
30,30,43.48041833333333,10.308936666666666,2023-10-13 04:33:40.758950436,0.1,2023-10-13 04:30:00
30,30,43.47972166666667,10.309658333333337,2023-10-13 14:45:41.054524443,0.1,2023-10-13 14:45:00
30,30,43.47920333333333,10.308885,2023-10-13 19:30:41.157505677,0.1,2023-10-13 19:30:00
30,30,43.47900166666667,10.308575,2023-10-13 20:36:40.716744400,0.1,2023-10-13 20:30:00
30,30,43.47961333333333,10.309513333333332,2023-10-13 22:48:40.915466727,0.1,2023-10-13 22:45:00
30,30,43.48037333333333,10.307733333333337,2023-10-13 23:30:41.584871597,0.1,2023-10-13 23:30:00
30,30,43.480805,10.307315,2023-10-14 03:12:41.324116434,0.1,2023-10-14 03:15:00
30,30,43.480738333333335,10.308086666666666,2023-10-14 04:42:42.587321934,0.1,2023-10-14 04:45:00
30,30,43.48047999999999,10.308403333333333,2023-10-14 05:54:41.896911770,0.1,2023-10-14 06:00:00
30,30,43.48074166666667,10.30715,2023-10-14 07:54:42.025589276,0.1,2023-10-14 08:00:00
30,30,43.48079333333333,10.307415,2023-10-14 08:21:41.842506668,0.1,2023-10-14 08:15:00
30,30,43.480805,10.307481666666666,2023-10-14 09:00:41.069821029,0.1,2023-10-14 09:00:00
30,30,43.48083833333333,10.308003333333334,2023-10-14 11:09:40.679677676,0.1,2023-10-14 11:15:00
30,30,43.48098166666667,10.30809,2023-10-14 11:42:40.071938348,0.2,2023-10-14 11:45:00
30,30,43.480783333333335,10.30878,2023-10-14 11:54:41.127470824,0.1,2023-10-14 12:00:00
30,30,43.480693333333335,10.308955,2023-10-14 13:12:41.775192224,0.1,2023-10-14 13:15:00
30,30,43.48022666666667,10.309486666666666,2023-10-14 14:51:41.958512025,0.1,2023-10-14 14:45:00
30,30,43.48036166666667,10.309311666666668,2023-10-14 15:18:40.788397414,0.1,2023-10-14 15:15:00
30,30,43.480415,10.309305,2023-10-14 16:39:40.313524312,0.1,2023-10-14 16:45:00
30,30,43.480356666666665,10.30939,2023-10-14 17:39:40.782269630,0.1,2023-10-14 17:45:00
30,30,43.48050666666666,10.309538333333334,2023-10-14 18:57:40.791476089,0.1,2023-10-14 19:00:00
30,30,43.480005,10.309556666666667,2023-10-14 19:24:40.675052559,0.1,2023-10-14 19:30:00
30,30,43.47989,10.309583333333334,2023-10-14 20:09:41.324523385,0.1,2023-10-14 20:15:00
30,30,43.480331666666665,10.309385,2023-10-14 20:39:41.726553203,0.1,2023-10-14 20:45:00
30,30,43.48007666666667,10.309553333333334,2023-10-14 21:12:41.495193263,0.2,2023-10-14 21:15:00
30,30,43.48008,10.309621666666668,2023-10-14 21:33:40.922723153,0.2,2023-10-14 21:30:00
30,30,43.48071,10.309491666666666,2023-10-14 22:09:42.457281006,0.1,2023-10-14 22:15:00
30,30,43.48088333333333,10.309618333333333,2023-10-14 22:39:40.274808558,0.3,2023-10-14 22:45:00
30,30,43.48139666666667,10.308605,2023-10-14 23:12:41.300562345,0.4,2023-10-14 23:15:00
30,30,43.481285,10.309053333333331,2023-10-14 23:18:41.818374139,0.4,2023-10-14 23:15:00
30,30,43.48121833333333,10.309046666666667,2023-10-14 23:51:41.317000427,0.2,2023-10-14 23:45:00
30,30,43.48127833333333,10.30909,2023-10-15 00:27:40.576159970,0.3,2023-10-15 00:30:00
30,30,43.4814,10.308723333333337,2023-10-15 01:00:40.569872560,0.5,2023-10-15 01:00:00
30,30,43.48130666666667,10.309153333333336,2023-10-15 01:21:41.044575554,0.5,2023-10-15 01:15:00
30,30,43.481,10.309841666666667,2023-10-15 02:00:40.243273774,0.3,2023-10-15 02:00:00
30,30,43.48085,10.310091666666668,2023-10-15 02:27:41.536880697,0.3,2023-10-15 02:30:00
30,30,43.48060833333333,10.310618333333334,2023-10-15 03:00:41.399797254,0.5,2023-10-15 03:00:00
30,30,43.48097666666667,10.311721666666667,2023-10-15 03:33:41.384526012,0.5,2023-10-15 03:30:00
30,30,43.480935,10.311578333333332,2023-10-15 03:51:41.841360554,0.4,2023-10-15 03:45:00
30,30,43.48088833333334,10.311705,2023-10-15 04:27:42.168695191,0.5,2023-10-15 04:30:00
30,30,43.48090833333333,10.311676666666669,2023-10-15 04:51:41.393758265,0.3,2023-10-15 04:45:00
30,30,43.48074666666666,10.311783333333333,2023-10-15 05:18:41.908785213,0.2,2023-10-15 05:15:00
30,30,43.48113333333333,10.311618333333334,2023-10-15 05:57:41.597658293,0.4,2023-10-15 06:00:00
30,30,43.48081166666667,10.311866666666669,2023-10-15 06:33:41.290070580,0.8,2023-10-15 06:30:00
30,30,43.48098,10.311768333333331,2023-10-15 06:51:41.186344543,0.5,2023-10-15 06:45:00
30,30,43.48113,10.31171,2023-10-15 07:39:40.393352393,0.4,2023-10-15 07:45:00
30,30,43.48036666666667,10.31211,2023-10-15 07:57:40.864137458,0.4,2023-10-15 08:00:00
30,30,43.48023166666667,10.312081666666668,2023-10-15 08:21:41.913628208,0.3,2023-10-15 08:15:00
30,30,43.48066166666667,10.31209,2023-10-15 09:12:40.653252263,0.4,2023-10-15 09:15:00
30,30,43.48043333333333,10.312145,2023-10-15 09:18:41.483579301,0.8,2023-10-15 09:15:00
31,31,43.49295,10.275,2023-10-04 15:38:19.760087961,6.5,2023-10-04 15:45:00
31,31,43.501995,10.288916666666667,2023-10-04 16:00:58.336814615,0.5,2023-10-04 16:00:00
31,31,43.50197166666667,10.289396666666669,2023-10-04 16:42:58.304635598,0.1,2023-10-04 16:45:00
31,31,43.50188666666666,10.289286666666667,2023-10-04 17:36:58.850112331,0.1,2023-10-04 17:30:00
31,31,43.50239166666667,10.289493333333333,2023-10-05 04:06:58.308298294,0.1,2023-10-05 04:00:00
31,31,43.50177,10.288846666666666,2023-10-05 06:43:00.665731293,0.1,2023-10-05 06:45:00
31,31,43.50231833333333,10.289628333333331,2023-10-05 20:24:58.843245084,0.1,2023-10-05 20:30:00
31,31,43.50221,10.289531666666669,2023-10-05 21:12:58.333961484,0.1,2023-10-05 21:15:00
31,31,43.50212166666667,10.289468333333334,2023-10-05 21:42:58.372053186,0.1,2023-10-05 21:45:00
31,31,43.50237166666667,10.289653333333332,2023-10-06 01:42:58.312554595,0.1,2023-10-06 01:45:00
31,31,43.502105,10.289513333333334,2023-10-06 01:54:58.339712797,0.1,2023-10-06 02:00:00
31,31,43.50242,10.289448333333333,2023-10-06 02:18:58.414713075,0.1,2023-10-06 02:15:00
31,31,43.50183833333333,10.288993333333334,2023-10-06 03:00:59.555912072,0.1,2023-10-06 03:00:00
31,31,43.502315,10.287951666666666,2023-10-06 05:48:58.410564514,0.6,2023-10-06 05:45:00
31,31,43.56932833333334,10.308845,2023-10-06 06:44:13.531978230,1.9,2023-10-06 06:45:00
31,31,43.39877666666666,10.210331666666669,2023-10-13 15:14:41.689614626,13.7,2023-10-13 15:15:00
31,31,43.472636666666666,10.235511666666667,2023-10-13 15:37:21.732896164,10.0,2023-10-13 15:30:00
31,31,43.495345,10.285583333333332,2023-10-13 15:58:27.463289366,2.6,2023-10-13 16:00:00
31,31,43.49711666666667,10.286003333333332,2023-10-13 16:19:30.530533230,0.4,2023-10-13 16:15:00
31,31,43.49670833333333,10.286978333333334,2023-10-13 16:52:29.696451073,0.1,2023-10-13 16:45:00
31,31,43.49678166666667,10.285938333333332,2023-10-13 17:44:18.685199354,4.6,2023-10-13 17:45:00
31,31,43.542721666666665,10.290511666666667,2023-10-13 18:13:13.400041909,7.6,2023-10-13 18:15:00
31,31,43.54978833333333,10.291366666666669,2023-10-13 18:16:30.739090990,7.6,2023-10-13 18:15:00
31,31,43.576078333333335,10.316631666666666,2023-10-14 12:44:31.318134837,3.8,2023-10-14 12:45:00
31,31,43.570701666666665,10.311513333333332,2023-10-14 12:49:41.133470344,5.1,2023-10-14 12:45:00
31,31,43.503215,10.21244,2023-10-14 13:37:13.845953712,12.5,2023-10-14 13:30:00
31,31,43.445885,10.165465,2023-10-14 13:56:21.199993607,12.6,2023-10-14 14:00:00
32,32,43.504,10.2645,2023-10-25 09:10:23.107860417,0.1,2023-10-25 09:15:00
32,32,43.504,10.264666666666669,2023-10-25 09:34:19.329759346,0.1,2023-10-25 09:30:00
32,32,43.50416666666667,10.2645,2023-10-25 09:49:20.902390315,0.1,2023-10-25 09:45:00
32,32,43.504,10.264666666666669,2023-10-25 10:37:22.281827346,0.1,2023-10-25 10:30:00
32,32,43.504333333333335,10.264166666666666,2023-10-25 11:01:18.665473415,0.2,2023-10-25 11:00:00
32,32,43.504333333333335,10.264333333333331,2023-10-25 11:19:20.408302155,0.1,2023-10-25 11:15:00
32,32,43.5045,10.263833333333334,2023-10-25 11:52:21.708627523,0.5,2023-10-25 11:45:00
32,32,43.504,10.2645,2023-10-25 12:25:22.765639851,0.2,2023-10-25 12:30:00
32,32,43.504333333333335,10.264166666666666,2023-10-25 12:55:19.005405900,0.1,2023-10-25 13:00:00
32,32,43.50383333333333,10.264666666666669,2023-10-25 13:25:19.721890266,0.2,2023-10-25 13:30:00
32,32,43.50416666666667,10.2645,2023-10-25 13:52:21.320073427,0.2,2023-10-25 13:45:00
32,32,43.504,10.264666666666669,2023-10-25 14:40:20.829623808,0.2,2023-10-25 14:45:00
32,32,43.504,10.264666666666669,2023-10-25 14:52:22.141099242,0.3,2023-10-25 14:45:00
32,32,43.50416666666667,10.2645,2023-10-25 15:28:18.655094611,0.2,2023-10-25 15:30:00
32,32,43.504,10.264666666666669,2023-10-25 16:07:19.632533656,0.2,2023-10-25 16:00:00
32,32,43.504333333333335,10.264166666666666,2023-10-25 16:43:20.275416268,0.7,2023-10-25 16:45:00
32,32,43.504,10.264666666666669,2023-10-25 17:10:22.783977364,0.2,2023-10-25 17:15:00
32,32,43.50383333333333,10.264833333333334,2023-10-25 17:19:20.400861822,0.1,2023-10-25 17:15:00
32,32,43.504,10.264666666666669,2023-10-25 18:04:21.757301741,0.1,2023-10-25 18:00:00
32,32,43.504,10.264666666666669,2023-10-25 18:25:22.248618475,0.2,2023-10-25 18:30:00
32,32,43.504,10.264666666666669,2023-10-25 18:52:21.623246969,0.1,2023-10-25 18:45:00
32,32,43.50383333333333,10.264833333333334,2023-10-25 19:31:21.682112174,0.2,2023-10-25 19:30:00
32,32,43.504,10.264666666666669,2023-10-25 19:46:19.517994176,0.2,2023-10-25 19:45:00
32,32,43.50383333333333,10.264666666666669,2023-10-25 20:40:22.137838268,0.2,2023-10-25 20:45:00
32,32,43.504,10.264833333333334,2023-10-25 21:04:23.739184740,0.3,2023-10-25 21:00:00
32,32,43.50383333333333,10.264833333333334,2023-10-25 21:22:21.721944174,0.3,2023-10-25 21:15:00
32,32,43.50383333333333,10.264666666666669,2023-10-25 22:13:19.496615684,0.1,2023-10-25 22:15:00
32,32,43.504,10.264666666666669,2023-10-25 22:16:19.615215960,0.1,2023-10-25 22:15:00
32,32,43.504,10.264833333333334,2023-10-25 22:49:18.586234234,0.3,2023-10-25 22:45:00
32,32,43.50383333333333,10.265,2023-10-25 23:34:22.277598848,0.1,2023-10-25 23:30:00
32,32,43.50366666666666,10.265,2023-10-26 00:07:18.486846297,0.3,2023-10-26 00:00:00
32,32,43.50366666666666,10.265,2023-10-26 00:28:21.176026247,0.3,2023-10-26 00:30:00
32,32,43.50366666666666,10.265,2023-10-26 01:10:20.914038678,0.2,2023-10-26 01:15:00
32,32,43.504,10.264833333333334,2023-10-26 01:19:20.906749212,0.3,2023-10-26 01:15:00
32,32,43.504,10.265,2023-10-26 01:46:21.544365015,0.4,2023-10-26 01:45:00
32,32,43.50383333333333,10.265166666666666,2023-10-26 02:28:19.923170574,0.5,2023-10-26 02:30:00
32,32,43.504,10.265166666666666,2023-10-26 02:52:20.781946574,0.2,2023-10-26 02:45:00
32,32,43.50383333333333,10.265333333333333,2023-10-26 03:16:20.023785657,0.4,2023-10-26 03:15:00
32,32,43.50383333333333,10.2655,2023-10-26 03:46:18.641220424,0.1,2023-10-26 03:45:00
32,32,43.50366666666666,10.2655,2023-10-26 04:40:19.843556559,0.3,2023-10-26 04:45:00
32,32,43.50366666666666,10.2655,2023-10-26 05:01:18.897792779,0.3,2023-10-26 05:00:00
32,32,43.50383333333333,10.2655,2023-10-26 05:43:21.261675740,0.5,2023-10-26 05:45:00
32,32,43.50366666666666,10.2655,2023-10-26 05:49:19.717359059,0.4,2023-10-26 05:45:00
32,32,43.50383333333333,10.2655,2023-10-26 06:40:21.601532674,0.1,2023-10-26 06:45:00
32,32,43.50366666666666,10.2655,2023-10-26 07:01:21.676123575,0.3,2023-10-26 07:00:00
32,32,43.504,10.265333333333333,2023-10-26 07:28:22.991495513,0.2,2023-10-26 07:30:00
32,32,43.50383333333333,10.2655,2023-10-26 08:01:19.630370465,0.2,2023-10-26 08:00:00
32,32,43.50383333333333,10.2655,2023-10-26 08:37:20.091081790,0.2,2023-10-26 08:30:00
32,32,43.50366666666666,10.2655,2023-10-26 08:52:22.223787558,0.3,2023-10-26 08:45:00
32,32,43.50383333333333,10.265333333333333,2023-10-26 09:34:19.859725921,0.1,2023-10-26 09:30:00
32,32,43.50416666666667,10.265,2023-10-26 09:52:22.348450901,0.2,2023-10-26 09:45:00
32,32,43.504333333333335,10.265166666666666,2023-10-26 10:28:21.885274266,0.1,2023-10-26 10:30:00
32,32,43.5045,10.264833333333334,2023-10-26 11:07:23.217048620,0.1,2023-10-26 11:00:00
32,32,43.5045,10.264666666666669,2023-10-26 11:40:21.413220693,0.5,2023-10-26 11:45:00
32,32,43.5045,10.264666666666669,2023-10-26 11:55:21.758410498,0.1,2023-10-26 12:00:00
32,32,43.50416666666667,10.265166666666666,2023-10-26 12:37:19.762518863,0.2,2023-10-26 12:30:00
32,32,43.504333333333335,10.264833333333334,2023-10-26 13:01:20.220069088,0.3,2023-10-26 13:00:00
32,32,43.504,10.265333333333333,2023-10-26 13:37:22.301011299,0.2,2023-10-26 13:30:00
32,32,43.50416666666667,10.265166666666666,2023-10-26 14:10:21.796666164,0.3,2023-10-26 14:15:00
32,32,43.504333333333335,10.264833333333334,2023-10-26 14:43:20.873726328,0.1,2023-10-26 14:45:00
32,32,43.5045,10.264666666666669,2023-10-26 15:04:20.700682673,0.3,2023-10-26 15:00:00
32,32,43.5045,10.264666666666669,2023-10-26 15:25:22.579084971,0.2,2023-10-26 15:30:00
32,32,43.5045,10.2645,2023-10-26 16:01:20.886009474,0.2,2023-10-26 16:00:00
32,32,43.50466666666667,10.264333333333331,2023-10-26 16:19:25.610096380,0.2,2023-10-26 16:15:00
32,32,43.50466666666667,10.264166666666666,2023-10-26 17:28:21.789108498,0.4,2023-10-26 17:30:00
32,32,43.505,10.263666666666667,2023-10-26 18:13:21.284463584,0.1,2023-10-26 18:15:00
32,32,43.505,10.2635,2023-10-26 18:16:20.536020990,0.2,2023-10-26 18:15:00
32,32,43.50516666666667,10.263333333333332,2023-10-26 19:10:23.107736381,0.3,2023-10-26 19:15:00
32,32,43.505,10.2635,2023-10-26 19:19:20.773160578,0.4,2023-10-26 19:15:00
32,32,43.50516666666667,10.263166666666669,2023-10-26 20:04:22.729387963,0.1,2023-10-26 20:00:00
32,32,43.50516666666667,10.263166666666669,2023-10-26 20:25:19.554371753,0.1,2023-10-26 20:30:00
32,32,43.50516666666667,10.263,2023-10-26 20:49:21.615935103,0.1,2023-10-26 20:45:00
32,32,43.505,10.2635,2023-10-26 21:34:18.993488834,0.3,2023-10-26 21:30:00
32,32,43.505,10.263666666666667,2023-10-26 22:07:19.950275004,0.4,2023-10-26 22:00:00
32,32,43.5045,10.264833333333334,2023-10-26 22:40:21.923894220,0.1,2023-10-26 22:45:00
32,32,43.50466666666667,10.264666666666669,2023-10-26 22:55:20.121978281,0.1,2023-10-26 23:00:00
32,32,43.50466666666667,10.2645,2023-10-26 23:34:22.460318785,0.2,2023-10-26 23:30:00
32,32,43.50466666666667,10.2645,2023-10-27 00:04:21.804932200,0.1,2023-10-27 00:00:00
32,32,43.50466666666667,10.2645,2023-10-27 00:22:22.505932264,0.3,2023-10-27 00:15:00
32,32,43.50466666666667,10.2645,2023-10-27 00:55:21.056601743,0.2,2023-10-27 01:00:00
32,32,43.50483333333333,10.264333333333331,2023-10-27 01:16:23.786637334,0.1,2023-10-27 01:15:00
32,32,43.50483333333333,10.264166666666666,2023-10-27 01:58:24.350975041,0.3,2023-10-27 02:00:00
32,32,43.50466666666667,10.264666666666669,2023-10-27 02:37:21.843790704,0.2,2023-10-27 02:30:00
32,32,43.50483333333333,10.264333333333331,2023-10-27 03:04:22.550883170,0.1,2023-10-27 03:00:00
32,32,43.5045,10.265,2023-10-27 03:28:20.691563808,0.1,2023-10-27 03:30:00
32,32,43.5075,10.271,2023-10-27 04:10:21.155883255,1.6,2023-10-27 04:15:00
32,32,43.507333333333335,10.271666666666668,2023-10-27 04:41:24.791740474,1.4,2023-10-27 04:45:00
32,32,43.5005,10.266,2023-10-27 04:56:14.838977069,5.0,2023-10-27 05:00:00
32,32,43.47116666666667,10.222166666666668,2023-10-27 05:25:04.984008534,5.1,2023-10-27 05:30:00
32,32,43.4295,10.169333333333332,2023-10-27 06:08:06.794185861,3.6,2023-10-27 06:15:00
32,32,43.42283333333333,10.1605,2023-10-27 06:16:06.275103749,4.5,2023-10-27 06:15:00
32,32,43.38666666666666,10.129,2023-10-27 06:56:43.001358548,3.7,2023-10-27 07:00:00
32,32,43.38516666666667,10.275666666666666,2023-10-27 11:09:34.574055112,8.7,2023-10-27 11:15:00
32,32,43.385,10.285666666666666,2023-10-27 11:25:14.839628319,3.4,2023-10-27 11:30:00
32,32,43.39116666666666,10.328333333333337,2023-10-28 05:44:02.253898427,10.7,2023-10-28 05:45:00
32,32,43.38733333333333,10.308333333333334,2023-10-28 05:57:04.681636507,6.7,2023-10-28 06:00:00
32,32,43.41566666666667,10.250666666666666,2023-10-28 13:09:46.452574431,9.7,2023-10-28 13:15:00
32,32,43.45733333333333,10.2605,2023-10-28 13:27:36.513953986,6.6,2023-10-28 13:30:00
32,32,43.4845,10.2695,2023-10-28 14:09:30.674369333,0.1,2023-10-28 14:15:00
32,32,43.48466666666666,10.2695,2023-10-28 14:36:29.197407546,0.2,2023-10-28 14:30:00
32,32,43.48466666666666,10.2695,2023-10-28 14:48:34.265010671,0.2,2023-10-28 14:45:00
32,32,43.48466666666666,10.269333333333332,2023-10-28 15:18:29.262918532,0.2,2023-10-28 15:15:00
32,32,43.48466666666666,10.2695,2023-10-28 16:12:29.948354274,0.1,2023-10-28 16:15:00
32,32,43.48466666666666,10.269333333333332,2023-10-28 16:21:29.932891690,0.1,2023-10-28 16:15:00
32,32,43.4845,10.2695,2023-10-28 17:24:30.619163795,0.1,2023-10-28 17:30:00
32,32,43.48483333333333,10.2695,2023-10-28 18:00:31.925979310,0.1,2023-10-28 18:00:00
32,32,43.4845,10.2695,2023-10-28 18:33:31.913201677,0.4,2023-10-28 18:30:00
32,32,43.48516666666667,10.269333333333332,2023-10-28 18:57:30.209303598,0.1,2023-10-28 19:00:00
32,32,43.4855,10.268833333333331,2023-10-28 19:42:34.570760904,0.1,2023-10-28 19:45:00
32,32,43.4855,10.269,2023-10-28 20:00:31.523382605,0.3,2023-10-28 20:00:00
32,32,43.48533333333333,10.269,2023-10-28 20:42:33.260955723,0.1,2023-10-28 20:45:00
32,32,43.48533333333333,10.268833333333331,2023-10-28 22:03:32.070349553,0.2,2023-10-28 22:00:00
32,32,43.4855,10.268666666666666,2023-10-28 22:18:30.908071052,0.1,2023-10-28 22:15:00
32,32,43.4855,10.268666666666666,2023-10-28 22:48:30.454931871,0.1,2023-10-28 22:45:00
32,32,43.4855,10.268666666666666,2023-10-28 23:18:34.442633672,0.2,2023-10-28 23:15:00
32,32,43.48583333333333,10.268,2023-10-29 00:03:31.029511167,0.1,2023-10-29 00:00:00
32,32,43.48583333333333,10.268333333333334,2023-10-29 00:15:31.794900606,0.2,2023-10-29 00:15:00
32,32,43.48583333333333,10.268,2023-10-29 00:48:33.810478425,0.1,2023-10-29 00:45:00
32,32,43.48616666666667,10.267166666666666,2023-10-29 01:42:29.325200888,0.1,2023-10-29 01:45:00
32,32,43.486,10.267166666666666,2023-10-29 02:12:31.286149476,0.3,2023-10-29 02:15:00
32,32,43.48616666666667,10.266666666666667,2023-10-29 02:30:33.832631189,0.1,2023-10-29 02:30:00
32,32,43.48616666666667,10.2665,2023-10-29 03:09:30.230414800,0.1,2023-10-29 03:15:00
32,32,43.48616666666667,10.2665,2023-10-29 03:36:34.121409848,0.1,2023-10-29 03:30:00
32,32,43.486,10.266333333333334,2023-10-29 04:03:31.924383787,0.2,2023-10-29 04:00:00
32,32,43.486,10.266166666666669,2023-10-29 04:18:32.686291705,0.1,2023-10-29 04:15:00
32,32,43.486,10.266,2023-10-29 05:06:31.819445772,0.1,2023-10-29 05:00:00
32,32,43.486,10.266166666666669,2023-10-29 05:27:32.284323468,0.5,2023-10-29 05:30:00
32,32,43.486,10.265833333333337,2023-10-29 06:21:33.422750600,0.2,2023-10-29 06:15:00
32,32,43.48616666666667,10.266333333333334,2023-10-29 06:48:31.219897094,0.1,2023-10-29 06:45:00
32,32,43.48616666666667,10.266166666666669,2023-10-29 07:21:32.407169232,0.3,2023-10-29 07:15:00
32,32,43.486,10.266,2023-10-29 07:48:32.953273310,0.3,2023-10-29 07:45:00
32,32,43.48616666666667,10.266166666666669,2023-10-29 08:15:30.579995022,0.2,2023-10-29 08:15:00
32,32,43.48633333333333,10.267,2023-10-29 09:00:30.043727690,0.2,2023-10-29 09:00:00
32,32,43.48633333333333,10.266833333333333,2023-10-29 09:18:29.170275141,0.1,2023-10-29 09:15:00
32,32,43.48633333333333,10.267333333333331,2023-10-29 09:51:33.998800868,0.2,2023-10-29 09:45:00
32,32,43.48633333333333,10.267166666666666,2023-10-29 10:21:30.507821938,0.2,2023-10-29 10:15:00
32,32,43.48633333333333,10.266833333333333,2023-10-29 11:06:32.897695971,0.1,2023-10-29 11:00:00
32,32,43.48633333333333,10.266833333333333,2023-10-29 11:15:29.681451692,0.3,2023-10-29 11:15:00
32,32,43.48633333333333,10.266666666666667,2023-10-29 11:57:32.550760299,0.1,2023-10-29 12:00:00
32,32,43.48633333333333,10.266833333333333,2023-10-29 12:39:31.475871737,0.3,2023-10-29 12:45:00
32,32,43.48633333333333,10.266666666666667,2023-10-29 12:45:32.174823231,0.2,2023-10-29 12:45:00
32,32,43.4865,10.267,2023-10-29 14:03:29.890014027,0.2,2023-10-29 14:00:00
32,32,43.48633333333333,10.266833333333333,2023-10-29 14:33:32.163233410,0.2,2023-10-29 14:30:00
32,32,43.48633333333333,10.2665,2023-10-29 14:45:33.447256594,0.1,2023-10-29 14:45:00
32,32,43.48633333333333,10.2675,2023-10-29 15:54:34.036704901,0.1,2023-10-29 16:00:00
32,32,43.48633333333333,10.267,2023-10-29 16:42:32.245337974,0.1,2023-10-29 16:45:00
32,32,43.48633333333333,10.266833333333333,2023-10-29 16:45:29.550378082,0.1,2023-10-29 16:45:00
32,32,43.48633333333333,10.267,2023-10-29 17:21:33.570239742,0.2,2023-10-29 17:15:00
32,32,43.48633333333333,10.266666666666667,2023-10-29 18:39:31.120488755,0.3,2023-10-29 18:45:00
32,32,43.48633333333333,10.2665,2023-10-29 19:03:29.732970897,0.3,2023-10-29 19:00:00
32,32,43.48633333333333,10.2665,2023-10-29 19:24:32.081441819,0.1,2023-10-29 19:30:00
32,32,43.48633333333333,10.266833333333333,2023-10-29 20:03:31.381556754,0.2,2023-10-29 20:00:00
32,32,43.48633333333333,10.266166666666669,2023-10-29 20:21:30.287336004,0.4,2023-10-29 20:15:00
32,32,43.4865,10.266666666666667,2023-10-29 21:06:30.387047186,0.2,2023-10-29 21:00:00
32,32,43.4865,10.266666666666667,2023-10-29 21:27:33.673905260,0.2,2023-10-29 21:30:00
32,32,43.4865,10.266166666666669,2023-10-29 22:03:30.842132388,0.1,2023-10-29 22:00:00
32,32,43.4865,10.2665,2023-10-29 22:30:30.712147393,0.1,2023-10-29 22:30:00
32,32,43.4865,10.266166666666669,2023-10-29 22:51:32.686919997,0.2,2023-10-29 22:45:00
32,32,43.4865,10.265833333333337,2023-10-29 23:24:30.765212530,0.1,2023-10-29 23:30:00
32,32,43.4865,10.265333333333333,2023-10-30 00:00:31.871643539,0.4,2023-10-30 00:00:00
32,32,43.486666666666665,10.265333333333333,2023-10-30 00:39:32.802693519,0.7,2023-10-30 00:45:00
32,32,43.486666666666665,10.2655,2023-10-30 00:45:33.442125457,0.1,2023-10-30 00:45:00
32,32,43.486666666666665,10.264833333333334,2023-10-30 08:03:32.766069319,0.1,2023-10-30 08:00:00
32,32,43.4865,10.2645,2023-10-30 08:39:30.357273866,0.2,2023-10-30 08:45:00
32,32,43.4865,10.2645,2023-10-30 08:54:31.670455209,0.3,2023-10-30 09:00:00
32,32,43.4865,10.264833333333334,2023-10-30 09:27:32.123034689,0.3,2023-10-30 09:30:00
32,32,43.4865,10.2645,2023-10-30 09:51:33.589782496,0.2,2023-10-30 09:45:00
32,32,43.4865,10.264666666666669,2023-10-30 10:15:33.376752681,0.2,2023-10-30 10:15:00
32,32,43.486666666666665,10.264666666666669,2023-10-30 11:06:30.452487507,0.2,2023-10-30 11:00:00
32,32,43.4865,10.2645,2023-10-30 11:27:30.873441412,0.1,2023-10-30 11:30:00
32,32,43.486666666666665,10.2645,2023-10-30 12:12:30.231896899,0.2,2023-10-30 12:15:00
32,32,43.486666666666665,10.264333333333331,2023-10-30 12:42:31.441441104,0.3,2023-10-30 12:45:00
32,32,43.486666666666665,10.264333333333331,2023-10-30 13:09:34.749121151,0.1,2023-10-30 13:15:00
32,32,43.486666666666665,10.2645,2023-10-30 13:15:32.091897612,0.2,2023-10-30 13:15:00
32,32,43.486666666666665,10.2645,2023-10-30 13:51:32.457979223,0.3,2023-10-30 13:45:00
32,32,43.486666666666665,10.2645,2023-10-30 14:24:31.914112522,0.2,2023-10-30 14:30:00
32,32,43.48683333333334,10.264666666666669,2023-10-30 14:48:32.503295297,0.1,2023-10-30 14:45:00
32,32,43.48683333333334,10.264833333333334,2023-10-30 15:48:32.090585208,0.1,2023-10-30 15:45:00
32,32,43.48683333333334,10.264833333333334,2023-10-30 16:18:31.409617801,0.4,2023-10-30 16:15:00
32,32,43.486666666666665,10.264333333333331,2023-10-30 17:06:30.184009291,0.1,2023-10-30 17:00:00
32,32,43.48683333333334,10.2645,2023-10-30 17:21:30.481309463,0.4,2023-10-30 17:15:00
32,32,43.48683333333334,10.264666666666669,2023-10-30 17:51:32.312087511,0.1,2023-10-30 17:45:00
32,32,43.486666666666665,10.264333333333331,2023-10-30 18:33:33.383027324,0.2,2023-10-30 18:30:00
32,32,43.48683333333334,10.264833333333334,2023-10-30 18:51:29.578066405,0.3,2023-10-30 18:45:00
32,32,43.48683333333334,10.266333333333334,2023-10-30 19:36:30.304167441,0.1,2023-10-30 19:30:00
32,32,43.486666666666665,10.266333333333334,2023-10-30 20:03:30.523917468,0.4,2023-10-30 20:00:00
32,32,43.48616666666667,10.268333333333334,2023-10-30 21:06:32.310967198,0.2,2023-10-30 21:00:00
32,32,43.48583333333333,10.2685,2023-10-30 21:21:30.494685156,0.1,2023-10-30 21:15:00
32,32,43.4855,10.268833333333331,2023-10-30 22:12:30.266919308,0.1,2023-10-30 22:15:00
32,32,43.48583333333333,10.268666666666666,2023-10-30 22:42:31.149617437,0.3,2023-10-30 22:45:00
32,32,43.48583333333333,10.2685,2023-10-30 22:45:29.872502957,0.2,2023-10-30 22:45:00
32,32,43.48566666666667,10.268666666666666,2023-10-30 23:42:32.231869525,0.2,2023-10-30 23:45:00
32,32,43.48516666666667,10.269,2023-10-30 23:54:30.208645573,0.1,2023-10-31 00:00:00
33,33,43.4035,10.1875,2023-10-21 06:39:46.521704752,10.4,2023-10-21 06:45:00
33,33,43.41916666666667,10.200833333333332,2023-10-21 06:46:16.275881660,10.4,2023-10-21 06:45:00
33,33,43.499,10.2825,2023-10-21 07:27:16.955951949,4.1,2023-10-21 07:30:00
33,33,43.50266666666666,10.2885,2023-10-21 07:56:36.125388346,0.2,2023-10-21 08:00:00
33,33,43.50266666666666,10.288666666666668,2023-10-21 08:38:36.078617758,0.2,2023-10-21 08:45:00
33,33,43.502500000000005,10.288833333333336,2023-10-21 09:02:35.960495813,0.1,2023-10-21 09:00:00
33,33,43.50233333333333,10.289166666666668,2023-10-21 09:26:35.975153612,0.4,2023-10-21 09:30:00
33,33,43.502500000000005,10.289,2023-10-21 09:47:36.369405665,0.4,2023-10-21 09:45:00
33,33,43.501,10.289666666666667,2023-10-21 10:35:37.433794345,0.2,2023-10-21 10:30:00
33,33,43.50016666666667,10.289333333333332,2023-10-21 11:05:36.865183688,0.3,2023-10-21 11:00:00
33,33,43.5,10.287333333333333,2023-10-21 11:32:35.957731463,0.5,2023-10-21 11:30:00
33,33,43.49966666666667,10.287833333333332,2023-10-21 11:53:36.016578807,0.2,2023-10-21 12:00:00
33,33,43.49983333333333,10.286666666666669,2023-10-21 12:41:35.965968670,0.3,2023-10-21 12:45:00
33,33,43.49983333333333,10.287,2023-10-21 12:56:35.983515866,0.2,2023-10-21 13:00:00
33,33,43.50383333333333,10.282,2023-10-21 13:37:19.720509192,3.4,2023-10-21 13:30:00
33,33,43.51766666666666,10.269166666666669,2023-10-21 14:00:48.387258708,1.0,2023-10-21 14:00:00
33,33,43.54316666666667,10.290666666666668,2023-10-21 14:42:26.876723639,6.7,2023-10-21 14:45:00
33,33,43.56466666666667,10.303666666666668,2023-10-21 14:56:47.202003357,5.4,2023-10-21 15:00:00
33,33,43.574,10.317666666666666,2023-10-21 16:21:28.831264773,0.1,2023-10-21 16:15:00
33,33,43.574,10.317666666666666,2023-10-21 17:44:27.426211384,0.1,2023-10-21 17:45:00
33,33,43.574,10.317666666666666,2023-10-21 18:06:56.276704616,0.1,2023-10-21 18:00:00
33,33,43.574,10.317666666666666,2023-10-21 18:30:27.125150488,0.1,2023-10-21 18:30:00
33,33,43.574,10.317666666666666,2023-10-21 21:34:19.491637674,0.1,2023-10-21 21:30:00
33,33,43.574,10.317666666666666,2023-10-21 22:07:59.285982888,0.1,2023-10-21 22:15:00
33,33,43.574,10.317666666666666,2023-10-21 22:15:48.423115718,0.1,2023-10-21 22:15:00
33,33,43.4995,10.287166666666668,2023-10-25 08:30:51.531943831,0.6,2023-10-25 08:30:00
33,33,43.4995,10.287166666666668,2023-10-25 09:09:50.178744488,0.4,2023-10-25 09:15:00
33,33,43.4995,10.287,2023-10-25 09:21:49.580285510,0.3,2023-10-25 09:15:00
33,33,43.49983333333333,10.286666666666669,2023-10-25 10:06:51.335517372,0.3,2023-10-25 10:00:00
33,33,43.49983333333333,10.2865,2023-10-25 10:36:51.143615181,0.6,2023-10-25 10:30:00
33,33,43.4995,10.286833333333334,2023-10-25 11:00:49.961822113,0.6,2023-10-25 11:00:00
33,33,43.49983333333333,10.286666666666669,2023-10-25 11:21:50.020000914,0.3,2023-10-25 11:15:00
33,33,43.49983333333333,10.286666666666669,2023-10-25 11:51:50.053423881,0.6,2023-10-25 11:45:00
33,33,43.49983333333333,10.286666666666669,2023-10-25 12:24:49.559318519,0.2,2023-10-25 12:30:00
33,33,43.49966666666667,10.287,2023-10-25 13:03:52.057963238,0.5,2023-10-25 13:00:00
33,33,43.4995,10.287,2023-10-25 13:24:49.593482191,0.1,2023-10-25 13:30:00
33,33,43.4995,10.287166666666668,2023-10-25 14:09:49.572515439,0.1,2023-10-25 14:15:00
33,33,43.49933333333333,10.287166666666668,2023-10-25 14:27:49.597974852,0.1,2023-10-25 14:30:00
33,33,43.49933333333333,10.287166666666668,2023-10-25 14:51:49.633026280,0.1,2023-10-25 14:45:00
33,33,43.49933333333333,10.287166666666668,2023-10-25 15:15:52.926850389,0.4,2023-10-25 15:15:00
33,33,43.49916666666666,10.287333333333333,2023-10-25 15:48:50.996928316,0.1,2023-10-25 15:45:00
33,33,43.49933333333333,10.287166666666668,2023-10-25 16:21:49.592964960,0.1,2023-10-25 16:15:00
33,33,43.4995,10.287166666666668,2023-10-25 17:09:50.542462306,0.6,2023-10-25 17:15:00
33,33,43.49933333333333,10.287166666666668,2023-10-25 17:18:49.589302517,0.1,2023-10-25 17:15:00
33,33,43.4995,10.287166666666668,2023-10-25 18:09:49.596879274,0.1,2023-10-25 18:15:00
33,33,43.4995,10.287166666666668,2023-10-25 18:30:49.587335010,0.3,2023-10-25 18:30:00
33,33,43.49933333333333,10.287333333333333,2023-10-25 18:51:49.603714936,0.3,2023-10-25 18:45:00
33,33,43.49916666666666,10.287333333333333,2023-10-25 19:27:50.588584434,0.1,2023-10-25 19:30:00
33,33,43.49933333333333,10.287333333333333,2023-10-25 19:57:49.694889441,0.2,2023-10-25 20:00:00
33,33,43.49933333333333,10.287333333333333,2023-10-25 20:18:49.726667708,0.1,2023-10-25 20:15:00
33,33,43.49933333333333,10.287333333333333,2023-10-25 21:03:49.598775585,0.2,2023-10-25 21:00:00
33,33,43.49933333333333,10.287166666666668,2023-10-25 21:33:51.028990644,0.2,2023-10-25 21:30:00
33,33,43.4995,10.287166666666668,2023-10-25 22:12:49.650387458,0.2,2023-10-25 22:15:00
33,33,43.4995,10.287166666666668,2023-10-25 22:18:49.616809261,0.1,2023-10-25 22:15:00
33,33,43.49933333333333,10.287166666666668,2023-10-25 22:48:49.763071577,0.4,2023-10-25 22:45:00
33,33,43.499,10.2875,2023-10-25 23:33:50.427747825,0.7,2023-10-25 23:30:00
33,33,43.49916666666666,10.287333333333333,2023-10-26 00:06:51.162889829,0.2,2023-10-26 00:00:00
33,33,43.49916666666666,10.287333333333333,2023-10-26 00:27:49.823267239,0.1,2023-10-26 00:30:00
33,33,43.49933333333333,10.287333333333333,2023-10-26 00:45:51.150029189,0.6,2023-10-26 00:45:00
33,33,43.49933333333333,10.287333333333333,2023-10-26 01:18:50.025697734,0.2,2023-10-26 01:15:00
33,33,43.499,10.2875,2023-10-26 02:03:49.744665900,0.2,2023-10-26 02:00:00
33,33,43.49933333333333,10.287333333333333,2023-10-26 02:21:49.558829303,0.1,2023-10-26 02:15:00
33,33,43.49916666666666,10.287333333333333,2023-10-26 02:51:51.130712212,0.5,2023-10-26 02:45:00
33,33,43.49916666666666,10.2875,2023-10-26 03:36:51.355850007,0.1,2023-10-26 03:30:00
33,33,43.49916666666666,10.2875,2023-10-26 03:51:49.577746774,0.3,2023-10-26 03:45:00
33,33,43.499,10.2875,2023-10-26 04:39:49.567576856,0.6,2023-10-26 04:45:00
33,33,43.499,10.2875,2023-10-26 04:57:50.985866769,0.3,2023-10-26 05:00:00
33,33,43.499,10.2875,2023-10-26 05:36:49.675894343,0.3,2023-10-26 05:30:00
33,33,43.499,10.2875,2023-10-26 05:57:50.908406203,0.2,2023-10-26 06:00:00
33,33,43.499,10.2875,2023-10-26 06:39:50.621452456,0.1,2023-10-26 06:45:00
33,33,43.499,10.287666666666668,2023-10-26 06:48:51.072522901,0.1,2023-10-26 06:45:00
33,33,43.49916666666666,10.2875,2023-10-26 07:27:49.599985515,0.3,2023-10-26 07:30:00
33,33,43.499,10.287666666666668,2023-10-26 07:54:49.574242537,0.5,2023-10-26 08:00:00
33,33,43.49883333333333,10.287666666666668,2023-10-26 08:24:49.622919994,0.2,2023-10-26 08:30:00
33,33,43.498666666666665,10.2875,2023-10-26 08:51:49.803373219,0.5,2023-10-26 08:45:00
33,33,43.499,10.2875,2023-10-26 09:30:49.692389628,0.1,2023-10-26 09:30:00
33,33,43.49916666666666,10.287333333333333,2023-10-26 09:51:49.946614554,0.3,2023-10-26 09:45:00
33,33,43.49933333333333,10.287166666666668,2023-10-26 10:27:49.903638163,0.4,2023-10-26 10:30:00
33,33,43.4995,10.287166666666668,2023-10-26 10:54:49.650096250,0.3,2023-10-26 11:00:00
33,33,43.49966666666667,10.286833333333334,2023-10-26 11:39:49.737703292,0.2,2023-10-26 11:45:00
33,33,43.49966666666667,10.287,2023-10-26 12:12:50.889464603,0.2,2023-10-26 12:15:00
33,33,43.49966666666667,10.286833333333334,2023-10-26 12:21:50.444409137,0.6,2023-10-26 12:15:00
33,33,43.4995,10.287166666666668,2023-10-26 12:57:50.102577351,0.3,2023-10-26 13:00:00
33,33,43.49933333333333,10.287333333333333,2023-10-26 13:15:49.827512126,0.4,2023-10-26 13:15:00
33,33,43.49916666666666,10.287333333333333,2023-10-26 14:09:49.577083164,0.4,2023-10-26 14:15:00
33,33,43.49933333333333,10.287333333333333,2023-10-26 14:33:51.723552053,0.3,2023-10-26 14:30:00
33,33,43.49966666666667,10.287,2023-10-26 15:03:49.786229464,0.2,2023-10-26 15:00:00
33,33,43.49966666666667,10.287,2023-10-26 15:24:49.862471408,0.1,2023-10-26 15:30:00
33,33,43.49966666666667,10.287,2023-10-26 15:51:49.590864351,0.1,2023-10-26 15:45:00
33,33,43.49966666666667,10.286833333333334,2023-10-26 16:21:49.847849909,0.3,2023-10-26 16:15:00
33,33,43.49983333333333,10.286333333333332,2023-10-26 17:06:49.607033100,0.3,2023-10-26 17:00:00
33,33,43.49983333333333,10.2865,2023-10-26 17:15:49.569662402,0.5,2023-10-26 17:15:00
33,33,43.50016666666667,10.286,2023-10-26 18:12:49.872793841,0.2,2023-10-26 18:15:00
33,33,43.50016666666667,10.285666666666666,2023-10-26 18:42:49.614873180,0.5,2023-10-26 18:45:00
33,33,43.50016666666667,10.2855,2023-10-26 19:03:50.211329049,0.2,2023-10-26 19:00:00
33,33,43.50016666666667,10.285,2023-10-26 19:42:49.596594701,0.7,2023-10-26 19:45:00
33,33,43.50016666666667,10.285,2023-10-26 20:03:49.558107974,0.5,2023-10-26 20:00:00
33,33,43.50016666666667,10.285333333333334,2023-10-26 20:33:52.311504859,0.3,2023-10-26 20:30:00
33,33,43.50016666666667,10.2855,2023-10-26 20:54:50.511304664,0.2,2023-10-26 21:00:00
33,33,43.50016666666667,10.285666666666666,2023-10-26 21:39:50.271279725,0.1,2023-10-26 21:45:00
33,33,43.5,10.286333333333332,2023-10-26 22:12:51.506133331,0.3,2023-10-26 22:15:00
33,33,43.49983333333333,10.286833333333334,2023-10-26 22:39:49.563512539,0.1,2023-10-26 22:45:00
33,33,43.49983333333333,10.286666666666669,2023-10-26 22:54:49.565974849,0.1,2023-10-26 23:00:00
33,33,43.5,10.286166666666666,2023-10-26 23:45:49.576903856,0.2,2023-10-26 23:45:00
33,33,43.49983333333333,10.2865,2023-10-27 00:21:49.559354289,0.3,2023-10-27 00:15:00
33,33,43.49983333333333,10.286666666666669,2023-10-27 00:45:50.348363397,0.2,2023-10-27 00:45:00
33,33,43.49983333333333,10.2865,2023-10-27 01:33:49.627658097,0.3,2023-10-27 01:30:00
33,33,43.49983333333333,10.2865,2023-10-27 02:03:49.568117615,0.2,2023-10-27 02:00:00
33,33,43.49966666666667,10.286833333333334,2023-10-27 02:36:51.348376079,0.4,2023-10-27 02:30:00
33,33,43.49966666666667,10.286833333333334,2023-10-27 03:03:49.579564085,0.3,2023-10-27 03:00:00
33,33,43.49966666666667,10.287,2023-10-27 03:18:51.601010523,0.3,2023-10-27 03:15:00
33,33,43.4995,10.287333333333333,2023-10-27 04:03:49.566700566,0.2,2023-10-27 04:00:00
33,33,43.49966666666667,10.287166666666668,2023-10-27 04:18:51.375429870,1.0,2023-10-27 04:15:00
33,33,43.49966666666667,10.287166666666668,2023-10-27 05:09:49.571974767,1.2,2023-10-27 05:15:00
33,33,43.49966666666667,10.287166666666668,2023-10-27 05:15:49.665857477,1.0,2023-10-27 05:15:00
33,33,43.5,10.286833333333334,2023-10-27 06:06:49.635583921,1.1,2023-10-27 06:00:00
33,33,43.5,10.287,2023-10-27 06:15:49.597564785,0.7,2023-10-27 06:15:00
33,33,43.5,10.288166666666664,2023-10-27 06:45:49.552074911,0.3,2023-10-27 06:45:00
33,33,43.50016666666667,10.288666666666668,2023-10-27 07:36:50.763940838,0.3,2023-10-27 07:30:00
33,33,43.5,10.288833333333336,2023-10-27 08:12:50.834123165,0.2,2023-10-27 08:15:00
33,33,43.5,10.2885,2023-10-27 08:27:49.574502729,0.3,2023-10-27 08:30:00
33,33,43.50016666666667,10.288833333333336,2023-10-27 09:00:49.576330059,1.2,2023-10-27 09:00:00
33,33,43.49983333333333,10.288833333333336,2023-10-27 09:21:51.288174601,0.5,2023-10-27 09:15:00
33,33,43.5,10.289,2023-10-27 09:54:51.624849314,0.4,2023-10-27 10:00:00
33,33,43.4995,10.289166666666668,2023-10-27 10:42:50.337624595,0.4,2023-10-27 10:45:00
33,33,43.4995,10.289166666666668,2023-10-27 10:48:51.420649684,0.6,2023-10-27 10:45:00
33,33,43.498333333333335,10.2845,2023-10-27 11:26:13.238470953,4.0,2023-10-27 11:30:00
33,33,43.47116666666667,10.271833333333332,2023-10-27 12:07:45.588967859,0.3,2023-10-27 12:15:00
33,33,43.45483333333333,10.254666666666669,2023-10-27 12:44:03.474075141,1.7,2023-10-27 12:45:00
33,33,43.448,10.2465,2023-10-27 12:59:04.853278107,1.1,2023-10-27 13:00:00
33,33,43.43266666666667,10.231833333333332,2023-10-27 13:35:23.180383371,1.2,2023-10-27 13:30:00
33,33,43.426,10.224166666666669,2023-10-27 13:51:32.758852747,2.7,2023-10-27 13:45:00
33,33,43.41416666666667,10.2115,2023-10-27 14:28:54.999933491,1.8,2023-10-27 14:30:00
33,33,43.406333333333336,10.203,2023-10-27 15:07:34.604809597,0.8,2023-10-27 15:15:00
33,33,43.4045,10.202166666666669,2023-10-27 15:18:35.256453984,1.0,2023-10-27 15:15:00
33,33,43.38583333333334,10.1895,2023-10-27 16:04:31.953421507,2.9,2023-10-27 16:00:00
33,33,43.39433333333333,10.1775,2023-10-28 13:44:53.751353136,8.6,2023-10-28 13:45:00
33,33,43.444833333333335,10.221666666666666,2023-10-28 14:10:02.488046980,8.5,2023-10-28 14:15:00
33,33,43.47566666666667,10.253333333333334,2023-10-28 14:36:03.472829393,4.2,2023-10-28 14:30:00
33,33,43.49216666666667,10.267666666666663,2023-10-28 14:48:32.569450103,3.5,2023-10-28 14:45:00
33,33,43.49466666666667,10.272833333333333,2023-10-28 15:26:16.786621540,0.4,2023-10-28 15:30:00
33,33,43.49483333333333,10.272666666666668,2023-10-28 16:11:14.858919818,0.1,2023-10-28 16:15:00
33,33,43.4945,10.272666666666668,2023-10-28 16:44:15.054944520,0.1,2023-10-28 16:45:00
33,33,43.49433333333333,10.272666666666668,2023-10-28 17:11:17.260803266,0.1,2023-10-28 17:15:00
33,33,43.49433333333333,10.272833333333333,2023-10-28 17:29:16.628069321,0.2,2023-10-28 17:30:00
33,33,43.49466666666667,10.272666666666668,2023-10-28 17:53:16.479908454,0.2,2023-10-28 18:00:00
33,33,43.4945,10.272833333333333,2023-10-28 18:35:15.580390000,0.2,2023-10-28 18:30:00
33,33,43.49466666666667,10.272833333333333,2023-10-28 18:47:16.934568077,0.3,2023-10-28 18:45:00
33,33,43.49533333333333,10.2725,2023-10-28 19:23:16.661586692,0.1,2023-10-28 19:30:00
33,33,43.49516666666667,10.2725,2023-10-28 19:47:14.871090720,0.2,2023-10-28 19:45:00
33,33,43.49533333333333,10.272333333333334,2023-10-28 20:20:15.045618990,0.5,2023-10-28 20:15:00
33,33,43.49533333333333,10.2725,2023-10-28 21:14:14.881399949,0.3,2023-10-28 21:15:00
33,33,43.49533333333333,10.2725,2023-10-28 21:44:14.879108001,0.3,2023-10-28 21:45:00
33,33,43.49533333333333,10.272333333333334,2023-10-28 21:50:16.387071324,0.3,2023-10-28 21:45:00
33,33,43.4955,10.272166666666667,2023-10-28 22:32:14.910826754,0.4,2023-10-28 22:30:00
33,33,43.495666666666665,10.272,2023-10-28 23:02:15.395259054,0.2,2023-10-28 23:00:00
33,33,43.495666666666665,10.272,2023-10-28 23:38:14.931958355,0.1,2023-10-28 23:45:00
33,33,43.495666666666665,10.272,2023-10-28 23:53:15.027691802,0.1,2023-10-29 00:00:00
33,33,43.49583333333333,10.271833333333332,2023-10-29 00:23:15.021875221,0.3,2023-10-29 00:30:00
33,33,43.49583333333333,10.2715,2023-10-29 00:47:16.007583534,0.5,2023-10-29 00:45:00
33,33,43.496,10.270666666666669,2023-10-29 01:44:16.012620808,0.5,2023-10-29 01:45:00
33,33,43.496,10.271166666666666,2023-10-29 02:14:14.923646227,0.3,2023-10-29 02:15:00
33,33,43.496,10.271,2023-10-29 02:32:14.924903164,0.3,2023-10-29 02:30:00
33,33,43.496,10.270833333333334,2023-10-29 02:50:16.849746122,0.5,2023-10-29 02:45:00
33,33,43.496,10.270833333333334,2023-10-29 03:23:16.842882747,0.2,2023-10-29 03:30:00
33,33,43.496,10.270666666666669,2023-10-29 03:59:14.883848099,0.4,2023-10-29 04:00:00
33,33,43.496,10.270333333333332,2023-10-29 04:44:15.043824112,0.5,2023-10-29 04:45:00
33,33,43.496,10.2705,2023-10-29 05:11:17.166584209,0.2,2023-10-29 05:15:00
33,33,43.496,10.270166666666666,2023-10-29 05:29:15.999317623,0.4,2023-10-29 05:30:00
33,33,43.496,10.270333333333332,2023-10-29 05:50:16.685685098,0.1,2023-10-29 05:45:00
33,33,43.496,10.270166666666666,2023-10-29 06:23:16.337140109,0.1,2023-10-29 06:30:00
33,33,43.496,10.270333333333332,2023-10-29 06:59:14.901361997,0.1,2023-10-29 07:00:00
33,33,43.496,10.270333333333332,2023-10-29 07:32:15.002185108,0.2,2023-10-29 07:30:00
33,33,43.496,10.270166666666666,2023-10-29 07:56:16.462711174,0.1,2023-10-29 08:00:00
33,33,43.49616666666667,10.2705,2023-10-29 08:29:16.515973239,0.2,2023-10-29 08:30:00
33,33,43.49616666666667,10.270833333333334,2023-10-29 08:56:15.288502069,0.2,2023-10-29 09:00:00
33,33,43.49616666666667,10.271,2023-10-29 10:14:16.840091190,0.2,2023-10-29 10:15:00
33,33,43.49616666666667,10.271,2023-10-29 10:38:15.928983510,0.3,2023-10-29 10:45:00
33,33,43.49616666666667,10.271,2023-10-29 10:50:16.024122812,0.3,2023-10-29 10:45:00
33,33,43.49616666666667,10.271166666666666,2023-10-29 12:14:15.387623585,0.2,2023-10-29 12:15:00
33,33,43.49616666666667,10.271,2023-10-29 12:23:16.756305331,0.3,2023-10-29 12:30:00
33,33,43.49616666666667,10.271,2023-10-29 12:56:15.198600523,0.2,2023-10-29 13:00:00
33,33,43.49616666666667,10.271,2023-10-29 13:17:15.426641754,0.1,2023-10-29 13:15:00
33,33,43.49616666666667,10.271,2023-10-29 14:02:14.890053245,0.2,2023-10-29 14:00:00
33,33,43.49616666666667,10.270666666666669,2023-10-29 14:26:15.421828224,0.4,2023-10-29 14:30:00
33,33,43.49616666666667,10.270833333333334,2023-10-29 14:50:16.044516528,0.1,2023-10-29 14:45:00
33,33,43.49616666666667,10.270833333333334,2023-10-29 15:23:15.063759015,0.1,2023-10-29 15:30:00
33,33,43.49616666666667,10.271166666666666,2023-10-29 16:05:15.062049782,0.1,2023-10-29 16:00:00
33,33,43.49616666666667,10.271,2023-10-29 16:17:15.900070624,0.2,2023-10-29 16:15:00
33,33,43.49616666666667,10.271166666666666,2023-10-29 17:14:16.565703252,0.3,2023-10-29 17:15:00
33,33,43.49616666666667,10.270666666666669,2023-10-29 17:41:15.450940249,0.2,2023-10-29 17:45:00
33,33,43.49616666666667,10.270666666666669,2023-10-29 18:05:17.478750597,0.2,2023-10-29 18:00:00
33,33,43.49616666666667,10.2705,2023-10-29 18:26:15.656581809,0.2,2023-10-29 18:30:00
33,33,43.49616666666667,10.270666666666669,2023-10-29 18:50:16.071550471,0.3,2023-10-29 18:45:00
33,33,43.49616666666667,10.2705,2023-10-29 19:17:16.651706124,0.3,2023-10-29 19:15:00
33,33,43.49616666666667,10.270333333333332,2023-10-29 19:53:14.896902449,0.6,2023-10-29 20:00:00
33,33,43.49616666666667,10.270333333333332,2023-10-29 20:20:15.729388671,0.5,2023-10-29 20:15:00
33,33,43.49616666666667,10.271,2023-10-29 21:08:16.513146170,0.1,2023-10-29 21:15:00
33,33,43.49633333333334,10.270333333333332,2023-10-29 21:32:14.964302486,0.3,2023-10-29 21:30:00
33,33,43.49633333333334,10.270166666666666,2023-10-29 22:08:16.429851596,0.4,2023-10-29 22:15:00
33,33,43.49633333333334,10.270666666666669,2023-10-29 22:29:15.898489344,0.2,2023-10-29 22:30:00
33,33,43.49633333333334,10.27,2023-10-29 22:56:16.961575885,0.3,2023-10-29 23:00:00
33,33,43.4965,10.269833333333334,2023-10-29 23:41:15.235070358,0.3,2023-10-29 23:45:00
33,33,43.4965,10.269666666666666,2023-10-29 23:56:17.691174787,0.2,2023-10-30 00:00:00
33,33,43.4965,10.269833333333334,2023-10-30 00:17:16.356944597,0.6,2023-10-30 00:15:00
33,33,43.4965,10.269666666666666,2023-10-30 00:50:17.819781129,0.5,2023-10-30 00:45:00
33,33,43.49666666666667,10.269,2023-10-30 08:11:17.341936589,0.5,2023-10-30 08:15:00
33,33,43.49666666666667,10.269,2023-10-30 08:44:15.056094468,0.2,2023-10-30 08:45:00
33,33,43.49666666666667,10.268833333333331,2023-10-30 08:53:14.860619120,0.1,2023-10-30 09:00:00
33,33,43.49666666666667,10.269166666666669,2023-10-30 09:44:14.931245231,0.2,2023-10-30 09:45:00
33,33,43.49666666666667,10.269,2023-10-30 09:47:14.885562986,0.4,2023-10-30 09:45:00
33,33,43.49666666666667,10.269,2023-10-30 10:29:14.880598801,0.1,2023-10-30 10:30:00
33,33,43.49666666666667,10.269,2023-10-30 10:50:14.927029322,0.2,2023-10-30 10:45:00
33,33,43.49666666666667,10.269,2023-10-30 11:26:14.926890154,0.1,2023-10-30 11:30:00
33,33,43.49666666666667,10.269166666666669,2023-10-30 12:14:14.862715768,0.3,2023-10-30 12:15:00
33,33,43.49666666666667,10.269,2023-10-30 12:17:15.237710452,0.2,2023-10-30 12:15:00
33,33,43.496833333333335,10.268833333333331,2023-10-30 13:17:14.870161805,0.2,2023-10-30 13:15:00
33,33,43.496833333333335,10.268833333333331,2023-10-30 14:11:14.904068543,0.2,2023-10-30 14:15:00
33,33,43.496833333333335,10.269,2023-10-30 14:17:15.234225911,0.5,2023-10-30 14:15:00
33,33,43.496833333333335,10.268833333333331,2023-10-30 15:08:14.905640346,0.4,2023-10-30 15:15:00
33,33,43.496833333333335,10.268833333333331,2023-10-30 15:26:14.890900082,0.1,2023-10-30 15:30:00
33,33,43.496833333333335,10.269166666666669,2023-10-30 15:47:15.950977458,0.3,2023-10-30 15:45:00
33,33,43.496833333333335,10.269166666666669,2023-10-30 16:32:15.489326883,0.2,2023-10-30 16:30:00
33,33,43.496833333333335,10.268833333333331,2023-10-30 17:14:14.919516906,0.1,2023-10-30 17:15:00
33,33,43.496833333333335,10.269,2023-10-30 17:23:14.884761612,0.2,2023-10-30 17:30:00
33,33,43.497,10.269166666666669,2023-10-30 18:14:17.208924438,0.2,2023-10-30 18:15:00
33,33,43.497,10.269166666666669,2023-10-30 18:26:15.940086759,0.4,2023-10-30 18:30:00
33,33,43.497,10.269666666666666,2023-10-30 18:50:14.917095137,0.5,2023-10-30 18:45:00
33,33,43.496833333333335,10.269833333333334,2023-10-30 19:32:16.785327118,0.1,2023-10-30 19:30:00
33,33,43.496833333333335,10.270666666666669,2023-10-30 19:53:16.372714416,0.3,2023-10-30 20:00:00
33,33,43.4965,10.271333333333333,2023-10-30 20:23:15.353472202,0.4,2023-10-30 20:30:00
33,33,43.49616666666667,10.271833333333332,2023-10-30 20:59:15.225201977,0.6,2023-10-30 21:00:00
33,33,43.495666666666665,10.272333333333334,2023-10-30 21:32:14.854429715,0.3,2023-10-30 21:30:00
33,33,43.49583333333333,10.272166666666667,2023-10-30 21:53:14.873736855,0.3,2023-10-30 22:00:00
33,33,43.49583333333333,10.272333333333334,2023-10-30 22:44:14.873092575,0.4,2023-10-30 22:45:00
33,33,43.49583333333333,10.272166666666667,2023-10-30 22:56:14.908359645,0.2,2023-10-30 23:00:00
33,33,43.495666666666665,10.272166666666667,2023-10-30 23:29:16.825029010,0.3,2023-10-30 23:30:00
34,34,43.57407666666666,10.305855,2023-10-02 05:44:26.410948206,2.2,2023-10-02 05:45:00
34,34,43.57952833333333,10.304096666666668,2023-10-02 06:09:35.943691251,0.6,2023-10-02 06:15:00
34,34,43.57634666666667,10.30618,2023-10-02 08:26:44.339367926,0.9,2023-10-02 08:30:00
34,34,43.561886666666666,10.302446666666668,2023-10-02 12:13:33.268981797,0.6,2023-10-02 12:15:00
34,34,43.57304333333333,10.314805,2023-10-03 13:11:33.108067105,0.1,2023-10-03 13:15:00
34,34,43.58391666666667,10.319521666666668,2023-10-03 13:33:56.037169353,0.1,2023-10-03 13:30:00
34,34,43.569833333333335,10.30826,2023-10-05 08:08:27.342613063,4.6,2023-10-05 08:15:00
34,34,43.57388,10.304885,2023-10-05 11:44:52.818060272,2.6,2023-10-05 11:45:00
34,34,43.56205833333333,10.302828333333334,2023-10-05 12:04:42.236312786,0.1,2023-10-05 12:00:00
34,34,43.55032166666667,10.296298333333334,2023-10-05 16:40:53.037629803,3.0,2023-10-05 16:45:00
34,34,43.55733166666666,10.294618333333334,2023-10-05 18:44:55.279630444,8.4,2023-10-05 18:45:00
34,34,43.55451666666667,10.293305,2023-10-06 12:07:55.286260097,5.9,2023-10-06 12:15:00
34,34,43.578383333333335,10.304845,2023-10-09 12:01:26.224880353,5.1,2023-10-09 12:00:00
34,34,43.577665,10.30519,2023-10-10 14:43:14.082938880,7.0,2023-10-10 14:45:00
34,34,43.55056666666667,10.294578333333334,2023-10-10 15:14:09.610431304,2.4,2023-10-10 15:15:00
34,34,43.55112999999999,10.296333333333331,2023-10-10 17:13:17.513151371,2.3,2023-10-10 17:15:00
34,34,43.551365,10.291245,2023-10-10 17:17:50.393052906,5.5,2023-10-10 17:15:00
34,34,43.575833333333335,10.316573333333334,2023-10-11 11:01:48.529594123,7.4,2023-10-11 11:00:00
34,34,43.55648,10.29556,2023-10-11 11:23:45.767772579,0.1,2023-10-11 11:30:00
34,34,43.55927833333333,10.297318333333331,2023-10-11 17:27:09.792964441,5.1,2023-10-11 17:30:00
34,34,43.569155,10.306485,2023-10-11 20:31:47.933686982,7.6,2023-10-11 20:30:00
34,34,43.551588333333335,10.297563333333333,2023-10-12 14:00:43.962019481,5.9,2023-10-12 14:00:00
34,34,43.551415,10.297945,2023-10-12 16:10:18.056868834,1.3,2023-10-12 16:15:00
34,34,43.56941666666667,10.310201666666668,2023-10-12 16:23:38.902061468,8.9,2023-10-12 16:30:00
34,34,43.57379333333333,10.315203333333333,2023-10-13 10:36:53.258856402,7.7,2023-10-13 10:30:00
34,34,43.55627666666667,10.302043333333334,2023-10-13 11:04:35.045911107,1.3,2023-10-13 11:00:00
34,34,43.55059000000001,10.295535,2023-10-14 08:27:31.316096671,2.2,2023-10-14 08:30:00
34,34,43.57070833333333,10.309951666666668,2023-10-14 09:01:08.344919314,1.8,2023-10-14 09:00:00
34,34,43.55066833333333,10.294778333333332,2023-10-14 11:34:46.614503417,4.7,2023-10-14 11:30:00
34,34,43.55639333333333,10.302123333333332,2023-10-14 11:48:33.204447415,0.1,2023-10-14 11:45:00
34,34,43.55401833333334,10.29163,2023-10-14 17:07:57.827635647,5.4,2023-10-14 17:15:00
34,34,43.55814,10.295841666666666,2023-10-14 17:23:00.623200708,0.4,2023-10-14 17:30:00
34,34,43.55624666666667,10.297901666666666,2023-10-14 17:50:01.588513056,0.6,2023-10-14 17:45:00
34,34,43.55266166666667,10.298766666666667,2023-10-14 19:40:43.626037102,1.1,2023-10-14 19:45:00
34,34,43.555528333333335,10.301513333333332,2023-10-14 19:45:47.538301845,3.1,2023-10-14 19:45:00
34,34,43.551946666666666,10.298083333333333,2023-10-16 09:13:27.225622715,1.4,2023-10-16 09:15:00
34,34,43.55636833333333,10.302131666666666,2023-10-16 09:22:26.030680098,0.2,2023-10-16 09:15:00
34,34,43.5519,10.297981666666669,2023-10-18 05:48:57.127514676,3.7,2023-10-18 05:45:00
34,34,43.560678333333335,10.298583333333331,2023-10-18 06:20:03.645583348,8.5,2023-10-18 06:15:00
34,34,43.573701666666665,10.315081666666666,2023-10-18 10:46:01.611881686,5.6,2023-10-18 10:45:00
34,34,43.551606666666665,10.297506666666669,2023-10-18 15:28:08.457917218,2.0,2023-10-18 15:30:00
34,34,43.556223333333335,10.295548333333333,2023-10-18 17:23:00.602824098,0.7,2023-10-18 17:30:00
34,34,43.55642833333333,10.29568,2023-10-20 01:16:24.239747136,0.1,2023-10-20 01:15:00
34,34,43.57900833333333,10.317225,2023-10-20 06:10:03.398932426,1.0,2023-10-20 06:15:00
34,34,43.573978333333336,10.315563333333332,2023-10-21 08:37:52.314963620,4.1,2023-10-21 08:45:00
34,34,43.57519333333333,10.305966666666666,2023-10-21 09:15:36.487769703,0.2,2023-10-21 09:15:00
34,34,43.57556,10.305885,2023-10-21 09:57:35.666200184,0.1,2023-10-21 10:00:00
34,34,43.58132,10.305518333333334,2023-10-25 19:35:28.304276343,0.1,2023-10-25 19:30:00
34,34,43.57401,10.305861666666669,2023-10-26 06:05:32.518340936,7.6,2023-10-26 06:00:00
34,34,43.56416,10.303025,2023-10-26 10:54:59.908803589,8.4,2023-10-26 11:00:00
34,34,43.562195,10.302891666666666,2023-10-26 19:20:01.450399895,0.1,2023-10-26 19:15:00
34,34,43.55506333333334,10.293418333333332,2023-10-27 07:43:46.390688918,4.3,2023-10-27 07:45:00
34,34,43.55034,10.296796666666667,2023-10-27 07:50:07.057944892,2.7,2023-10-27 07:45:00
34,34,43.55061666666666,10.299448333333334,2023-10-27 10:07:38.314317783,0.4,2023-10-27 10:15:00
34,34,43.562165,10.302875,2023-10-27 16:33:37.081552083,0.1,2023-10-27 16:30:00
34,34,43.562176666666666,10.30291,2023-10-27 17:06:36.727462042,0.1,2023-10-27 17:00:00
34,34,43.56217,10.30288,2023-10-27 18:24:37.568165628,0.1,2023-10-27 18:30:00
34,34,43.56220833333334,10.30287,2023-10-27 20:00:36.936324302,0.1,2023-10-27 20:00:00
34,34,43.56220333333333,10.302856666666663,2023-10-27 21:33:36.979050929,0.1,2023-10-27 21:30:00
34,34,43.562178333333335,10.302883333333334,2023-10-28 00:37:33.772271256,0.1,2023-10-28 00:45:00
34,34,43.562185,10.30289,2023-10-28 02:19:33.435236859,0.1,2023-10-28 02:15:00
34,34,43.55588333333333,10.294986666666668,2023-10-28 07:31:41.512916383,2.3,2023-10-28 07:30:00
34,34,43.55069666666667,10.300033333333332,2023-10-28 07:57:50.833942113,0.9,2023-10-28 08:00:00
34,34,43.55130833333333,10.292501666666668,2023-10-28 09:43:26.810608326,5.6,2023-10-28 09:45:00
34,34,43.56108666666667,10.299275,2023-10-28 09:50:53.016997693,4.4,2023-10-28 09:45:00
34,34,43.566835,10.30641,2023-10-30 09:14:55.344326072,7.3,2023-10-30 09:15:00
34,34,43.567335,10.307073333333332,2023-10-30 09:15:14.951219134,7.5,2023-10-30 09:15:00
34,34,43.583205,10.319271666666667,2023-10-30 14:21:36.697105853,1.5,2023-10-30 14:15:00
34,34,43.55364833333333,10.293253333333332,2023-10-30 17:13:52.978306468,4.6,2023-10-30 17:15:00
34,34,43.55256166666666,10.298611666666666,2023-10-30 17:23:18.876574909,0.7,2023-10-30 17:30:00
34,34,43.55383,10.300391666666666,2023-10-30 18:08:27.472556342,0.5,2023-10-30 18:15:00
34,34,43.57647166666666,10.316951666666666,2023-10-30 20:35:53.592521535,5.3,2023-10-30 20:30:00
35,35,43.583823333333335,10.319003333333336,2023-10-02 05:44:22.936428918,2.2,2023-10-02 05:45:00
35,35,43.583965,10.318913333333334,2023-10-02 09:14:03.592015774,0.1,2023-10-02 09:15:00
35,35,43.57738,10.316895,2023-10-02 17:14:50.701057891,4.4,2023-10-02 17:15:00
35,35,43.57468333333334,10.315683333333334,2023-10-02 17:17:11.012742080,3.8,2023-10-02 17:15:00
35,35,43.57963,10.303953333333334,2023-10-02 17:55:22.545390282,0.1,2023-10-02 18:00:00
35,35,43.556270000000005,10.294255,2023-10-02 20:12:32.620748314,3.6,2023-10-02 20:15:00
35,35,43.55613,10.302041666666666,2023-10-02 20:30:46.806973544,1.3,2023-10-02 20:30:00
35,35,43.55048166666666,10.297461666666669,2023-10-03 05:14:55.184826430,1.4,2023-10-03 05:15:00
35,35,43.550355,10.298476666666666,2023-10-03 05:16:56.288883281,1.3,2023-10-03 05:15:00
35,35,43.55547166666667,10.30157,2023-10-03 07:21:18.492539527,2.6,2023-10-03 07:15:00
35,35,43.571558333333336,10.312813333333334,2023-10-05 13:38:54.603161737,6.9,2023-10-05 13:45:00
35,35,43.58341,10.319243333333333,2023-10-05 17:14:06.505213336,3.2,2023-10-05 17:15:00
35,35,43.56852,10.308415,2023-10-05 17:25:38.163159808,8.1,2023-10-05 17:30:00
35,35,43.55569333333334,10.297611666666668,2023-10-09 06:12:07.445851729,0.1,2023-10-09 06:15:00
35,35,43.556305,10.298831666666668,2023-10-09 06:21:06.956118252,0.1,2023-10-09 06:15:00
35,35,43.555995,10.298253333333331,2023-10-09 08:03:07.810886011,0.1,2023-10-09 08:00:00
35,35,43.57309333333333,10.306096666666669,2023-10-09 08:25:16.294597604,5.4,2023-10-09 08:30:00
35,35,43.57702,10.306171666666668,2023-10-09 09:12:44.000613519,0.9,2023-10-09 09:15:00
35,35,43.581435000000006,10.304078333333331,2023-10-09 09:30:50.688280392,0.5,2023-10-09 09:30:00
35,35,43.55699666666667,10.298203333333332,2023-10-09 19:48:59.078992744,0.1,2023-10-09 19:45:00
35,35,43.557368333333336,10.298081666666668,2023-10-09 20:24:58.339637141,0.1,2023-10-09 20:30:00
35,35,43.57862166666666,10.317548333333333,2023-10-09 21:13:30.429130591,2.8,2023-10-09 21:15:00
35,35,43.579258333333335,10.317686666666669,2023-10-09 21:16:50.253549418,0.9,2023-10-09 21:15:00
35,35,43.55044166666666,10.297568333333334,2023-10-10 17:00:13.760618595,2.3,2023-10-10 17:00:00
35,35,43.57935166666667,10.305133333333334,2023-10-10 19:14:22.287668528,2.4,2023-10-10 19:15:00
35,35,43.580416666666665,10.305645,2023-10-10 19:17:41.353828607,0.6,2023-10-10 19:15:00
35,35,43.56431666666666,10.30337,2023-10-11 08:27:02.707764882,4.5,2023-10-11 08:30:00
35,35,43.572995,10.314521666666668,2023-10-12 10:52:48.041918340,7.6,2023-10-12 11:00:00
35,35,43.575495,10.316326666666669,2023-10-13 05:31:21.695488561,6.8,2023-10-13 05:30:00
35,35,43.56151,10.299091666666667,2023-10-13 16:14:13.980828394,5.1,2023-10-13 16:15:00
35,35,43.55393,10.29603,2023-10-13 16:43:23.247457295,0.2,2023-10-13 16:45:00
35,35,43.55041333333334,10.296475,2023-10-13 16:59:37.788418663,2.9,2023-10-13 17:00:00
35,35,43.56234,10.300463333333331,2023-10-13 18:44:06.759807006,1.0,2023-10-13 18:45:00
35,35,43.57197666666666,10.313286666666666,2023-10-16 12:24:10.231406696,8.0,2023-10-16 12:30:00
35,35,43.563273333333335,10.299725,2023-10-16 17:33:59.851086618,0.1,2023-10-16 17:30:00
35,35,43.576348333333335,10.305063333333331,2023-10-16 17:54:29.919140670,3.2,2023-10-16 18:00:00
35,35,43.579585,10.304651666666668,2023-10-16 20:00:21.616817092,0.3,2023-10-16 20:00:00
35,35,43.563335,10.300536666666666,2023-10-16 20:30:17.595848316,1.6,2023-10-16 20:30:00
35,35,43.56886,10.306465,2023-10-17 05:35:04.741030843,3.8,2023-10-17 05:30:00
35,35,43.579395,10.305098333333332,2023-10-17 05:46:44.148544350,0.4,2023-10-17 05:45:00
35,35,43.57463166666666,10.305545,2023-10-17 08:04:58.398642718,8.7,2023-10-17 08:00:00
35,35,43.582546666666666,10.318941666666666,2023-10-20 15:09:17.001424926,0.2,2023-10-20 15:15:00
35,35,43.5826,10.319211666666666,2023-10-21 09:13:32.952605309,0.2,2023-10-21 09:15:00
35,35,43.56316666666667,10.299883333333334,2023-10-21 09:31:11.822709399,1.0,2023-10-21 09:30:00
35,35,43.55654166666667,10.29914,2023-10-25 08:41:00.600543669,0.1,2023-10-25 08:45:00
35,35,43.581055,10.318406666666668,2023-10-25 10:03:00.605568635,0.6,2023-10-25 10:00:00
35,35,43.583945,10.319535,2023-10-28 06:47:12.472492223,0.1,2023-10-28 06:45:00
35,35,43.57788,10.304948333333334,2023-10-30 09:14:48.904032353,3.1,2023-10-30 09:15:00
35,35,43.57751333333333,10.305075,2023-10-30 09:15:24.098638717,2.6,2023-10-30 09:15:00
35,35,43.55629166666667,10.298723333333331,2023-10-30 09:46:17.701666136,0.6,2023-10-30 09:45:00
35,35,43.55649,10.2992,2023-10-30 11:10:17.261999425,0.1,2023-10-30 11:15:00
35,35,43.55650833333333,10.299155,2023-10-30 11:16:18.377594494,0.1,2023-10-30 11:15:00
35,35,43.56002166666666,10.29726,2023-10-30 12:13:09.500516624,6.1,2023-10-30 12:15:00
35,35,43.57819166666666,10.305081666666666,2023-10-30 12:31:02.573356500,2.3,2023-10-30 12:30:00
35,35,43.57110166666666,10.312293333333336,2023-10-30 15:26:09.383838031,5.9,2023-10-30 15:30:00
35,35,43.58391833333334,10.319555,2023-10-30 15:47:37.645124007,0.2,2023-10-30 15:45:00
35,35,43.58396833333334,10.319511666666669,2023-10-30 18:50:37.638804424,0.2,2023-10-30 18:45:00
35,35,43.57985833333333,10.317553333333333,2023-10-30 19:36:49.374373687,0.4,2023-10-30 19:30:00
36,36,43.49880666666666,10.274516666666669,2023-10-01 01:13:42.187150876,0.2,2023-10-01 01:15:00
36,36,43.497685,10.27692,2023-10-01 05:14:09.745465214,0.2,2023-10-01 05:15:00
36,36,43.49766666666667,10.276955,2023-10-01 06:44:12.446249450,0.1,2023-10-01 06:45:00
36,36,43.49740833333333,10.27594,2023-10-01 07:14:13.072707268,0.1,2023-10-01 07:15:00
36,36,43.49814333333334,10.275391666666668,2023-10-01 07:40:24.374804831,0.7,2023-10-01 07:45:00
36,36,43.497975,10.274978333333332,2023-10-01 08:00:19.107617941,0.1,2023-10-01 08:00:00
36,36,43.49894166666666,10.2746,2023-10-01 09:27:22.274188952,0.1,2023-10-01 09:30:00
36,36,43.49973333333333,10.27516,2023-10-01 10:13:48.097237132,0.2,2023-10-01 10:15:00
36,36,43.49991,10.275306666666667,2023-10-01 10:31:47.785955343,0.1,2023-10-01 10:30:00
36,36,43.498736666666666,10.274661666666669,2023-10-01 11:13:49.718361917,0.1,2023-10-01 11:15:00
36,36,43.498215,10.274845,2023-10-01 11:34:50.292214997,0.1,2023-10-01 11:30:00
36,36,43.498178333333335,10.276163333333333,2023-10-01 12:18:29.161255205,1.0,2023-10-01 12:15:00
36,36,43.534185,10.277695,2023-10-01 13:02:09.218653588,5.4,2023-10-01 13:00:00
36,36,43.57483166666667,10.315905,2023-10-01 13:44:00.207594834,2.0,2023-10-01 13:45:00
36,36,43.584215,10.319613333333333,2023-10-01 16:44:53.044433595,0.2,2023-10-01 16:45:00
36,36,43.584105,10.319575,2023-10-01 18:14:56.249027912,0.4,2023-10-01 18:15:00
36,36,43.58427,10.319621666666666,2023-10-01 19:44:58.345926957,0.4,2023-10-01 19:45:00
36,36,43.58416333333333,10.319608333333331,2023-10-01 20:08:59.319550275,0.3,2023-10-01 20:15:00
36,36,43.58416166666667,10.319586666666668,2023-10-01 22:27:04.850973699,0.3,2023-10-01 22:30:00
36,36,43.58421833333333,10.319541666666668,2023-10-02 01:03:09.320176490,0.1,2023-10-02 01:00:00
36,36,43.584158333333335,10.31958,2023-10-02 07:39:22.031824616,0.3,2023-10-02 07:45:00
36,36,43.58416666666667,10.319628333333332,2023-10-02 11:04:28.782920701,0.1,2023-10-02 11:00:00
36,36,43.584125,10.319576666666668,2023-10-02 14:01:56.034872780,0.1,2023-10-02 14:00:00
36,36,43.58416666666667,10.319688333333334,2023-10-02 16:44:00.014045910,0.1,2023-10-02 16:45:00
36,36,43.584073333333336,10.31962,2023-10-02 18:41:04.460828684,0.2,2023-10-02 18:45:00
36,36,43.58409666666667,10.319598333333332,2023-10-02 20:35:08.530165780,0.1,2023-10-02 20:30:00
36,36,43.584066666666665,10.319636666666666,2023-10-02 21:20:10.312206160,0.1,2023-10-02 21:15:00
36,36,43.584093333333335,10.319648333333332,2023-10-02 22:14:33.729321254,0.2,2023-10-02 22:15:00
36,36,43.584073333333336,10.319576666666668,2023-10-03 01:24:19.565498813,0.2,2023-10-03 01:30:00
36,36,43.561855,10.299863333333333,2023-10-03 07:13:03.342418241,6.1,2023-10-03 07:15:00
36,36,43.53304,10.25936,2023-10-03 07:36:04.224460849,9.3,2023-10-03 07:30:00
36,36,43.49149833333333,10.184061666666668,2023-10-03 07:58:17.207745483,12.8,2023-10-03 08:00:00
36,36,43.436751666666666,10.238331666666664,2023-10-13 19:08:23.741397987,12.7,2023-10-13 19:15:00
36,36,43.47917333333333,10.265016666666666,2023-10-13 19:27:44.434970899,6.1,2023-10-13 19:30:00
36,36,43.494575000000005,10.271405,2023-10-13 19:58:47.378796489,0.2,2023-10-13 20:00:00
36,36,43.49619833333334,10.272003333333334,2023-10-13 23:37:56.388052174,0.1,2023-10-13 23:45:00
36,36,43.496735,10.271253333333334,2023-10-13 23:58:56.606862682,0.1,2023-10-14 00:00:00
36,36,43.49659833333333,10.269691666666668,2023-10-14 05:08:06.377296769,0.1,2023-10-14 05:15:00
36,36,43.49649333333333,10.269043333333334,2023-10-14 06:02:08.556588785,0.1,2023-10-14 06:00:00
36,36,43.49693333333333,10.269901666666668,2023-10-14 06:20:07.173209209,0.1,2023-10-14 06:15:00
36,36,43.496946666666666,10.270506666666668,2023-10-14 11:59:20.494926427,0.5,2023-10-14 12:00:00
36,36,43.48866833333333,10.262316666666669,2023-10-14 12:24:11.102004464,5.0,2023-10-14 12:30:00
36,36,43.49206,10.21934,2023-10-14 12:49:29.428123370,5.4,2023-10-14 12:45:00
36,36,43.56571666666667,10.305046666666668,2023-10-14 13:37:20.709192740,4.4,2023-10-14 13:30:00
36,36,43.57248333333334,10.313761666666666,2023-10-14 13:56:48.981472168,1.5,2023-10-14 14:00:00
36,36,43.58118,10.31827,2023-10-14 14:15:09.161786589,1.9,2023-10-14 14:15:00
36,36,43.43385166666667,10.181616666666669,2023-10-25 16:43:52.556817208,12.9,2023-10-25 16:45:00
36,36,43.47873333333334,10.26647,2023-10-25 17:10:10.420280976,6.5,2023-10-25 17:15:00
36,36,43.485726666666665,10.28276,2023-10-25 17:19:32.734623839,3.7,2023-10-25 17:15:00
36,36,43.48367666666666,10.296083333333334,2023-10-25 21:04:27.658945649,0.1,2023-10-25 21:00:00
36,36,43.48400166666667,10.295918333333333,2023-10-25 22:07:28.114652833,0.2,2023-10-25 22:00:00
36,36,43.48378,10.296153333333333,2023-10-26 00:07:32.695017653,0.1,2023-10-26 00:15:00
36,36,43.48363333333334,10.296311666666666,2023-10-26 00:28:33.650120703,0.1,2023-10-26 00:30:00
36,36,43.48396,10.297116666666666,2023-10-26 01:52:36.577426172,0.1,2023-10-26 02:00:00
36,36,43.48483833333333,10.30085,2023-10-26 03:46:40.468380489,0.1,2023-10-26 03:45:00
36,36,43.48549,10.303888333333331,2023-10-26 04:35:05.153027528,0.9,2023-10-26 04:30:00
36,36,43.49131666666666,10.277175,2023-10-26 04:58:46.802170457,2.9,2023-10-26 05:00:00
36,36,43.49387333333333,10.273445,2023-10-26 07:02:52.480564499,0.1,2023-10-26 07:00:00
36,36,43.49409333333333,10.273416666666666,2023-10-26 07:26:52.551266716,0.1,2023-10-26 07:30:00
36,36,43.49388166666667,10.273398333333336,2023-10-26 08:05:53.878302276,0.3,2023-10-26 08:00:00
36,36,43.49403,10.273285,2023-10-26 10:05:58.693236628,0.1,2023-10-26 10:00:00
36,36,43.49427166666667,10.273205,2023-10-26 10:26:57.915268660,0.2,2023-10-26 10:30:00
36,36,43.494040000000005,10.273365,2023-10-26 13:33:06.032291371,0.1,2023-10-26 13:30:00
36,36,43.494101666666666,10.273328333333334,2023-10-26 14:12:06.173152742,0.1,2023-10-26 14:15:00
36,36,43.49417166666667,10.273131666666666,2023-10-26 14:15:07.002100275,0.2,2023-10-26 14:15:00
36,36,43.49427166666667,10.273213333333333,2023-10-26 14:45:08.431185548,0.1,2023-10-26 14:45:00
36,36,43.49491833333333,10.272461666666668,2023-10-26 16:57:13.151809877,0.1,2023-10-26 17:00:00
36,36,43.49520833333334,10.271766666666668,2023-10-26 19:42:16.546675826,0.1,2023-10-26 19:45:00
36,36,43.49532666666666,10.271268333333332,2023-10-26 20:27:19.036282874,0.1,2023-10-26 20:30:00
36,36,43.49524666666667,10.271708333333333,2023-10-26 20:54:19.399808381,0.1,2023-10-26 21:00:00
36,36,43.495225,10.271771666666666,2023-10-26 21:39:21.326735719,0.2,2023-10-26 21:45:00
36,36,43.49514833333333,10.272128333333336,2023-10-26 22:12:21.823659779,0.1,2023-10-26 22:15:00
36,36,43.49471166666667,10.272688333333331,2023-10-26 22:45:23.511630285,0.1,2023-10-26 22:45:00
36,36,43.49497833333333,10.272298333333334,2023-10-26 23:54:26.276631992,0.1,2023-10-27 00:00:00
36,36,43.49482833333333,10.272756666666668,2023-10-27 03:18:33.003767024,0.2,2023-10-27 03:15:00
36,36,43.494545,10.273226666666666,2023-10-27 04:06:34.536459075,0.1,2023-10-27 04:00:00
36,36,43.49478333333333,10.272956666666666,2023-10-27 04:18:33.498881621,0.3,2023-10-27 04:15:00
36,36,43.49501333333333,10.272793333333334,2023-10-27 04:54:35.563371137,0.1,2023-10-27 05:00:00
36,36,43.49504833333334,10.273228333333332,2023-10-27 06:06:39.066922936,0.2,2023-10-27 06:00:00
36,36,43.49494833333333,10.273533333333337,2023-10-27 06:48:38.753818738,0.1,2023-10-27 06:45:00
36,36,43.49489666666667,10.274268333333334,2023-10-27 07:36:41.347211726,0.1,2023-10-27 07:30:00
36,36,43.49471666666667,10.274871666666666,2023-10-27 08:12:42.424116577,0.2,2023-10-27 08:15:00
36,36,43.49510333333333,10.273961666666668,2023-10-27 09:54:34.108547844,0.2,2023-10-27 10:00:00
36,36,43.46986666666667,10.252325,2023-10-27 10:42:42.582646195,4.9,2023-10-27 10:45:00
36,36,43.436040000000006,10.236966666666666,2023-10-27 11:08:54.646945935,5.2,2023-10-27 11:15:00
36,36,43.41433666666667,10.228225,2023-10-27 11:26:14.706949924,4.6,2023-10-27 11:30:00
36,36,43.385255,10.212805,2023-10-27 11:48:55.675703395,4.6,2023-10-27 11:45:00
36,36,43.43202833333333,10.140961666666668,2023-10-28 09:12:54.671566266,7.0,2023-10-28 09:15:00
36,36,43.472675,10.195966666666669,2023-10-28 09:43:44.731082718,4.1,2023-10-28 09:45:00
36,36,43.47908333333333,10.199051666666666,2023-10-28 09:50:49.305009713,4.3,2023-10-28 09:45:00
36,36,43.532273333333336,10.27383,2023-10-28 10:32:44.739813096,8.7,2023-10-28 10:30:00
36,36,43.56955833333333,10.30826,2023-10-28 10:58:39.063906123,2.8,2023-10-28 11:00:00
36,36,43.58414333333334,10.319445,2023-10-28 11:30:14.102935562,0.2,2023-10-28 11:30:00
36,36,43.561595,10.299421666666666,2023-10-30 08:44:39.066403383,5.5,2023-10-30 08:45:00
36,36,43.54759,10.291403333333331,2023-10-30 08:54:39.023938637,6.5,2023-10-30 09:00:00
36,36,43.469485,10.161498333333332,2023-10-30 09:39:17.881248066,11.5,2023-10-30 09:45:00
36,36,43.44904833333333,10.144523333333332,2023-10-30 09:46:49.184347307,11.3,2023-10-30 09:45:00
37,37,43.504795,10.233518333333334,2023-10-27 02:44:07.862179686,4.5,2023-10-27 02:45:00
37,37,43.51676833333333,10.253205,2023-10-27 03:04:57.710135284,1.6,2023-10-27 03:00:00
37,37,43.52,10.264683333333332,2023-10-27 03:24:06.951251682,2.5,2023-10-27 03:30:00
37,37,43.57259333333333,10.314516666666666,2023-10-27 04:10:48.447952359,4.0,2023-10-27 04:15:00
37,37,43.57606,10.316346666666668,2023-10-27 04:17:56.572459807,0.4,2023-10-27 04:15:00
37,37,43.576476666666665,10.316235,2023-10-27 06:15:40.298617028,0.1,2023-10-27 06:15:00
37,37,43.576483333333336,10.316233333333336,2023-10-27 08:12:39.794448940,0.1,2023-10-27 08:15:00
37,37,43.57648833333334,10.316231666666663,2023-10-27 12:39:40.750155833,0.1,2023-10-27 12:45:00
37,37,43.576483333333336,10.316218333333332,2023-10-27 16:33:39.322326658,0.1,2023-10-27 16:30:00
37,37,43.576476666666665,10.316233333333336,2023-10-27 23:48:41.101179062,0.1,2023-10-27 23:45:00
37,37,43.57648,10.316238333333333,2023-10-28 00:36:40.366207064,0.1,2023-10-28 00:30:00
37,37,43.57647166666666,10.316233333333336,2023-10-28 05:12:41.869793292,0.1,2023-10-28 05:15:00
37,37,43.57359666666667,10.315216666666666,2023-10-28 06:46:54.886708750,4.7,2023-10-28 06:45:00
37,37,43.525153333333336,10.220858333333332,2023-10-28 07:31:03.141405977,13.4,2023-10-28 07:30:00
37,37,43.42389666666666,10.184593333333334,2023-10-28 07:58:12.283199051,14.2,2023-10-28 08:00:00
38,38,43.47233000000001,10.272666666666668,2023-10-28 15:04:53.168201678,4.6,2023-10-28 15:00:00
38,38,43.475,10.278665,2023-10-28 15:30:08.269953720,0.2,2023-10-28 15:30:00
38,38,43.47516333333333,10.278665,2023-10-28 15:53:53.968858477,0.4,2023-10-28 16:00:00
38,38,43.475,10.278665,2023-10-28 16:44:58.599603362,0.3,2023-10-28 16:45:00
38,38,43.47534333333333,10.278525,2023-10-28 16:51:09.229409675,0.2,2023-10-28 16:45:00
38,38,43.475496666666665,10.2785,2023-10-28 17:33:03.681132306,0.2,2023-10-28 17:30:00
38,38,43.475496666666665,10.278665,2023-10-28 18:06:08.919220935,0.1,2023-10-28 18:00:00
38,38,43.47516333333333,10.278833333333331,2023-10-28 18:33:07.515618682,0.2,2023-10-28 18:30:00
38,38,43.47566666666667,10.2785,2023-10-28 19:42:07.105981598,0.1,2023-10-28 19:45:00
38,38,43.47583,10.278166666666667,2023-10-28 19:48:10.666763017,0.2,2023-10-28 19:45:00
38,38,43.47583,10.278166666666667,2023-10-28 20:20:56.889167046,0.2,2023-10-28 20:15:00
38,38,43.476,10.278166666666667,2023-10-28 21:14:55.395507784,0.1,2023-10-28 21:15:00
38,38,43.47583,10.278166666666667,2023-10-28 21:44:57.274575936,0.1,2023-10-28 21:45:00
38,38,43.47633333333333,10.277833333333332,2023-10-28 22:42:03.322898666,0.1,2023-10-28 22:45:00
38,38,43.47633333333333,10.277833333333332,2023-10-28 22:48:06.548949086,0.1,2023-10-28 22:45:00
38,38,43.47633333333333,10.2775,2023-10-28 23:38:58.133551043,0.1,2023-10-28 23:45:00
38,38,43.47633333333333,10.2775,2023-10-29 00:14:57.913431481,0.1,2023-10-29 00:15:00
38,38,43.47683,10.2765,2023-10-29 01:38:57.192396418,0.1,2023-10-29 01:45:00
38,38,43.47683,10.276333333333334,2023-10-29 02:05:59.597460579,0.3,2023-10-29 02:00:00
38,38,43.47683,10.275833333333331,2023-10-29 02:33:06.341265711,0.3,2023-10-29 02:30:00
38,38,43.47683,10.276,2023-10-29 03:09:08.792568232,0.4,2023-10-29 03:15:00
38,38,43.47683,10.275833333333331,2023-10-29 03:36:03.184913879,0.4,2023-10-29 03:30:00
38,38,43.47683,10.2755,2023-10-29 03:59:57.801707244,0.1,2023-10-29 04:00:00
38,38,43.47683,10.2755,2023-10-29 04:59:54.556629083,0.2,2023-10-29 05:00:00
38,38,43.47683,10.2755,2023-10-29 05:26:54.646927375,0.1,2023-10-29 05:30:00
38,38,43.47683,10.2755,2023-10-29 06:02:54.545514371,0.3,2023-10-29 06:00:00
38,38,43.47683,10.275166666666667,2023-10-29 06:22:57.199053368,0.1,2023-10-29 06:30:00
38,38,43.47700333333333,10.2755,2023-10-29 06:59:00.699273101,0.3,2023-10-29 07:00:00
38,38,43.47683,10.275333333333332,2023-10-29 07:33:01.550936188,0.1,2023-10-29 07:30:00
38,38,43.47683,10.275166666666667,2023-10-29 07:56:59.353070318,0.2,2023-10-29 08:00:00
38,38,43.47716333333334,10.275833333333331,2023-10-29 08:27:10.107550282,0.4,2023-10-29 08:30:00
38,38,43.47716333333334,10.276,2023-10-29 08:53:03.529938787,0.1,2023-10-29 09:00:00
38,38,43.47700333333333,10.276166666666668,2023-10-29 09:23:00.166600782,0.1,2023-10-29 09:30:00
38,38,43.47700333333333,10.276166666666668,2023-10-29 10:09:06.984642447,0.3,2023-10-29 10:15:00
38,38,43.47700333333333,10.2765,2023-10-29 10:38:59.940669892,0.1,2023-10-29 10:45:00
38,38,43.47716333333334,10.276333333333334,2023-10-29 10:52:54.812311307,0.2,2023-10-29 11:00:00
38,38,43.47716333333334,10.276333333333334,2023-10-29 11:23:00.921913089,0.3,2023-10-29 11:30:00
38,38,43.47716333333334,10.276333333333334,2023-10-29 11:59:04.357203238,0.3,2023-10-29 12:00:00
38,38,43.47716333333334,10.275833333333331,2023-10-29 12:44:58.011922853,0.3,2023-10-29 12:45:00
38,38,43.47716333333334,10.276,2023-10-29 13:08:55.358572980,0.1,2023-10-29 13:15:00
38,38,43.47716333333334,10.276166666666668,2023-10-29 13:34:58.861333559,0.2,2023-10-29 13:30:00
38,38,43.47716333333334,10.276,2023-10-29 14:03:02.533444883,0.2,2023-10-29 14:00:00
38,38,43.47716333333334,10.2765,2023-10-29 14:33:09.749395050,0.2,2023-10-29 14:30:00
38,38,43.47716333333334,10.2765,2023-10-29 14:50:54.209060781,0.1,2023-10-29 14:45:00
38,38,43.47716333333334,10.276333333333334,2023-10-29 15:22:53.832054087,0.2,2023-10-29 15:30:00
38,38,43.47716333333334,10.276333333333334,2023-10-29 15:56:55.798356178,0.3,2023-10-29 16:00:00
38,38,43.47700333333333,10.2765,2023-10-29 16:45:00.225850230,0.3,2023-10-29 16:45:00
38,38,43.47700333333333,10.276333333333334,2023-10-29 17:44:59.049143453,0.1,2023-10-29 17:45:00
38,38,43.47700333333333,10.276166666666668,2023-10-29 18:02:58.418643655,0.1,2023-10-29 18:00:00
38,38,43.47700333333333,10.2765,2023-10-29 18:38:57.967499422,0.1,2023-10-29 18:45:00
38,38,43.47716333333334,10.276166666666668,2023-10-29 19:02:56.712975700,0.2,2023-10-29 19:00:00
38,38,43.47700333333333,10.276333333333334,2023-10-29 19:17:09.504691187,0.3,2023-10-29 19:15:00
38,38,43.47700333333333,10.276,2023-10-29 20:03:06.991001506,0.1,2023-10-29 20:00:00
38,38,43.47700333333333,10.2755,2023-10-29 20:20:56.562137801,0.1,2023-10-29 20:15:00
38,38,43.47716333333334,10.276166666666668,2023-10-29 21:09:00.870046588,0.3,2023-10-29 21:15:00
38,38,43.47716333333334,10.275666666666666,2023-10-29 21:27:08.142086436,0.2,2023-10-29 21:30:00
38,38,43.477336666666666,10.275833333333331,2023-10-29 22:28:58.806839970,0.3,2023-10-29 22:30:00
38,38,43.477336666666666,10.275166666666667,2023-10-29 22:51:06.223829705,0.2,2023-10-29 22:45:00
38,38,43.477336666666666,10.274666666666668,2023-10-29 23:33:05.430314481,0.3,2023-10-29 23:30:00
38,38,43.477336666666666,10.274666666666668,2023-10-29 23:46:54.514376513,0.1,2023-10-29 23:45:00
38,38,43.477336666666666,10.274666666666668,2023-10-30 00:38:54.302851662,0.2,2023-10-30 00:45:00
38,38,43.47728666666667,10.274553333333332,2023-10-30 00:47:03.828835239,0.1,2023-10-30 00:45:00
38,38,43.47716333333334,10.274,2023-10-30 08:04:03.918258970,0.3,2023-10-30 08:00:00
38,38,43.47716333333334,10.274,2023-10-30 08:40:04.585606004,0.3,2023-10-30 08:45:00
38,38,43.477336666666666,10.274166666666668,2023-10-30 09:38:29.752570095,0.2,2023-10-30 09:45:00
38,38,43.47716333333334,10.274,2023-10-30 09:50:30.911093425,0.3,2023-10-30 09:45:00
38,38,43.47716333333334,10.274,2023-10-30 10:29:22.382797122,0.2,2023-10-30 10:30:00
38,38,43.477336666666666,10.274333333333336,2023-10-30 11:02:17.701642220,0.3,2023-10-30 11:00:00
38,38,43.477336666666666,10.274,2023-10-30 11:26:21.509810000,0.3,2023-10-30 11:30:00
38,38,43.477336666666666,10.274166666666668,2023-10-30 12:14:22.113197135,0.1,2023-10-30 12:15:00
38,38,43.477336666666666,10.274166666666668,2023-10-30 12:17:33.520083765,0.1,2023-10-30 12:15:00
38,38,43.4775,10.274,2023-10-30 13:11:27.006874789,0.4,2023-10-30 13:15:00
38,38,43.4775,10.274333333333336,2023-10-30 13:44:25.929912837,0.4,2023-10-30 13:45:00
38,38,43.4775,10.274,2023-10-30 13:50:30.631969567,0.2,2023-10-30 13:45:00
38,38,43.4775,10.274,2023-10-30 14:17:21.890161361,0.2,2023-10-30 14:15:00
38,38,43.4775,10.274,2023-10-30 15:08:35.205630778,0.2,2023-10-30 15:15:00
38,38,43.47616333333334,10.273833333333332,2023-10-30 15:26:28.036573352,1.8,2023-10-30 15:30:00
38,38,43.43783333333333,10.267166666666666,2023-10-30 15:49:30.424641111,6.7,2023-10-30 15:45:00
38,38,43.404003333333335,10.247000000000002,2023-10-30 16:19:22.319677746,6.0,2023-10-30 16:15:00
39,39,43.46046833333333,10.204636666666666,2023-10-06 02:44:32.812321869,10.3,2023-10-06 02:45:00
39,39,43.51179,10.252901666666666,2023-10-06 03:06:24.248503672,10.7,2023-10-06 03:00:00
39,39,43.55717833333333,10.293858333333333,2023-10-06 03:29:45.814933119,6.4,2023-10-06 03:30:00
39,39,43.57968833333334,10.317371666666666,2023-10-06 03:53:03.856768750,0.3,2023-10-06 04:00:00
39,39,43.57621666666667,10.316685,2023-10-06 16:02:44.269213692,3.5,2023-10-06 16:00:00
39,39,43.53582666666667,10.269563333333334,2023-10-06 16:41:05.159746568,9.1,2023-10-06 16:45:00
39,39,43.506805,10.137885,2023-10-06 17:07:15.099902870,15.8,2023-10-06 17:00:00
39,39,43.38766833333333,10.125498333333333,2023-10-18 01:53:43.633273245,18.6,2023-10-18 02:00:00
39,39,43.41293666666666,10.139558333333332,2023-10-28 05:35:42.093574391,7.2,2023-10-28 05:30:00
39,39,43.43636833333333,10.12179,2023-10-28 05:48:39.513202527,7.8,2023-10-28 05:45:00
39,39,43.503951666666666,10.131835,2023-10-28 06:44:48.376573520,9.0,2023-10-28 06:45:00
39,39,43.50400333333334,10.138671666666664,2023-10-28 06:46:48.716269296,8.8,2023-10-28 06:45:00
39,39,43.53632,10.278951666666668,2023-10-28 07:31:37.313555365,7.7,2023-10-28 07:30:00
39,39,43.56962833333333,10.30971,2023-10-28 07:57:59.091846781,3.4,2023-10-28 08:00:00
39,39,43.569695,10.310193333333332,2023-10-28 16:21:39.578630201,5.2,2023-10-28 16:15:00
39,39,43.53348,10.259176666666669,2023-10-28 16:51:29.545727146,10.2,2023-10-28 16:45:00
39,39,43.40221,10.188271666666669,2023-10-28 17:25:20.263988860,19.1,2023-10-28 17:30:00
40,40,43.38733333333333,10.162333333333333,2023-10-15 06:12:28.081929131,9.0,2023-10-15 06:15:00
40,40,43.437,10.180333333333332,2023-10-15 06:33:58.705976884,7.9,2023-10-15 06:30:00
40,40,43.47183333333333,10.194333333333333,2023-10-15 06:50:48.076022344,7.4,2023-10-15 06:45:00
40,40,43.4765,10.155166666666666,2023-10-15 07:32:57.916343691,3.8,2023-10-15 07:30:00
40,40,43.512166666666666,10.236666666666668,2023-10-15 07:58:18.457304415,10.9,2023-10-15 08:00:00
40,40,43.55416666666667,10.293166666666668,2023-10-15 08:26:40.131207927,4.7,2023-10-15 08:30:00
40,40,43.5615,10.296333333333331,2023-10-15 09:10:08.585082739,0.1,2023-10-15 09:15:00
40,40,43.5615,10.296333333333331,2023-10-15 09:31:40.108347656,0.1,2023-10-15 09:30:00
40,40,43.5615,10.296333333333331,2023-10-16 09:13:39.364698261,0.1,2023-10-16 09:15:00
40,40,43.5615,10.296333333333331,2023-10-16 10:58:38.584608132,0.1,2023-10-16 11:00:00
40,40,43.5615,10.296333333333331,2023-10-16 15:28:39.788158121,0.1,2023-10-16 15:30:00
40,40,43.5615,10.296333333333331,2023-10-16 15:55:38.306423960,0.1,2023-10-16 16:00:00
40,40,43.5615,10.296333333333331,2023-10-16 17:13:39.290379131,0.1,2023-10-16 17:15:00
40,40,43.5615,10.296333333333331,2023-10-16 22:52:42.043506253,0.1,2023-10-16 23:00:00
40,40,43.5615,10.296333333333331,2023-10-16 23:40:38.203797386,0.1,2023-10-16 23:45:00
40,40,43.5615,10.296333333333331,2023-10-17 05:37:39.322029421,0.1,2023-10-17 05:45:00
40,40,43.5615,10.296333333333331,2023-10-17 06:37:39.656900204,0.1,2023-10-17 06:45:00
40,40,43.5615,10.296333333333331,2023-10-17 07:34:39.816141399,0.1,2023-10-17 07:30:00
40,40,43.55466666666667,10.292833333333334,2023-10-17 08:43:17.617134530,7.9,2023-10-17 08:45:00
40,40,43.539,10.278833333333331,2023-10-17 08:51:48.246839163,10.4,2023-10-17 08:45:00
40,40,43.458333333333336,10.1455,2023-10-17 09:34:18.233050536,11.4,2023-10-17 09:30:00
40,40,43.42883333333334,10.121,2023-10-17 09:45:27.972528115,11.3,2023-10-17 09:45:00
41,41,43.562850000000005,10.303033333333332,2023-10-02 09:14:50.242341768,0.2,2023-10-02 09:15:00
41,41,43.58126666666667,10.305483333333331,2023-10-02 13:14:38.852726503,0.1,2023-10-02 13:15:00
41,41,43.5619,10.3028,2023-10-03 18:14:49.566905880,0.1,2023-10-03 18:15:00
41,41,43.5826,10.318883333333334,2023-10-05 08:08:30.566363742,2.0,2023-10-05 08:15:00
41,41,43.57586666666667,10.316266666666667,2023-10-05 14:44:29.226301898,5.5,2023-10-05 14:45:00
41,41,43.57238333333333,10.313666666666668,2023-10-05 14:46:39.715869602,7.3,2023-10-05 14:45:00
41,41,43.554316666666665,10.300516666666663,2023-10-05 15:55:30.359992127,4.4,2023-10-05 16:00:00
41,41,43.55323333333333,10.2942,2023-10-05 17:26:19.602397937,6.2,2023-10-05 17:30:00
41,41,43.55041666666667,10.298866666666669,2023-10-06 07:14:27.213852723,1.6,2023-10-06 07:15:00
41,41,43.55485,10.29315,2023-10-06 07:21:08.348969070,7.5,2023-10-06 07:15:00
41,41,43.58218333333333,10.318716666666669,2023-10-06 09:48:39.130501160,5.2,2023-10-06 09:45:00
41,41,43.5625,10.302216666666668,2023-10-06 13:14:18.833401295,2.4,2023-10-06 13:15:00
41,41,43.562850000000005,10.30315,2023-10-08 18:44:20.866423067,0.1,2023-10-08 18:45:00
41,41,43.56253333333333,10.30245,2023-10-10 08:22:41.542212034,1.9,2023-10-10 08:30:00
41,41,43.533166666666666,10.25435,2023-10-10 08:46:50.098822329,8.4,2023-10-10 08:45:00
41,41,43.511833333333335,10.1429,2023-10-10 09:23:10.310147875,8.1,2023-10-10 09:30:00
41,41,43.578966666666666,10.317666666666666,2023-10-11 11:25:59.412282813,4.9,2023-10-11 11:30:00
41,41,43.56656666666667,10.305783333333332,2023-10-12 16:23:40.602242326,8.0,2023-10-12 16:30:00
41,41,43.55471666666666,10.29635,2023-10-12 17:11:20.212215776,0.2,2023-10-12 17:15:00
41,41,43.55611666666667,10.2984,2023-10-12 17:39:09.597578473,0.1,2023-10-12 17:45:00
41,41,43.55591666666667,10.298466666666666,2023-10-12 19:10:08.178516303,0.2,2023-10-12 19:15:00
41,41,43.58088333333333,10.304333333333334,2023-10-13 12:06:20.353187463,0.7,2023-10-13 12:00:00
41,41,43.58135,10.304166666666667,2023-10-13 12:15:40.258683149,0.3,2023-10-13 12:15:00
41,41,43.58028333333333,10.30485,2023-10-13 20:22:08.259361250,1.4,2023-10-13 20:15:00
41,41,43.581,10.305516666666668,2023-10-14 01:40:09.183616516,0.3,2023-10-14 01:45:00
41,41,43.57308333333334,10.305816666666669,2023-10-16 09:33:10.994467141,6.9,2023-10-16 09:30:00
41,41,43.57606666666666,10.305733333333334,2023-10-17 06:17:49.906959689,2.8,2023-10-17 06:15:00
41,41,43.556,10.299016666666668,2023-10-17 07:34:29.528662281,0.1,2023-10-17 07:30:00
41,41,43.55595,10.298616666666668,2023-10-17 07:50:12.079836191,0.1,2023-10-17 07:45:00
41,41,43.55603333333333,10.298383333333334,2023-10-17 08:33:20.681602073,0.1,2023-10-17 08:30:00
41,41,43.57293333333334,10.31445,2023-10-17 08:51:09.234609305,6.1,2023-10-17 08:45:00
41,41,43.57841666666666,10.3173,2023-10-18 06:06:29.861429047,5.5,2023-10-18 06:00:00
41,41,43.5553,10.293366666666666,2023-10-18 06:20:10.935898243,8.0,2023-10-18 06:15:00
41,41,43.57921666666667,10.317516666666668,2023-10-26 10:13:10.180674058,2.6,2023-10-26 10:15:00
41,41,43.58355,10.318616666666664,2023-10-26 20:26:09.440533227,0.1,2023-10-26 20:30:00
41,41,43.55406666666667,10.300266666666666,2023-10-28 06:11:08.123886345,2.0,2023-10-28 06:15:00
41,41,43.55641666666667,10.30215,2023-10-30 15:26:10.663901683,0.1,2023-10-30 15:30:00
42,42,43.50602666666667,10.232891666666664,2023-10-09 21:14:16.807295964,7.4,2023-10-09 21:15:00
42,42,43.52236333333334,10.25476,2023-10-09 21:38:05.929723324,1.9,2023-10-09 21:45:00
42,42,43.52160666666667,10.263113333333331,2023-10-09 22:02:07.180810798,1.2,2023-10-09 22:00:00
42,42,43.56413833333333,10.302583333333333,2023-10-09 22:37:35.783742437,5.0,2023-10-09 22:45:00
42,42,43.570795,10.305118333333333,2023-10-09 23:01:05.281449236,0.1,2023-10-09 23:00:00
42,42,43.570835,10.3051,2023-10-09 23:24:31.354513562,0.1,2023-10-09 23:30:00
42,42,43.57082166666667,10.305071666666668,2023-10-10 00:00:31.220711431,0.1,2023-10-10 00:00:00
42,42,43.57083333333333,10.30514,2023-10-10 00:42:31.307913992,0.1,2023-10-10 00:45:00
42,42,43.57083333333333,10.305093333333334,2023-10-10 00:48:31.176429230,0.1,2023-10-10 00:45:00
42,42,43.57073666666667,10.30507,2023-10-10 01:15:33.078063063,0.1,2023-10-10 01:15:00
42,42,43.570791666666665,10.305118333333333,2023-10-10 02:03:31.212929250,0.1,2023-10-10 02:00:00
42,42,43.57081,10.305128333333332,2023-10-10 02:30:31.217915473,0.1,2023-10-10 02:30:00
42,42,43.57082666666667,10.305121666666668,2023-10-10 03:12:31.611030121,0.1,2023-10-10 03:15:00
42,42,43.57076333333334,10.305111666666669,2023-10-10 03:18:32.143366300,0.1,2023-10-10 03:15:00
42,42,43.57077,10.305106666666669,2023-10-10 04:12:31.183614552,0.1,2023-10-10 04:15:00
42,42,43.57082166666667,10.305153333333331,2023-10-10 04:21:31.220044767,0.1,2023-10-10 04:15:00
42,42,43.57077833333334,10.305106666666669,2023-10-10 04:57:31.169481270,0.1,2023-10-10 05:00:00
42,42,43.57079333333333,10.305091666666668,2023-10-10 05:33:31.224092200,0.1,2023-10-10 05:30:00
42,42,43.57079333333333,10.305116666666668,2023-10-10 05:57:31.178228374,0.1,2023-10-10 06:00:00
42,42,43.57078166666667,10.305115,2023-10-10 06:45:31.227787185,0.1,2023-10-10 06:45:00
42,42,43.57078,10.305141666666666,2023-10-10 07:33:31.195377685,0.1,2023-10-10 07:30:00
42,42,43.570785,10.305115,2023-10-10 08:12:31.234122027,0.1,2023-10-10 08:15:00
42,42,43.57076666666667,10.30512,2023-10-10 08:21:31.192134804,0.1,2023-10-10 08:15:00
42,42,43.570815,10.30513,2023-10-10 08:45:31.290050770,0.1,2023-10-10 08:45:00
42,42,43.57080333333333,10.30516,2023-10-10 09:42:31.210223772,0.1,2023-10-10 09:45:00
42,42,43.57077666666667,10.30516,2023-10-10 09:45:31.251317721,0.1,2023-10-10 09:45:00
42,42,43.570818333333335,10.305166666666668,2023-10-10 10:42:31.190257417,0.1,2023-10-10 10:45:00
42,42,43.570791666666665,10.305171666666666,2023-10-10 10:45:31.186936920,0.1,2023-10-10 10:45:00
42,42,43.57078,10.305143333333332,2023-10-10 11:42:31.215408152,0.1,2023-10-10 11:45:00
42,42,43.57083333333333,10.305118333333333,2023-10-10 11:57:31.242133219,0.1,2023-10-10 12:00:00
42,42,43.57077666666667,10.305178333333334,2023-10-10 12:33:31.203162938,0.1,2023-10-10 12:30:00
42,42,43.570905,10.305266666666666,2023-10-10 12:57:31.197597842,0.1,2023-10-10 13:00:00
42,42,43.57083333333333,10.305118333333333,2023-10-10 13:30:31.173521957,0.1,2023-10-10 13:30:00
42,42,43.570796666666666,10.305135,2023-10-10 14:12:31.246550639,0.1,2023-10-10 14:15:00
42,42,43.57080666666666,10.30513,2023-10-10 14:42:31.314327842,0.1,2023-10-10 14:45:00
42,42,43.570815,10.305145,2023-10-10 15:12:32.838221589,0.1,2023-10-10 15:15:00
42,42,43.570835,10.305136666666668,2023-10-10 15:42:31.248896620,0.1,2023-10-10 15:45:00
42,42,43.57087,10.305175,2023-10-10 15:54:31.176133607,0.1,2023-10-10 16:00:00
42,42,43.57078333333333,10.305146666666667,2023-10-10 16:39:31.196066995,0.1,2023-10-10 16:45:00
42,42,43.570773333333335,10.305115,2023-10-10 17:12:31.236960020,0.1,2023-10-10 17:15:00
42,42,43.57083333333333,10.305111666666669,2023-10-10 18:12:31.194187127,0.1,2023-10-10 18:15:00
42,42,43.57087,10.305135,2023-10-10 18:30:31.275320042,0.1,2023-10-10 18:30:00
42,42,43.570910000000005,10.305201666666669,2023-10-10 19:12:31.231860587,0.1,2023-10-10 19:15:00
42,42,43.570883333333335,10.305155,2023-10-10 19:18:31.238110136,0.1,2023-10-10 19:15:00
42,42,43.570791666666665,10.305125,2023-10-10 19:51:31.307041883,0.1,2023-10-10 19:45:00
42,42,43.57077833333334,10.305171666666666,2023-10-10 20:30:31.458293416,0.1,2023-10-10 20:30:00
43,43,43.56933333333333,10.306333333333331,2023-10-26 07:27:55.945729677,2.1,2023-10-26 07:30:00
43,43,43.52366666666667,10.224166666666669,2023-10-26 08:10:54.703372013,14.1,2023-10-26 08:15:00
43,43,43.51416666666667,10.192,2023-10-26 08:17:09.092578628,14.8,2023-10-26 08:15:00
44,44,43.551945,10.293033333333334,2023-10-02 16:44:53.568685384,2.3,2023-10-02 16:45:00
44,44,43.560098333333336,10.295968333333333,2023-10-02 19:14:33.862349454,1.3,2023-10-02 19:15:00
44,44,43.560905000000005,10.296206666666668,2023-10-02 19:26:55.200136313,0.1,2023-10-02 19:30:00
44,44,43.563388333333336,10.299763333333336,2023-10-03 13:36:10.715521154,0.1,2023-10-03 13:30:00
44,44,43.52898666666667,10.229845,2023-10-05 13:14:54.154383019,9.6,2023-10-05 13:15:00
44,44,43.51483666666666,10.147113333333332,2023-10-05 13:38:15.405554092,9.6,2023-10-05 13:45:00
44,44,43.506463333333336,10.159008333333333,2023-10-05 20:14:54.388349885,9.2,2023-10-05 20:15:00
44,44,43.506035,10.211383333333334,2023-10-05 20:29:45.646216676,9.2,2023-10-05 20:30:00
44,44,43.53141333333333,10.277808333333333,2023-10-05 21:14:54.867860533,7.5,2023-10-05 21:15:00
44,44,43.56337333333333,10.29976,2023-10-05 21:44:05.205241295,0.1,2023-10-05 21:45:00
44,44,43.581845,10.318891666666667,2023-10-09 11:13:32.866768471,0.1,2023-10-09 11:15:00
44,44,43.58428833333333,10.319313333333334,2023-10-09 11:26:03.442309316,0.2,2023-10-09 11:30:00
44,44,43.58409666666667,10.319418333333337,2023-10-09 14:14:23.193586887,0.1,2023-10-09 14:15:00
44,44,43.572185,10.313628333333332,2023-10-09 16:44:33.749163699,1.1,2023-10-09 16:45:00
44,44,43.56330166666667,10.299765,2023-10-09 16:58:54.127021361,0.2,2023-10-09 17:00:00
44,44,43.55674166666667,10.294708333333334,2023-10-10 13:32:48.342800604,1.7,2023-10-10 13:30:00
44,44,43.55651,10.295623333333332,2023-10-10 15:44:23.762964430,0.1,2023-10-10 15:45:00
44,44,43.55647666666667,10.295615,2023-10-10 16:41:22.228230712,0.1,2023-10-10 16:45:00
44,44,43.556455,10.295611666666668,2023-10-10 18:14:02.581763717,0.1,2023-10-10 18:15:00
44,44,43.556695,10.292206666666669,2023-10-11 09:02:07.452657766,2.3,2023-10-11 09:00:00
44,44,43.56384,10.302328333333332,2023-10-11 14:44:45.729804525,4.3,2023-10-11 14:45:00
44,44,43.550783333333335,10.29365,2023-10-13 05:17:28.231705194,3.0,2023-10-13 05:15:00
44,44,43.550855,10.300086666666664,2023-10-13 05:55:48.815824442,0.1,2023-10-13 06:00:00
44,44,43.55598333333333,10.294451666666667,2023-10-13 08:08:45.297587685,2.0,2023-10-13 08:15:00
44,44,43.556455,10.29561,2023-10-14 16:08:56.298102408,0.1,2023-10-14 16:15:00
44,44,43.55644333333333,10.29558,2023-10-14 20:40:16.260202077,0.1,2023-10-14 20:45:00
44,44,43.55643666666666,10.29559,2023-10-14 21:07:51.746733671,0.1,2023-10-14 21:15:00
44,44,43.55646166666667,10.295623333333332,2023-10-14 21:34:20.908686870,0.1,2023-10-14 21:30:00
44,44,43.556466666666665,10.295608333333332,2023-10-14 22:10:03.001725203,0.1,2023-10-14 22:15:00
44,44,43.55647,10.295576666666667,2023-10-14 23:12:50.698399005,0.1,2023-10-14 23:15:00
44,44,43.55645666666667,10.295621666666667,2023-10-15 00:28:48.807260269,0.1,2023-10-15 00:30:00
44,44,43.556455,10.295626666666667,2023-10-15 01:00:59.341096817,0.1,2023-10-15 01:00:00
44,44,43.55645833333333,10.29562,2023-10-15 01:21:51.182157904,0.1,2023-10-15 01:15:00
44,44,43.55647333333333,10.295586666666669,2023-10-15 02:01:41.090442585,0.1,2023-10-15 02:00:00
44,44,43.55646,10.295605,2023-10-15 02:32:59.741065043,0.1,2023-10-15 02:30:00
44,44,43.556466666666665,10.29562,2023-10-15 02:49:49.297477367,0.1,2023-10-15 02:45:00
44,44,43.55646166666667,10.295595,2023-10-15 03:26:20.036131651,0.1,2023-10-15 03:30:00
44,44,43.55645833333333,10.295631666666669,2023-10-15 03:51:49.632972474,0.1,2023-10-15 03:45:00
44,44,43.55647333333333,10.295616666666666,2023-10-15 04:20:10.475541164,0.2,2023-10-15 04:15:00
44,44,43.55644666666667,10.295601666666666,2023-10-15 04:50:19.911644138,0.1,2023-10-15 04:45:00
44,44,43.556455,10.295583333333331,2023-10-15 05:38:30.745093986,0.1,2023-10-15 05:45:00
44,44,43.55644666666667,10.295586666666669,2023-10-15 06:00:01.679334759,0.1,2023-10-15 06:00:00
44,44,43.55647833333333,10.295606666666666,2023-10-15 06:33:41.289065900,0.1,2023-10-15 06:30:00
44,44,43.55647166666667,10.295616666666666,2023-10-15 06:51:00.433099350,0.3,2023-10-15 06:45:00
44,44,43.55646166666667,10.29559,2023-10-15 07:33:09.668918469,0.2,2023-10-15 07:30:00
44,44,43.556455,10.295578333333331,2023-10-15 07:57:29.033258796,0.1,2023-10-15 08:00:00
44,44,43.556455,10.295595,2023-10-15 08:26:39.197234213,0.1,2023-10-15 08:30:00
44,44,43.55649166666667,10.295608333333332,2023-10-15 09:10:10.348091015,0.1,2023-10-15 09:15:00
44,44,43.55646166666667,10.295608333333332,2023-10-15 09:18:39.566790238,0.1,2023-10-15 09:15:00
44,44,43.58390166666666,10.319536666666666,2023-10-16 09:33:45.800715365,0.1,2023-10-16 09:30:00
44,44,43.556511666666665,10.29557,2023-10-16 21:21:25.134844138,0.1,2023-10-16 21:15:00
44,44,43.55643333333333,10.295605,2023-10-17 05:08:51.651820165,0.1,2023-10-17 05:15:00
44,44,43.56101,10.296258333333332,2023-10-17 07:35:13.197774260,0.5,2023-10-17 07:30:00
44,44,43.560860000000005,10.296068333333332,2023-10-17 07:50:42.833786254,0.5,2023-10-17 07:45:00
44,44,43.55645833333333,10.295603333333334,2023-10-17 14:57:12.532647968,0.1,2023-10-17 15:00:00
44,44,43.56082,10.296076666666666,2023-10-17 15:25:22.628066963,0.1,2023-10-17 15:30:00
44,44,43.560831666666665,10.296065,2023-10-17 20:44:48.741021225,0.1,2023-10-17 20:45:00
44,44,43.556705,10.294625,2023-10-17 21:08:18.305992020,1.3,2023-10-17 21:15:00
44,44,43.58367,10.319376666666669,2023-10-18 14:01:21.951072592,2.1,2023-10-18 14:00:00
44,44,43.55075333333333,10.299941666666664,2023-10-19 17:01:47.008309957,0.1,2023-10-19 17:00:00
44,44,43.56253333333333,10.300616666666668,2023-10-19 19:04:51.991348206,2.1,2023-10-19 19:00:00
44,44,43.56337,10.299735,2023-10-19 22:26:16.622806127,0.1,2023-10-19 22:30:00
44,44,43.56334,10.299738333333332,2023-10-19 22:54:59.064840996,0.1,2023-10-19 23:00:00
44,44,43.563325,10.299755,2023-10-19 23:38:16.699311060,0.1,2023-10-19 23:45:00
44,44,43.56330333333334,10.299748333333334,2023-10-20 00:08:48.886307398,0.1,2023-10-20 00:15:00
44,44,43.56332999999999,10.299748333333334,2023-10-20 00:43:56.979454751,0.1,2023-10-20 00:45:00
44,44,43.56330333333334,10.299775,2023-10-20 00:49:17.746142261,0.1,2023-10-20 00:45:00
44,44,43.56334833333334,10.299741666666668,2023-10-20 02:12:07.193993570,0.1,2023-10-20 02:15:00
44,44,43.563295,10.29976,2023-10-20 02:16:17.341078271,0.1,2023-10-20 02:15:00
44,44,43.56327833333333,10.299738333333332,2023-10-20 03:09:37.434156885,0.1,2023-10-20 03:15:00
44,44,43.563318333333335,10.299735,2023-10-20 04:38:56.717909210,0.1,2023-10-20 04:45:00
44,44,43.56332833333333,10.299743333333334,2023-10-20 04:58:15.459706245,0.1,2023-10-20 05:00:00
44,44,43.563315,10.299761666666663,2023-10-20 05:27:26.715884256,0.1,2023-10-20 05:30:00
44,44,43.563315,10.299745,2023-10-20 06:10:46.718553233,0.1,2023-10-20 06:15:00
44,44,43.56328833333334,10.299743333333334,2023-10-20 06:24:10.429336330,0.1,2023-10-20 06:30:00
44,44,43.563295,10.299738333333332,2023-10-20 07:36:18.572020486,0.1,2023-10-20 07:30:00
44,44,43.56332833333333,10.299756666666667,2023-10-20 08:01:37.645037241,0.1,2023-10-20 08:00:00
44,44,43.56335,10.299756666666667,2023-10-20 08:38:38.200165008,0.1,2023-10-20 08:45:00
44,44,43.56330666666667,10.299751666666667,2023-10-20 08:48:57.979007907,0.1,2023-10-20 08:45:00
44,44,43.563316666666665,10.299758333333331,2023-10-20 09:42:28.013892547,0.1,2023-10-20 09:45:00
44,44,43.56330833333333,10.29977,2023-10-20 11:15:35.110869836,0.1,2023-10-20 11:15:00
44,44,43.563325,10.29978,2023-10-20 11:58:17.549119252,0.1,2023-10-20 12:00:00
44,44,43.563365,10.299755,2023-10-20 12:30:16.201221705,0.1,2023-10-20 12:30:00
44,44,43.56335666666666,10.299768333333333,2023-10-20 13:35:16.712515739,0.1,2023-10-20 13:30:00
44,44,43.563325,10.299738333333332,2023-10-20 14:01:58.390206201,0.1,2023-10-20 14:00:00
44,44,43.56334,10.29976,2023-10-20 14:32:45.535028032,0.1,2023-10-20 14:30:00
44,44,43.56332999999999,10.299723333333333,2023-10-20 14:45:47.963410150,0.1,2023-10-20 14:45:00
44,44,43.563318333333335,10.299761666666663,2023-10-20 15:20:52.590748348,0.1,2023-10-20 15:15:00
44,44,43.56333333333334,10.299761666666663,2023-10-20 15:53:53.926128629,0.1,2023-10-20 16:00:00
44,44,43.56332999999999,10.29973,2023-10-20 16:37:52.202565510,0.1,2023-10-20 16:45:00
44,44,43.56333666666667,10.299696666666668,2023-10-20 17:10:53.139134035,0.1,2023-10-20 17:15:00
44,44,43.563318333333335,10.29972,2023-10-20 17:20:22.075288326,0.1,2023-10-20 17:15:00
44,44,43.563335,10.29975,2023-10-20 18:05:42.334756535,0.1,2023-10-20 18:00:00
44,44,43.56335666666666,10.299811666666669,2023-10-20 18:35:02.523689622,0.1,2023-10-20 18:30:00
44,44,43.56331333333333,10.299813333333333,2023-10-20 18:46:36.441934528,0.1,2023-10-20 18:45:00
44,44,43.56331333333333,10.299775,2023-10-20 19:19:04.774875460,0.1,2023-10-20 19:15:00
44,44,43.56331333333333,10.299726666666666,2023-10-20 20:27:56.351953044,0.1,2023-10-20 20:30:00
44,44,43.563295,10.299753333333332,2023-10-20 21:25:53.201400023,0.1,2023-10-20 21:30:00
44,44,43.56332,10.299755,2023-10-20 22:40:23.994436574,0.1,2023-10-20 22:45:00
44,44,43.56330666666667,10.299738333333332,2023-10-20 23:40:45.073034950,0.1,2023-10-20 23:45:00
44,44,43.56328499999999,10.299723333333333,2023-10-21 00:04:43.459291055,0.1,2023-10-21 00:00:00
44,44,43.56333166666666,10.299798333333332,2023-10-21 00:58:03.299529119,0.1,2023-10-21 01:00:00
44,44,43.563316666666665,10.29978,2023-10-21 01:22:52.205782398,0.1,2023-10-21 01:30:00
44,44,43.56331333333333,10.299756666666667,2023-10-21 01:51:13.139049339,0.1,2023-10-21 01:45:00
44,44,43.563316666666665,10.299768333333333,2023-10-21 03:00:34.174962235,0.1,2023-10-21 03:00:00
44,44,43.56327666666667,10.299741666666668,2023-10-21 03:16:03.819593439,0.1,2023-10-21 03:15:00
44,44,43.56332,10.299765,2023-10-21 03:50:52.367212635,0.1,2023-10-21 03:45:00
44,44,43.56333166666666,10.299723333333333,2023-10-21 04:40:54.285652436,0.1,2023-10-21 04:45:00
44,44,43.56331333333333,10.29976,2023-10-21 04:57:23.777724434,0.1,2023-10-21 05:00:00
44,44,43.56328,10.29982,2023-10-21 06:39:42.491787441,0.1,2023-10-21 06:45:00
44,44,43.56182166666667,10.299431666666669,2023-10-21 06:46:06.117535266,4.3,2023-10-21 06:45:00
44,44,43.55646,10.295578333333331,2023-10-21 07:26:43.750715844,0.1,2023-10-21 07:30:00
44,44,43.556485,10.295571666666666,2023-10-21 07:55:23.319249216,0.2,2023-10-21 08:00:00
44,44,43.556515,10.29556,2023-10-21 08:37:52.316495751,0.1,2023-10-21 08:45:00
44,44,43.55650333333333,10.295605,2023-10-21 09:10:09.323012426,0.1,2023-10-21 09:15:00
44,44,43.55647333333333,10.295616666666666,2023-10-21 09:31:58.365325587,0.2,2023-10-21 09:30:00
44,44,43.556466666666665,10.295623333333332,2023-10-21 09:45:19.667273150,0.1,2023-10-21 09:45:00
44,44,43.55644666666667,10.295605,2023-10-21 10:36:09.920819203,0.1,2023-10-21 10:30:00
44,44,43.55641833333333,10.295625,2023-10-21 10:55:08.335475667,0.1,2023-10-21 11:00:00
44,44,43.55649,10.295581666666669,2023-10-21 11:48:18.929646304,0.1,2023-10-21 11:45:00
44,44,43.55645833333333,10.295611666666668,2023-10-21 12:31:39.884149884,0.1,2023-10-21 12:30:00
44,44,43.55644333333333,10.295436666666664,2023-10-21 13:01:29.290429989,1.1,2023-10-21 13:00:00
44,44,43.57004333333334,10.310676666666666,2023-10-21 13:16:40.148475996,2.1,2023-10-21 13:15:00
44,44,43.56333166666666,10.29978,2023-10-25 10:37:40.946373868,0.1,2023-10-25 10:45:00
44,44,43.563361666666665,10.299783333333332,2023-10-25 11:34:09.900106082,0.1,2023-10-25 11:30:00
44,44,43.56339166666667,10.299758333333331,2023-10-25 12:03:12.062406728,0.1,2023-10-25 12:00:00
44,44,43.552551666666666,10.299395,2023-10-25 15:14:50.176995215,1.5,2023-10-25 15:15:00
44,44,43.552641666666666,10.299725,2023-10-25 15:15:48.026851055,0.6,2023-10-25 15:15:00
44,44,43.55280666666667,10.300046666666669,2023-10-25 17:18:47.385138480,0.1,2023-10-25 17:15:00
44,44,43.56328833333334,10.299768333333333,2023-10-25 18:05:28.200425412,0.1,2023-10-25 18:00:00
44,44,43.56332,10.299753333333332,2023-10-25 18:29:59.029166694,0.1,2023-10-25 18:30:00
44,44,43.56331333333333,10.299756666666667,2023-10-25 18:51:07.732003418,0.1,2023-10-25 18:45:00
44,44,43.56329333333333,10.299748333333334,2023-10-25 19:31:58.833477353,0.1,2023-10-25 19:30:00
44,44,43.563361666666665,10.299738333333332,2023-10-25 20:40:36.880401734,0.1,2023-10-25 20:45:00
44,44,43.56330666666667,10.299768333333333,2023-10-25 21:23:47.049312689,0.1,2023-10-25 21:30:00
44,44,43.563343333333336,10.299715,2023-10-25 22:45:06.916803462,0.1,2023-10-25 22:45:00
44,44,43.56330333333334,10.29972,2023-10-25 23:34:58.155811871,0.1,2023-10-25 23:30:00
44,44,43.56331333333333,10.299753333333332,2023-10-26 00:06:47.069123554,0.1,2023-10-26 00:00:00
44,44,43.56331333333333,10.299743333333334,2023-10-26 01:10:58.560465417,0.1,2023-10-26 01:15:00
44,44,43.563345,10.299738333333332,2023-10-26 01:19:28.339029747,0.1,2023-10-26 01:15:00
44,44,43.563316666666665,10.299738333333332,2023-10-26 01:51:18.603526266,0.1,2023-10-26 01:45:00
44,44,43.56332166666667,10.299758333333331,2023-10-26 02:23:28.246823137,0.1,2023-10-26 02:30:00
44,44,43.56333166666666,10.299748333333334,2023-10-26 03:36:47.601503603,0.1,2023-10-26 03:30:00
44,44,43.56330166666667,10.299765,2023-10-26 03:57:07.761269189,0.1,2023-10-26 04:00:00
44,44,43.563335,10.299765,2023-10-26 04:28:47.886571238,0.1,2023-10-26 04:30:00
44,44,43.563341666666666,10.299788333333334,2023-10-26 04:59:07.992858997,0.1,2023-10-26 05:00:00
44,44,43.56331333333333,10.29975,2023-10-26 05:43:29.518757476,0.1,2023-10-26 05:45:00
44,44,43.563325,10.29973,2023-10-26 05:49:58.036312364,0.1,2023-10-26 05:45:00
44,44,43.56332166666667,10.299753333333332,2023-10-26 06:40:29.180733799,0.1,2023-10-26 06:45:00
44,44,43.56334,10.29975,2023-10-26 07:27:45.860901838,0.1,2023-10-26 07:30:00
44,44,43.56333666666667,10.29975,2023-10-26 08:10:56.870740249,0.1,2023-10-26 08:15:00
44,44,43.56328333333333,10.299715,2023-10-26 08:37:37.146832128,0.1,2023-10-26 08:45:00
44,44,43.56330333333334,10.29978,2023-10-26 09:29:58.956326426,0.1,2023-10-26 09:30:00
44,44,43.56328166666666,10.29972,2023-10-26 10:13:58.573492091,0.1,2023-10-26 10:15:00
44,44,43.56329166666667,10.299743333333334,2023-10-26 10:37:47.933329023,0.1,2023-10-26 10:45:00
44,44,43.56331333333333,10.299783333333332,2023-10-26 10:54:59.907560874,0.1,2023-10-26 11:00:00
44,44,43.563325,10.299791666666666,2023-10-26 11:23:08.222990901,0.1,2023-10-26 11:30:00
44,44,43.56333166666666,10.299765,2023-10-26 14:09:55.150680868,0.1,2023-10-26 14:15:00
44,44,43.56335,10.299753333333332,2023-10-26 14:43:13.734723162,0.1,2023-10-26 14:45:00
44,44,43.563341666666666,10.29978,2023-10-26 15:03:43.822983528,0.1,2023-10-26 15:00:00
44,44,43.563345,10.299755,2023-10-26 15:24:22.741004542,0.1,2023-10-26 15:30:00
44,44,43.56333166666666,10.299731666666666,2023-10-26 16:14:35.002528788,0.1,2023-10-26 16:15:00
44,44,43.563316666666665,10.299761666666663,2023-10-26 19:42:33.129162107,0.1,2023-10-26 19:45:00
44,44,43.56332833333333,10.299741666666668,2023-10-26 20:03:43.268097392,0.1,2023-10-26 20:00:00
44,44,43.56332,10.299765,2023-10-26 20:55:03.480702030,0.1,2023-10-26 21:00:00
44,44,43.56334666666667,10.299738333333332,2023-10-26 22:26:33.865829682,0.1,2023-10-26 22:30:00
44,44,43.563296666666666,10.29978,2023-10-27 03:04:44.260574816,0.1,2023-10-27 03:00:00
44,44,43.56333333333334,10.299786666666668,2023-10-27 03:23:23.168891486,0.1,2023-10-27 03:30:00
44,44,43.56333666666667,10.299755,2023-10-27 04:11:06.110223560,0.1,2023-10-27 04:15:00
44,44,43.56332833333333,10.299776666666666,2023-10-27 04:40:53.453017467,0.1,2023-10-27 04:45:00
44,44,43.563343333333336,10.299778333333334,2023-10-27 04:55:43.820073697,0.1,2023-10-27 05:00:00
44,44,43.56334666666667,10.29973,2023-10-27 05:25:14.846757579,0.1,2023-10-27 05:30:00
44,44,43.563316666666665,10.299743333333334,2023-10-27 06:08:52.172901887,0.1,2023-10-27 06:15:00
44,44,43.56333166666666,10.299763333333336,2023-10-27 06:16:13.295777024,0.1,2023-10-27 06:15:00
44,44,43.563318333333335,10.299695000000002,2023-10-27 07:14:01.646455667,0.1,2023-10-27 07:15:00
44,44,43.56332833333333,10.29975,2023-10-27 07:35:41.311303284,0.2,2023-10-27 07:30:00
44,44,43.56334833333334,10.299761666666663,2023-10-27 07:49:40.632508105,0.1,2023-10-27 07:45:00
44,44,43.56330666666667,10.299721666666668,2023-10-27 08:36:42.070010468,0.1,2023-10-27 08:30:00
44,44,43.56332,10.299768333333333,2023-10-27 08:48:40.863081679,0.2,2023-10-27 08:45:00
44,44,43.563316666666665,10.29973,2023-10-27 09:41:43.059735546,0.1,2023-10-27 09:45:00
44,44,43.56332833333333,10.299765,2023-10-27 09:55:11.801626526,0.2,2023-10-27 10:00:00
44,44,43.56330666666667,10.299713333333331,2023-10-27 10:43:23.813437673,0.1,2023-10-27 10:45:00
44,44,43.56331333333333,10.29975,2023-10-27 11:09:00.219819211,0.2,2023-10-27 11:15:00
44,44,43.56333166666666,10.299776666666666,2023-10-27 11:25:49.460955635,0.1,2023-10-27 11:30:00
44,44,43.563361666666665,10.29976,2023-10-27 12:07:41.494298815,0.1,2023-10-27 12:15:00
44,44,43.563325,10.299756666666667,2023-10-27 12:44:10.941395909,0.2,2023-10-27 12:45:00
44,44,43.56334,10.299781666666666,2023-10-27 12:59:00.785604086,0.1,2023-10-27 13:00:00
44,44,43.563325,10.299775,2023-10-27 13:35:31.897508570,0.1,2023-10-27 13:30:00
44,44,43.56332999999999,10.299776666666666,2023-10-27 13:51:19.962007427,0.1,2023-10-27 13:45:00
44,44,43.56333166666666,10.299756666666667,2023-10-27 14:28:31.538515296,0.1,2023-10-27 14:30:00
44,44,43.56335,10.299761666666663,2023-10-27 15:08:00.922266023,0.1,2023-10-27 15:15:00
44,44,43.563355,10.299756666666667,2023-10-27 15:18:50.508793442,0.1,2023-10-27 15:15:00
44,44,43.563325,10.29976,2023-10-27 16:13:30.603413761,0.1,2023-10-27 16:15:00
44,44,43.563298333333336,10.299740000000002,2023-10-27 16:26:39.619588185,0.2,2023-10-27 16:30:00
44,44,43.5633,10.299688333333334,2023-10-27 16:46:40.788466608,0.1,2023-10-27 16:45:00
44,44,43.563318333333335,10.299791666666666,2023-10-27 17:38:10.103637846,0.1,2023-10-27 17:45:00
44,44,43.56328166666666,10.299753333333332,2023-10-27 17:57:10.376382133,0.1,2023-10-27 18:00:00
44,44,43.56331333333333,10.299741666666668,2023-10-27 18:25:00.048554467,0.1,2023-10-27 18:30:00
44,44,43.56332666666666,10.299776666666666,2023-10-27 18:51:11.149654598,0.1,2023-10-27 18:45:00
44,44,43.56334,10.299736666666666,2023-10-27 19:42:42.129482652,0.1,2023-10-27 19:45:00
44,44,43.56331333333333,10.299738333333332,2023-10-27 20:00:22.113384381,0.1,2023-10-27 20:00:00
44,44,43.56333166666666,10.299735,2023-10-27 20:16:02.016460855,0.1,2023-10-27 20:15:00
44,44,43.56331,10.299745,2023-10-27 20:45:00.269222708,0.1,2023-10-27 20:45:00
44,44,43.563318333333335,10.299751666666667,2023-10-27 21:31:01.526472514,0.1,2023-10-27 21:30:00
44,44,43.56331166666666,10.299735,2023-10-27 22:17:10.873563184,0.1,2023-10-27 22:15:00
44,44,43.563343333333336,10.299743333333334,2023-10-27 22:47:11.327689966,0.1,2023-10-27 22:45:00
44,44,43.56332666666666,10.299775,2023-10-27 23:43:45.127024082,0.1,2023-10-27 23:45:00
44,44,43.56330666666667,10.299728333333332,2023-10-27 23:50:24.818306890,0.1,2023-10-27 23:45:00
44,44,43.56332999999999,10.299775,2023-10-28 00:37:33.771691811,0.1,2023-10-28 00:45:00
44,44,43.56331333333333,10.299755,2023-10-28 00:48:44.424006300,0.1,2023-10-28 00:45:00
44,44,43.56332833333333,10.299761666666663,2023-10-28 01:24:14.651561268,0.1,2023-10-28 01:30:00
44,44,43.56331333333333,10.299761666666663,2023-10-28 02:56:45.443138682,0.1,2023-10-28 03:00:00
44,44,43.563318333333335,10.299746666666666,2023-10-28 03:30:54.996188770,0.1,2023-10-28 03:30:00
44,44,43.56332,10.299758333333331,2023-10-28 03:45:45.920052256,0.1,2023-10-28 03:45:00
44,44,43.56331166666666,10.299748333333334,2023-10-28 04:34:24.572286173,0.1,2023-10-28 04:30:00
44,44,43.56331,10.299713333333331,2023-10-28 05:11:33.897366577,0.1,2023-10-28 05:15:00
44,44,43.56332666666666,10.299735,2023-10-28 05:39:04.652590346,0.1,2023-10-28 05:45:00
44,44,43.56331166666666,10.299768333333333,2023-10-28 06:10:14.046013695,0.1,2023-10-28 06:15:00
44,44,43.56334,10.29976,2023-10-28 06:46:42.678800390,0.1,2023-10-28 06:45:00
44,44,43.56335,10.29975,2023-10-28 07:31:46.534093518,0.1,2023-10-28 07:30:00
44,44,43.56332,10.29975,2023-10-28 07:57:53.673282906,0.1,2023-10-28 08:00:00
44,44,43.56335,10.299756666666667,2023-10-28 09:01:14.337246576,0.1,2023-10-28 09:00:00
44,44,43.56328833333334,10.299761666666663,2023-10-28 09:43:44.732177447,0.1,2023-10-28 09:45:00
44,44,43.56328499999999,10.299738333333332,2023-10-28 10:32:54.098778435,0.1,2023-10-28 10:30:00
44,44,43.56333166666666,10.299726666666666,2023-10-28 10:58:34.445702622,0.1,2023-10-28 11:00:00
44,44,43.563388333333336,10.299741666666668,2023-10-28 11:48:24.023434325,0.1,2023-10-28 11:45:00
44,44,43.56333333333334,10.29978,2023-10-28 12:21:57.672757870,0.1,2023-10-28 12:15:00
44,44,43.56332833333333,10.299798333333332,2023-10-28 14:09:35.194466316,0.1,2023-10-28 14:15:00
44,44,43.56334666666667,10.29977,2023-10-28 14:36:05.186297314,0.1,2023-10-28 14:30:00
44,44,43.56328833333334,10.299751666666667,2023-10-28 16:21:43.365281669,0.1,2023-10-28 16:15:00
44,44,43.56331166666666,10.299773333333333,2023-10-28 16:51:03.151643749,0.1,2023-10-28 16:45:00
44,44,43.563318333333335,10.299743333333334,2023-10-28 17:24:42.341131975,0.1,2023-10-28 17:30:00
44,44,43.56332,10.299768333333333,2023-10-28 18:46:31.897619332,0.1,2023-10-28 18:45:00
44,44,43.563343333333336,10.299755,2023-10-28 19:43:03.528136894,0.1,2023-10-28 19:45:00
44,44,43.56331,10.299778333333334,2023-10-28 20:00:41.446548547,0.1,2023-10-28 20:00:00
44,44,43.56333166666666,10.299771666666668,2023-10-28 21:13:23.924190022,0.1,2023-10-28 21:15:00
44,44,43.56334833333334,10.299738333333332,2023-10-28 22:19:14.622390174,0.1,2023-10-28 22:15:00
44,44,43.563295,10.299733333333334,2023-10-29 03:09:52.668785496,0.1,2023-10-29 03:15:00
44,44,43.563205,10.301918333333331,2023-10-29 06:49:53.163382747,5.2,2023-10-29 06:45:00
44,44,43.56342833333333,10.299766666666669,2023-10-29 11:47:06.281356777,0.1,2023-10-29 11:45:00
44,44,43.57264333333333,10.306571666666668,2023-10-30 12:12:47.167028504,0.1,2023-10-30 12:15:00
44,44,43.56054833333334,10.296751666666667,2023-10-30 15:49:06.422031878,1.1,2023-10-30 15:45:00
44,44,43.56089333333333,10.29627,2023-10-30 16:18:56.874504586,0.1,2023-10-30 16:15:00
44,44,43.560935,10.29624,2023-10-30 17:23:06.249722076,0.1,2023-10-30 17:30:00
44,44,43.56092,10.296231666666667,2023-10-30 18:32:56.144931419,0.1,2023-10-30 18:30:00
44,44,43.56089833333333,10.296218333333334,2023-10-30 18:50:57.531990146,0.1,2023-10-30 18:45:00
44,44,43.563305,10.299711666666669,2023-10-30 19:36:25.319574329,0.1,2023-10-30 19:30:00
45,45,43.502516666666665,10.23482,2023-10-01 09:14:44.033064075,9.9,2023-10-01 09:15:00
45,45,43.53111333333333,10.272958333333332,2023-10-01 09:30:03.028607133,8.1,2023-10-01 09:30:00
45,45,43.54878833333333,10.291095,2023-10-01 17:44:52.101514968,8.5,2023-10-01 17:45:00
45,45,43.53820833333334,10.279211666666669,2023-10-01 17:51:52.097865352,8.8,2023-10-01 17:45:00
45,45,43.45755666666666,10.19786,2023-10-01 18:18:34.959126000,17.9,2023-10-01 18:15:00
45,45,43.466905,10.187896666666669,2023-10-03 09:44:59.630070006,18.5,2023-10-03 09:45:00
45,45,43.54685833333333,10.291061666666668,2023-10-03 10:13:58.115062910,9.5,2023-10-03 10:15:00
45,45,43.572495,10.314018333333332,2023-10-03 10:35:07.309159565,3.9,2023-10-03 10:30:00
45,45,43.577095,10.31642,2023-10-03 17:39:11.979853318,0.1,2023-10-03 17:45:00
45,45,43.533025,10.259863333333334,2023-10-03 18:14:43.448084507,10.4,2023-10-03 18:15:00
45,45,43.51492333333333,10.21403,2023-10-03 18:25:36.564223688,16.5,2023-10-03 18:30:00
45,45,43.46556,10.196343333333337,2023-10-05 10:32:06.916763684,18.1,2023-10-05 10:30:00
45,45,43.569473333333335,10.307985,2023-10-05 11:14:19.144796165,0.7,2023-10-05 11:15:00
45,45,43.55831,10.295628333333331,2023-10-05 17:48:32.829140861,7.7,2023-10-05 17:45:00
45,45,43.45782833333333,10.197558333333337,2023-10-05 18:28:51.804658729,18.1,2023-10-05 18:30:00
45,45,43.43064833333334,10.171965,2023-10-10 10:14:50.152024080,17.8,2023-10-10 10:15:00
45,45,43.51271833333333,10.248036666666668,2023-10-10 10:44:06.037308078,6.2,2023-10-10 10:45:00
45,45,43.515255,10.251288333333331,2023-10-10 10:46:06.292001397,6.2,2023-10-10 10:45:00
45,45,43.5321,10.250661666666668,2023-10-10 18:14:15.519284988,12.4,2023-10-10 18:15:00
45,45,43.47549333333333,10.204685,2023-10-10 18:30:13.530292868,17.6,2023-10-10 18:30:00
45,45,43.47716333333334,10.208073333333337,2023-10-12 10:44:22.736653612,13.1,2023-10-12 10:45:00
45,45,43.501675,10.233363333333331,2023-10-12 10:53:13.305326644,9.0,2023-10-12 11:00:00
45,45,43.526248333333335,10.265778333333332,2023-10-12 11:26:31.348826721,3.2,2023-10-12 11:30:00
45,45,43.53631666666667,10.280876666666668,2023-10-12 11:58:11.612710017,2.3,2023-10-12 12:00:00
45,45,43.57909166666666,10.317546666666669,2023-10-12 12:29:13.059728558,1.5,2023-10-12 12:30:00
45,45,43.563968333333335,10.302655,2023-10-12 18:40:27.125397684,6.3,2023-10-12 18:45:00
45,45,43.525841666666665,10.230511666666668,2023-10-12 19:09:30.121797018,15.5,2023-10-12 19:15:00
45,45,43.50118333333333,10.210851666666668,2023-10-12 19:16:06.800624660,17.9,2023-10-12 19:15:00
45,45,43.41205166666667,10.156418333333333,2023-10-15 03:01:08.805316466,17.4,2023-10-15 03:00:00
45,45,43.507145,10.240793333333333,2023-10-15 03:26:20.036838364,13.0,2023-10-15 03:30:00
45,45,43.55189333333333,10.290901666666668,2023-10-15 03:51:34.072485207,8.3,2023-10-15 03:45:00
45,45,43.57971,10.317238333333334,2023-10-15 04:20:54.333085074,0.1,2023-10-15 04:15:00
45,45,43.389896666666665,10.142876666666666,2023-10-17 10:12:49.478890335,18.3,2023-10-17 10:15:00
45,45,43.41095,10.148566666666666,2023-10-17 10:17:00.467796842,18.4,2023-10-17 10:15:00
45,45,43.524435,10.26176,2023-10-17 11:01:51.225142124,7.5,2023-10-17 11:00:00
45,45,43.54927166666666,10.29164,2023-10-17 11:21:40.789496541,7.5,2023-10-17 11:15:00
45,45,43.57700333333333,10.316533333333332,2023-10-17 17:42:42.092237995,0.4,2023-10-17 17:45:00
45,45,43.562365,10.300731666666668,2023-10-17 17:56:53.590530178,6.3,2023-10-17 18:00:00
45,45,43.49116333333333,10.209678333333333,2023-10-17 18:32:58.883324411,17.9,2023-10-17 18:30:00
45,45,43.42940166666666,10.19696,2023-10-17 18:45:29.216969633,18.0,2023-10-17 18:45:00
45,45,43.52955666666666,10.24351,2023-10-19 18:13:17.847106221,12.1,2023-10-19 18:15:00
45,45,43.443068333333336,10.192016666666666,2023-10-19 18:35:08.348734958,17.0,2023-10-19 18:30:00
45,45,43.39164333333333,10.177116666666668,2023-10-19 18:46:08.511802431,17.3,2023-10-19 18:45:00
45,45,43.38616666666667,10.140991666666668,2023-10-26 10:37:57.953379838,18.5,2023-10-26 10:45:00
45,45,43.458576666666666,10.18258,2023-10-26 10:54:05.041657083,18.8,2023-10-26 11:00:00
45,45,43.54842,10.291593333333331,2023-10-26 11:23:35.565332013,7.4,2023-10-26 11:30:00
45,45,43.571938333333335,10.313186666666669,2023-10-26 19:03:57.065668249,6.4,2023-10-26 19:00:00
45,45,43.50754166666666,10.213151666666668,2023-10-26 19:42:35.189595610,15.9,2023-10-26 19:45:00
45,45,43.40671666666666,10.18548,2023-10-26 20:04:22.729653851,16.9,2023-10-26 20:00:00
45,45,43.497635,10.228486666666669,2023-10-29 04:44:29.362573391,7.8,2023-10-29 04:45:00
45,45,43.504555,10.237623333333334,2023-10-29 04:49:38.947763860,5.5,2023-10-29 04:45:00
45,45,43.56290666666666,10.301343333333334,2023-10-29 05:27:30.501133790,4.4,2023-10-29 05:30:00
45,45,43.575025,10.316071666666666,2023-10-29 15:37:22.441436925,5.0,2023-10-29 15:30:00
45,45,43.54347333333333,10.291325,2023-10-29 15:55:31.177827391,10.5,2023-10-29 16:00:00
45,45,43.40031,10.185886666666669,2023-10-29 16:43:14.541739951,15.8,2023-10-29 16:45:00
45,45,43.39077833333333,10.18374,2023-10-29 16:45:27.534564665,15.7,2023-10-29 16:45:00
46,46,43.49476333333334,10.157073333333331,2023-10-03 02:36:12.978319677,8.4,2023-10-03 02:30:00
46,46,43.53225833333333,10.276178333333332,2023-10-03 03:14:33.781045096,10.1,2023-10-03 03:15:00
46,46,43.55218666666666,10.292405,2023-10-03 03:23:54.475909756,8.0,2023-10-03 03:30:00
46,46,43.56852166666667,10.307821666666666,2023-10-03 11:41:28.273093590,4.8,2023-10-03 11:45:00
46,46,43.51645,10.226276666666667,2023-10-03 12:14:50.298370518,14.3,2023-10-03 12:15:00
46,46,43.46450166666667,10.20555,2023-10-03 12:26:44.199314738,18.4,2023-10-03 12:30:00
46,46,43.575325,10.316311666666667,2023-10-12 11:27:11.637425168,3.0,2023-10-12 11:30:00
46,46,43.540165,10.287158333333334,2023-10-12 11:57:53.423844138,8.5,2023-10-12 12:00:00
46,46,43.44616833333334,10.213205,2023-10-12 12:28:38.982518702,18.5,2023-10-12 12:30:00
46,46,43.49342,10.189126666666668,2023-10-17 02:44:31.370743841,8.4,2023-10-17 02:45:00
46,46,43.509555,10.239438333333334,2023-10-17 03:01:40.856100358,8.8,2023-10-17 03:00:00
46,46,43.54117,10.289333333333332,2023-10-17 03:22:21.433517509,10.7,2023-10-17 03:15:00
46,46,43.55647333333333,10.294355,2023-10-17 12:35:48.791016315,6.2,2023-10-17 12:30:00
46,46,43.52281,10.237286666666668,2023-10-17 12:56:16.672228172,17.8,2023-10-17 13:00:00
46,46,43.405835,10.2424,2023-10-17 13:20:17.571323160,19.7,2023-10-17 13:15:00
46,46,43.48595833333333,10.12441,2023-10-26 02:42:49.241527379,13.7,2023-10-26 02:45:00
46,46,43.49262333333333,10.21315,2023-10-26 03:00:08.042250816,13.0,2023-10-26 03:00:00
46,46,43.547603333333335,10.291113333333334,2023-10-26 03:36:00.345399581,6.9,2023-10-26 03:30:00
46,46,43.577185,10.316876666666667,2023-10-26 03:56:48.122732311,4.1,2023-10-26 04:00:00
46,46,43.564915,10.303911666666666,2023-10-26 12:44:49.211957764,6.6,2023-10-26 12:45:00
46,46,43.544415,10.291068333333332,2023-10-26 12:57:32.089528239,8.2,2023-10-26 13:00:00
46,46,43.51527333333333,10.225856666666663,2023-10-26 13:15:35.531145953,17.0,2023-10-26 13:15:00
46,46,43.55437666666667,10.292991666666667,2023-10-30 19:08:10.953772169,7.7,2023-10-30 19:15:00
46,46,43.517185000000005,10.175446666666666,2023-10-30 19:36:17.950456689,18.4,2023-10-30 19:30:00
47,47,43.51081,10.248335,2023-10-05 03:14:19.156954036,12.5,2023-10-05 03:15:00
47,47,43.56324166666666,10.301728333333331,2023-10-05 03:44:26.888659075,5.6,2023-10-05 03:45:00
47,47,43.57976333333333,10.317333333333332,2023-10-05 04:08:08.170869668,0.1,2023-10-05 04:15:00
47,47,43.56978333333333,10.307371666666668,2023-10-05 12:05:43.897854330,0.8,2023-10-05 12:00:00
47,47,43.53972,10.283431666666669,2023-10-05 12:28:27.890659182,7.3,2023-10-05 12:30:00
47,47,43.45553333333333,10.201488333333334,2023-10-05 12:57:00.781435673,18.8,2023-10-05 13:00:00
47,47,43.474936666666665,10.228905,2023-10-09 03:07:01.665241323,19.1,2023-10-09 03:00:00
47,47,43.553756666666665,10.291673333333334,2023-10-09 03:34:22.367578930,6.6,2023-10-09 03:30:00
47,47,43.579656666666665,10.317476666666666,2023-10-09 04:00:14.528957205,0.4,2023-10-09 04:00:00
47,47,43.57599166666667,10.316548333333332,2023-10-09 11:25:43.964429633,3.2,2023-10-09 11:30:00
47,47,43.51884,10.19327,2023-10-09 12:14:17.076013307,18.0,2023-10-09 12:15:00
47,47,43.50455333333333,10.232108333333334,2023-10-10 03:14:39.411283431,12.3,2023-10-10 03:15:00
47,47,43.517026666666666,10.251983333333332,2023-10-10 03:20:10.371314751,12.3,2023-10-10 03:15:00
47,47,43.57978166666667,10.317225,2023-10-10 04:14:20.592778318,0.1,2023-10-10 04:15:00
47,47,43.579503333333335,10.317628333333332,2023-10-10 11:56:32.498037572,1.1,2023-10-10 12:00:00
47,47,43.54787,10.291136666666668,2023-10-10 12:32:03.121995545,6.5,2023-10-10 12:30:00
47,47,43.49299,10.212485,2023-10-10 12:56:32.492796763,17.1,2023-10-10 13:00:00
47,47,43.49060333333333,10.121538333333332,2023-10-19 02:42:34.751097039,10.9,2023-10-19 02:45:00
47,47,43.48730166666667,10.15265,2023-10-19 02:50:05.854004545,11.0,2023-10-19 02:45:00
47,47,43.54992166666667,10.291585,2023-10-19 03:44:17.133714703,7.0,2023-10-19 03:45:00
47,47,43.57963166666666,10.317591666666669,2023-10-19 04:08:36.534015086,0.6,2023-10-19 04:15:00
48,48,43.56986333333334,10.30692,2023-10-01 04:19:45.412267125,5.4,2023-10-01 04:15:00
48,48,43.454910000000005,10.184841666666667,2023-10-01 05:11:38.682959066,16.4,2023-10-01 05:15:00
48,48,43.526785,10.263118333333331,2023-10-03 20:44:11.363290163,7.8,2023-10-03 20:45:00
48,48,43.529493333333335,10.270948333333331,2023-10-03 21:01:40.887995971,0.8,2023-10-03 21:00:00
48,48,43.57440166666667,10.305318333333334,2023-10-03 21:44:52.051574829,3.2,2023-10-03 21:45:00
48,48,43.576285,10.305025,2023-10-03 21:47:01.022594159,3.0,2023-10-03 21:45:00
48,48,43.56407,10.302818333333333,2023-10-04 03:44:08.415528841,6.2,2023-10-04 03:45:00
48,48,43.52353333333333,10.23747,2023-10-04 04:14:30.378618780,12.3,2023-10-04 04:15:00
48,48,43.49609333333333,10.1367,2023-10-04 04:32:28.651911997,16.3,2023-10-04 04:30:00
48,48,43.393391666666666,10.14779,2023-10-10 19:55:59.107719334,15.7,2023-10-10 20:00:00
48,48,43.51722666666667,10.256741666666668,2023-10-10 20:32:49.341274007,10.5,2023-10-10 20:30:00
48,48,43.50336833333333,10.237138333333332,2023-10-14 19:40:54.965166224,16.1,2023-10-14 19:45:00
48,48,43.52079333333334,10.263391666666667,2023-10-14 20:01:04.593663016,0.5,2023-10-14 20:00:00
48,48,43.569451666666666,10.307701666666668,2023-10-14 20:40:14.108131404,0.9,2023-10-14 20:45:00
48,48,43.53653166666666,10.272961666666667,2023-10-15 05:38:56.320909955,6.8,2023-10-15 05:45:00
48,48,43.49640333333333,10.184471666666669,2023-10-15 06:00:23.784778333,16.4,2023-10-15 06:00:00
48,48,43.39264166666667,10.15585,2023-10-15 06:24:49.757117443,17.4,2023-10-15 06:30:00
48,48,43.444010000000006,10.191136666666669,2023-10-17 20:12:21.992584917,13.7,2023-10-17 20:15:00
48,48,43.53116333333333,10.271288333333333,2023-10-17 20:44:24.191557942,10.7,2023-10-17 20:45:00
48,48,43.56903333333333,10.307163333333332,2023-10-17 21:08:18.305064555,2.2,2023-10-17 21:15:00
48,48,43.579615,10.304703333333332,2023-10-18 03:36:07.576479404,3.0,2023-10-18 03:30:00
48,48,43.533638333333336,10.260681666666668,2023-10-18 04:08:38.144015091,9.8,2023-10-18 04:15:00
48,48,43.50094,10.166173333333337,2023-10-18 04:28:49.137468230,16.1,2023-10-18 04:30:00
48,48,43.39035,10.121935,2023-10-20 23:50:48.561735677,18.7,2023-10-20 23:45:00
48,48,43.48900833333333,10.183881666666668,2023-10-21 19:58:03.207729887,17.1,2023-10-21 20:00:00
48,48,43.56830166666667,10.306766666666666,2023-10-21 20:41:20.370072970,3.0,2023-10-21 20:45:00
48,48,43.57087833333333,10.306201666666668,2023-10-21 20:49:31.274279846,2.5,2023-10-21 20:45:00
48,48,43.388075,10.121438333333334,2023-10-28 00:02:22.849719170,18.6,2023-10-28 00:00:00
48,48,43.51511666666667,10.252445,2023-10-28 20:42:40.178305112,9.8,2023-10-28 20:45:00
48,48,43.56274333333333,10.30097,2023-10-28 21:13:19.996706636,5.8,2023-10-28 21:15:00
48,48,43.565035,10.303905,2023-10-28 21:15:20.456217834,5.0,2023-10-28 21:15:00
48,48,43.565985,10.305343333333331,2023-10-29 03:58:22.758641012,5.1,2023-10-29 04:00:00
48,48,43.49107,10.173483333333332,2023-10-29 04:44:19.254674341,15.7,2023-10-29 04:45:00
48,48,43.47363666666667,10.15386,2023-10-29 04:49:25.590247979,15.7,2023-10-29 04:45:00
49,49,43.46595333333333,10.23836,2023-10-27 20:44:51.513068978,1.9,2023-10-27 20:45:00
49,49,43.45856333333334,10.23126,2023-10-27 21:09:32.023226075,1.5,2023-10-27 21:15:00
49,49,43.45238666666667,10.22477,2023-10-27 21:31:10.907083489,1.4,2023-10-27 21:30:00
49,49,43.44580833333334,10.218018333333331,2023-10-27 21:51:40.757440896,1.3,2023-10-27 21:45:00
49,49,43.43787,10.20574,2023-10-27 22:17:20.908435203,1.8,2023-10-27 22:15:00
49,49,43.428495,10.190826666666668,2023-10-27 22:47:40.399819236,1.8,2023-10-27 22:45:00
49,49,43.407095,10.165378333333331,2023-10-27 23:43:30.375673398,2.0,2023-10-27 23:45:00
49,49,43.40502666666666,10.16361,2023-10-27 23:49:31.098805544,1.5,2023-10-27 23:45:00
49,49,43.38773333333334,10.143141666666668,2023-10-28 00:36:40.825318104,1.8,2023-10-28 00:30:00
49,49,43.38368333333334,10.13671,2023-10-28 00:47:20.774977327,1.6,2023-10-28 00:45:00
49,49,43.39940666666666,10.138358333333334,2023-10-28 05:11:30.597065098,5.0,2023-10-28 05:15:00
49,49,43.42280333333333,10.169791666666669,2023-10-28 05:35:44.734593294,5.0,2023-10-28 05:30:00
49,49,43.459745,10.220448333333334,2023-10-28 06:11:12.176467664,5.4,2023-10-28 06:15:00
49,49,43.46000166666667,10.214738333333337,2023-10-28 06:29:10.898107758,2.6,2023-10-28 06:30:00
49,49,43.45068333333334,10.205335,2023-10-28 06:46:51.010236636,2.5,2023-10-28 06:45:00
49,49,43.41966666666666,10.175216666666667,2023-10-28 07:31:01.203082562,3.1,2023-10-28 07:30:00
49,49,43.40763666666667,10.153395,2023-10-28 07:58:10.878378874,2.2,2023-10-28 08:00:00
49,49,43.39550333333333,10.140786666666664,2023-10-28 08:22:01.599277505,2.8,2023-10-28 08:15:00
49,49,43.39250166666667,10.145176666666666,2023-10-28 09:13:39.357700378,7.1,2023-10-28 09:15:00
49,49,43.43494333333333,10.19606,2023-10-28 09:43:00.629397800,6.1,2023-10-28 09:45:00
49,49,43.44473666666667,10.206446666666666,2023-10-28 09:50:41.893235939,5.5,2023-10-28 09:45:00
49,49,43.50306,10.245028333333332,2023-10-28 10:33:12.395623831,6.9,2023-10-28 10:30:00
49,49,43.54496166666667,10.290741666666666,2023-10-28 10:58:30.223215920,7.0,2023-10-28 11:00:00
49,49,43.57782833333333,10.31717,2023-10-28 11:30:40.278505826,3.0,2023-10-28 11:30:00
49,49,43.54703833333333,10.290981666666664,2023-10-29 14:04:23.455530920,4.6,2023-10-29 14:00:00
49,49,43.52979166666667,10.246296666666666,2023-10-29 14:26:21.326509172,9.7,2023-10-29 14:30:00
49,49,43.476255,10.196898333333332,2023-10-29 14:49:21.675759472,11.3,2023-10-29 14:45:00
49,49,43.395743333333336,10.176506666666668,2023-10-29 15:15:42.136160490,11.0,2023-10-29 15:15:00
50,50,43.486015,10.22929,2023-10-04 16:14:44.573470977,13.4,2023-10-04 16:15:00
50,50,43.52680833333333,10.271988333333333,2023-10-04 16:44:11.815505827,2.7,2023-10-04 16:45:00
50,50,43.52862833333334,10.274738333333334,2023-10-04 16:48:15.204247758,2.0,2023-10-04 16:45:00
50,50,43.572316666666666,10.312596666666668,2023-10-04 17:36:32.360228520,0.1,2023-10-04 17:30:00
50,50,43.508225,10.198285,2023-10-04 22:14:58.414849130,10.0,2023-10-04 22:15:00
50,50,43.45451333333333,10.181345,2023-10-04 22:34:37.974490079,10.1,2023-10-04 22:30:00
50,50,43.447361666666666,10.202413333333334,2023-10-11 16:14:19.582917706,13.9,2023-10-11 16:15:00
50,50,43.48568833333333,10.216981666666667,2023-10-11 16:24:41.726123929,13.0,2023-10-11 16:30:00
50,50,43.548465,10.291311666666669,2023-10-11 17:02:39.175540928,7.4,2023-10-11 17:00:00
50,50,43.57161333333333,10.311923333333334,2023-10-11 17:28:08.532472840,1.5,2023-10-11 17:30:00
50,50,43.557865,10.294588333333332,2023-10-11 22:14:43.757009167,7.3,2023-10-11 22:15:00
50,50,43.55267166666667,10.291806666666668,2023-10-11 22:17:45.137977140,6.4,2023-10-11 22:15:00
50,50,43.46763166666666,10.211258333333337,2023-10-14 07:44:46.940355427,14.3,2023-10-14 07:45:00
50,50,43.49064,10.224336666666666,2023-10-14 07:50:58.551824223,14.2,2023-10-14 07:45:00
50,50,43.54759,10.291328333333333,2023-10-14 08:26:52.602814980,7.8,2023-10-14 08:30:00
50,50,43.539213333333336,10.281703333333333,2023-10-14 16:09:05.882492072,10.3,2023-10-14 16:15:00
50,50,43.51466166666667,10.205525,2023-10-14 16:26:45.319851236,13.5,2023-10-14 16:30:00
50,50,43.44712333333334,10.179351666666667,2023-10-14 16:45:02.129863145,14.1,2023-10-14 16:45:00
50,50,43.391913333333335,10.215283333333334,2023-10-18 15:03:31.162804115,14.9,2023-10-18 15:00:00
50,50,43.49339666666666,10.233198333333332,2023-10-18 15:28:57.360666796,13.6,2023-10-18 15:30:00
50,50,43.547525,10.291581666666668,2023-10-18 15:53:19.999203906,9.0,2023-10-18 16:00:00
50,50,43.57326666666667,10.309793333333332,2023-10-18 16:19:46.915919914,1.7,2023-10-18 16:15:00
50,50,43.55844,10.294515,2023-10-21 15:59:46.625474611,6.9,2023-10-21 16:00:00
50,50,43.52367666666667,10.241056666666667,2023-10-21 16:21:09.320122228,13.0,2023-10-21 16:15:00
50,50,43.432993333333336,10.179111666666667,2023-10-21 16:49:08.063071393,13.4,2023-10-21 16:45:00
50,50,43.42466,10.152595,2023-10-25 14:38:39.308973500,14.6,2023-10-25 14:45:00
50,50,43.508865,10.237448333333331,2023-10-25 15:14:47.939056362,2.1,2023-10-25 15:15:00
50,50,43.509258333333335,10.237986666666666,2023-10-25 15:15:51.138021120,1.7,2023-10-25 15:15:00
50,50,43.55959833333333,10.29655,2023-10-25 15:48:06.746367938,7.3,2023-10-25 15:45:00
50,50,43.57425,10.309441666666666,2023-10-25 16:18:08.958857453,0.1,2023-10-25 16:15:00
50,50,43.57426,10.30943,2023-10-25 20:38:51.162662966,0.1,2023-10-25 20:45:00
50,50,43.53741,10.278555,2023-10-25 22:08:25.428237748,11.8,2023-10-25 22:15:00
50,50,43.44115,10.182898333333332,2023-10-25 22:44:55.202538158,12.4,2023-10-25 22:45:00
50,50,43.426903333333335,10.177648333333334,2023-10-25 22:49:14.166819955,12.4,2023-10-25 22:45:00
50,50,43.41839333333333,10.127268333333337,2023-10-28 14:44:28.562834596,14.6,2023-10-28 14:45:00
50,50,43.477235,10.199145,2023-10-28 15:04:11.812308887,14.2,2023-10-28 15:00:00
50,50,43.5168,10.249078333333332,2023-10-28 15:17:48.140325209,13.1,2023-10-28 15:15:00
50,50,43.51573,10.217991666666668,2023-10-28 20:42:52.537068819,13.1,2023-10-28 20:45:00
50,50,43.41885166666667,10.13971,2023-10-28 21:13:17.966291246,13.5,2023-10-28 21:15:00
50,50,43.41118,10.137823333333332,2023-10-28 21:15:22.680164946,13.3,2023-10-28 21:15:00
51,51,43.52608833333333,10.261161666666668,2023-10-12 07:44:12.229250974,6.8,2023-10-12 07:45:00
51,51,43.53508,10.278698333333333,2023-10-12 07:51:20.944656264,8.5,2023-10-12 07:45:00
51,51,43.57643166666666,10.315986666666667,2023-10-12 11:57:21.525243523,0.1,2023-10-12 12:00:00
51,51,43.576483333333336,10.315993333333331,2023-10-12 21:57:21.572699200,0.1,2023-10-12 22:00:00
51,51,43.57640833333333,10.315991666666667,2023-10-13 01:51:21.474129500,0.1,2023-10-13 01:45:00
51,51,43.576411666666665,10.316006666666668,2023-10-13 02:33:21.842381576,0.1,2023-10-13 02:30:00
51,51,43.56962833333333,10.30953,2023-10-13 12:05:48.380271050,4.1,2023-10-13 12:00:00
51,51,43.559765,10.296671666666668,2023-10-13 12:15:48.723616922,5.5,2023-10-13 12:15:00
51,51,43.42308666666667,10.184313333333334,2023-10-13 13:14:31.525654998,17.2,2023-10-13 13:15:00
51,51,43.385043333333336,10.173818333333331,2023-10-13 13:22:32.048930050,17.6,2023-10-13 13:30:00
52,52,43.469295,10.206165,2023-10-02 21:14:52.820941076,6.2,2023-10-02 21:15:00
52,52,43.47953,10.206545,2023-10-02 21:20:52.170427946,6.3,2023-10-02 21:15:00
52,52,43.52045666666667,10.254846666666667,2023-10-02 22:14:12.678894636,1.3,2023-10-02 22:15:00
52,52,43.529585,10.267336666666669,2023-10-02 22:26:22.750244460,7.7,2023-10-02 22:30:00
52,52,43.55568,10.298621666666666,2023-10-02 23:10:52.466368064,0.2,2023-10-02 23:15:00
52,52,43.54566166666667,10.291165,2023-10-03 17:40:54.114048265,8.0,2023-10-03 17:45:00
52,52,43.508385,10.141721666666664,2023-10-03 18:14:37.487619887,18.8,2023-10-03 18:15:00
52,52,43.507195,10.134548333333331,2023-10-03 18:15:37.263690751,18.9,2023-10-03 18:15:00
52,52,43.50479666666667,10.173518333333334,2023-10-12 16:10:38.500869343,13.4,2023-10-12 16:15:00
52,52,43.51045,10.237203333333332,2023-10-12 16:24:10.124989890,9.1,2023-10-12 16:30:00
52,52,43.55580666666666,10.298715,2023-10-13 04:47:22.320891874,0.5,2023-10-13 04:45:00
52,52,43.53017666666666,10.240798333333334,2023-10-13 05:17:01.238433314,12.4,2023-10-13 05:15:00
52,52,43.504288333333335,10.129455,2023-10-18 05:41:49.584019070,19.1,2023-10-18 05:45:00
52,52,43.52003833333333,10.250683333333336,2023-10-18 06:06:29.828756128,2.9,2023-10-18 06:00:00
52,52,43.52171833333333,10.253066666666664,2023-10-18 06:20:49.674509591,1.9,2023-10-18 06:15:00
52,52,43.55508,10.29703,2023-10-18 07:01:17.860076309,1.7,2023-10-18 07:00:00
52,52,43.55583666666666,10.298833333333333,2023-10-18 07:22:09.911015129,0.1,2023-10-18 07:15:00
52,52,43.551375,10.291926666666663,2023-10-18 17:00:49.802718802,7.5,2023-10-18 17:00:00
52,52,43.51250833333334,10.152318333333334,2023-10-18 17:31:42.006071324,18.1,2023-10-18 17:30:00
52,52,43.50673833333334,10.205986666666666,2023-10-29 21:43:21.760542230,14.9,2023-10-29 21:45:00
52,52,43.53471833333333,10.276136666666668,2023-10-29 22:03:53.860772634,9.5,2023-10-29 22:00:00
52,52,43.555913333333336,10.298816666666664,2023-10-29 22:31:24.844556859,0.1,2023-10-29 22:30:00
52,52,43.54645333333334,10.291721666666666,2023-10-30 18:50:53.164036217,10.0,2023-10-30 18:45:00
52,52,43.51509,10.165188333333331,2023-10-30 19:18:02.793984400,18.3,2023-10-30 19:15:00
53,53,43.50234666666667,10.224166666666669,2023-10-04 05:44:36.953281435,17.2,2023-10-04 05:45:00
53,53,43.54585833333333,10.291435,2023-10-04 06:08:31.245422492,6.3,2023-10-04 06:15:00
53,53,43.53014,10.249471666666668,2023-10-04 16:44:14.473513713,12.3,2023-10-04 16:45:00
53,53,43.52428333333333,10.231125,2023-10-04 16:48:23.196325824,11.9,2023-10-04 16:45:00
53,53,43.49706333333334,10.178933333333331,2023-10-09 17:35:20.351113502,15.5,2023-10-09 17:30:00
53,53,43.524665,10.265266666666667,2023-10-09 18:14:18.244879884,0.5,2023-10-09 18:15:00
53,53,43.52381833333333,10.27009,2023-10-09 18:35:58.387127071,3.5,2023-10-09 18:30:00
53,53,43.554645,10.29504,2023-10-09 19:00:32.186733496,1.6,2023-10-09 19:00:00
53,53,43.505586666666666,10.147095,2023-10-10 18:14:08.553641704,17.4,2023-10-10 18:15:00
53,53,43.53611333333333,10.266425,2023-10-16 17:33:28.331433999,11.4,2023-10-16 17:30:00
53,53,43.50645333333333,10.14904,2023-10-16 17:54:26.104869821,16.3,2023-10-16 18:00:00
53,53,43.51498,10.249336666666666,2023-10-21 20:41:22.274304412,11.4,2023-10-21 20:45:00
53,53,43.535221666666665,10.2746,2023-10-21 20:50:35.291921460,10.7,2023-10-21 20:45:00
53,53,43.50359,10.22182,2023-10-26 16:14:59.996039301,17.2,2023-10-26 16:15:00
53,53,43.521640000000005,10.257288333333332,2023-10-26 16:22:13.447103835,12.7,2023-10-26 16:15:00
53,53,43.538871666666665,10.273143333333334,2023-10-27 03:23:16.905032768,5.9,2023-10-27 03:30:00
53,53,43.51398,10.14573,2023-10-27 03:49:53.826741301,15.6,2023-10-27 03:45:00
54,54,43.51103166666667,10.23608,2023-10-05 15:32:36.568632462,17.4,2023-10-05 15:30:00
54,54,43.55410333333334,10.293246666666668,2023-10-05 15:56:03.880555358,2.7,2023-10-05 16:00:00
54,54,43.53308833333333,10.259941666666666,2023-10-06 03:52:58.159242094,10.1,2023-10-06 04:00:00
54,54,43.50448666666667,10.13515,2023-10-06 04:18:10.170022634,16.7,2023-10-06 04:15:00
54,54,43.55481666666667,10.295733333333336,2023-10-11 16:14:49.685479344,4.0,2023-10-11 16:15:00
54,54,43.5426,10.290698333333332,2023-10-11 16:24:20.728213815,6.7,2023-10-11 16:30:00
54,54,43.50259666666667,10.175148333333334,2023-10-11 16:49:44.498533420,18.3,2023-10-11 16:45:00
54,54,43.50405166666667,10.215133333333334,2023-10-16 17:13:06.901091546,8.9,2023-10-16 17:15:00
54,54,43.53171,10.271971666666667,2023-10-16 17:33:26.085221114,11.9,2023-10-16 17:30:00
54,54,43.536908333333336,10.273055,2023-10-17 17:43:14.284317534,10.4,2023-10-17 17:45:00
54,54,43.51526,10.222158333333336,2023-10-17 17:55:57.138825607,17.0,2023-10-17 18:00:00
54,54,43.49460166666667,10.132761666666664,2023-10-28 16:13:11.174856966,13.1,2023-10-28 16:15:00
54,54,43.49555833333333,10.173851666666668,2023-10-28 16:21:50.061089165,11.1,2023-10-28 16:15:00
54,54,43.531265,10.271585,2023-10-28 16:50:50.123609577,10.1,2023-10-28 16:45:00
54,54,43.53705833333333,10.272348333333332,2023-10-29 04:44:31.141526535,9.5,2023-10-29 04:45:00
54,54,43.53113833333334,10.258273333333332,2023-10-29 04:48:50.254655619,10.0,2023-10-29 04:45:00
55,55,43.51218666666667,10.234558333333332,2023-10-02 05:44:07.687786916,11.5,2023-10-02 05:45:00
55,55,43.53560333333333,10.275141666666666,2023-10-02 06:09:38.234844889,5.8,2023-10-02 06:15:00
55,55,43.55572,10.29869,2023-10-02 06:44:38.039496805,0.2,2023-10-02 06:45:00
55,55,43.55170833333333,10.292381666666667,2023-10-02 22:14:56.223500214,6.6,2023-10-02 22:15:00
55,55,43.536675,10.270363333333334,2023-10-02 22:27:16.858417920,9.7,2023-10-02 22:30:00
55,55,43.51072,10.133678333333334,2023-10-02 22:53:58.754589674,16.6,2023-10-02 23:00:00
55,55,43.50455166666666,10.1218,2023-10-09 03:14:48.671255478,7.4,2023-10-09 03:15:00
55,55,43.50316833333333,10.177288333333331,2023-10-09 03:34:20.405472698,7.4,2023-10-09 03:30:00
55,55,43.51423166666667,10.247531666666667,2023-10-09 04:00:19.527107939,7.3,2023-10-09 04:00:00
55,55,43.55558666666666,10.298133333333334,2023-10-09 04:40:50.778322970,0.4,2023-10-09 04:45:00
55,55,43.51855333333333,10.209498333333332,2023-10-09 18:14:45.895353374,12.5,2023-10-09 18:15:00
55,55,43.514336666666665,10.154438333333331,2023-10-09 18:23:48.483298103,17.6,2023-10-09 18:30:00
55,55,43.50696833333333,10.17871,2023-10-14 16:08:42.096719364,12.7,2023-10-14 16:15:00
55,55,43.50987666666666,10.228303333333336,2023-10-14 16:26:12.471504164,0.3,2023-10-14 16:30:00
55,55,43.525895,10.263415,2023-10-14 17:07:12.321300716,1.6,2023-10-14 17:00:00
55,55,43.555908333333335,10.298545,2023-10-14 17:44:43.271255467,0.2,2023-10-14 17:45:00
55,55,43.55591666666667,10.298565,2023-10-14 17:45:03.655151201,0.1,2023-10-14 17:45:00
55,55,43.54589666666666,10.290645,2023-10-15 06:00:18.276146021,7.8,2023-10-15 06:00:00
55,55,43.51297833333333,10.169583333333332,2023-10-15 06:34:06.368992979,16.5,2023-10-15 06:30:00
55,55,43.53608666666666,10.279685,2023-10-19 16:19:06.849717054,9.0,2023-10-19 16:15:00
55,55,43.55577666666667,10.297736666666667,2023-10-19 16:47:07.380260804,0.6,2023-10-19 16:45:00
55,55,43.55529833333333,10.29678,2023-10-20 04:58:01.885628895,3.9,2023-10-20 05:00:00
55,55,43.51641333333334,10.205616666666666,2023-10-20 05:27:53.646357951,15.8,2023-10-20 05:30:00
55,55,43.54264833333333,10.271633333333334,2023-10-25 16:43:40.223331468,7.5,2023-10-25 16:45:00
55,55,43.53157833333333,10.246791666666669,2023-10-25 16:50:07.352518518,15.1,2023-10-25 16:45:00
55,55,43.506025,10.153913333333332,2023-10-30 19:08:26.382457165,4.5,2023-10-30 19:15:00
55,55,43.505716666666665,10.20252,2023-10-30 19:36:25.318770233,4.4,2023-10-30 19:30:00
55,55,43.53005333333333,10.270158333333336,2023-10-30 20:01:24.721219213,7.1,2023-10-30 20:00:00
55,55,43.55584833333333,10.2985,2023-10-30 20:35:54.944149048,0.2,2023-10-30 20:30:00
56,56,43.51933333333333,10.253166666666669,2023-10-21 16:48:31.223614987,1.0,2023-10-21 16:45:00
56,56,43.55166666666666,10.297166666666667,2023-10-21 17:44:33.137161625,0.2,2023-10-21 17:45:00
56,56,43.5515,10.296666666666663,2023-10-21 19:57:28.629061681,0.1,2023-10-21 20:00:00
56,56,43.55166666666666,10.296666666666663,2023-10-21 21:36:28.495580669,0.1,2023-10-21 21:30:00
57,57,43.49839333333333,10.291485,2023-10-08 17:40:37.880181498,0.1,2023-10-08 17:45:00
57,57,43.49838166666667,10.291356666666667,2023-10-09 01:58:42.720672598,0.1,2023-10-09 02:00:00
57,57,43.498915,10.28978,2023-10-09 06:13:43.650307403,0.1,2023-10-09 06:15:00
57,57,43.52319666666666,10.270941666666666,2023-10-09 14:14:46.500252184,6.4,2023-10-09 14:15:00
57,57,43.53941666666666,10.287101666666668,2023-10-09 14:24:33.777786096,9.1,2023-10-09 14:30:00
57,57,43.55316666666667,10.299503333333332,2023-10-13 05:41:15.689007676,2.9,2023-10-13 05:45:00
57,57,43.557071666666666,10.294193333333334,2023-10-13 05:55:43.977705287,3.7,2023-10-13 06:00:00
57,57,43.581435000000006,10.318435,2023-10-14 12:31:05.112940707,2.1,2023-10-14 12:30:00
57,57,43.56364333333333,10.302198333333331,2023-10-14 12:49:35.256948305,5.2,2023-10-14 12:45:00
57,57,43.50011333333334,10.185298333333332,2023-10-14 13:36:24.976465977,9.8,2023-10-14 13:30:00
57,57,43.45671333333333,10.132828333333332,2023-10-14 13:56:24.817484482,10.3,2023-10-14 14:00:00
58,58,43.419383333333336,10.138316666666666,2023-10-27 05:44:38.030212464,11.9,2023-10-27 05:45:00
58,58,43.4622,10.21375,2023-10-27 06:08:39.039742005,9.0,2023-10-27 06:15:00
58,58,43.47043333333333,10.2358,2023-10-27 06:16:17.475432315,8.0,2023-10-27 06:15:00
58,58,43.4454,10.2273,2023-10-27 07:13:07.095026225,3.9,2023-10-27 07:15:00
58,58,43.42146666666667,10.217716666666666,2023-10-27 07:34:58.125354972,4.1,2023-10-27 07:30:00
58,58,43.40476666666667,10.212016666666669,2023-10-27 07:50:08.989047775,3.9,2023-10-27 07:45:00
58,58,43.40051666666667,10.241033333333332,2023-10-28 08:11:29.328877480,5.7,2023-10-28 08:15:00
58,58,43.4145,10.254183333333334,2023-10-28 08:22:18.236947460,4.2,2023-10-28 08:15:00
58,58,43.44086666666667,10.266333333333334,2023-10-28 09:00:48.135463060,3.0,2023-10-28 09:00:00
58,58,43.41658333333333,10.218733333333336,2023-10-28 09:43:49.029693693,2.5,2023-10-28 09:45:00
58,58,43.413,10.214633333333332,2023-10-28 09:50:55.802675093,2.4,2023-10-28 09:45:00
58,58,43.395833333333336,10.188516666666668,2023-10-28 10:33:07.832811842,2.1,2023-10-28 10:30:00
58,58,43.38838333333333,10.17115,2023-10-28 10:58:39.065930232,2.1,2023-10-28 11:00:00
58,58,43.394133333333336,10.161316666666666,2023-10-28 11:53:38.037937263,10.6,2023-10-28 12:00:00
58,58,43.47666666666667,10.232233333333332,2023-10-28 12:22:10.053347023,8.5,2023-10-28 12:15:00
58,58,43.51285,10.261383333333333,2023-10-28 12:46:38.800244862,6.8,2023-10-28 12:45:00
58,58,43.56165,10.2968,2023-10-28 13:28:09.965662317,0.1,2023-10-28 13:30:00
58,58,43.561616666666666,10.296616666666669,2023-10-30 22:56:03.648649241,0.1,2023-10-30 23:00:00
59,59,43.49652666666667,10.253413333333333,2023-10-16 15:42:06.568364692,6.1,2023-10-16 15:45:00
59,59,43.50374166666666,10.276561666666668,2023-10-16 15:57:47.448963971,1.2,2023-10-16 16:00:00
59,59,43.502515,10.275075,2023-10-16 16:40:40.641678958,0.1,2023-10-16 16:45:00
59,59,43.505941666666665,10.27799,2023-10-16 20:01:03.903128664,1.7,2023-10-16 20:00:00
59,59,43.50982666666666,10.264636666666666,2023-10-16 20:42:30.093353721,0.9,2023-10-16 20:45:00
59,59,43.51479,10.261876666666666,2023-10-16 21:01:10.402870519,0.3,2023-10-16 21:00:00
59,59,43.52562,10.268556666666663,2023-10-16 21:21:48.479762949,4.6,2023-10-16 21:15:00
59,59,43.572880000000005,10.305293333333331,2023-10-16 22:02:33.315165887,2.5,2023-10-16 22:00:00
59,59,43.53545833333333,10.26703,2023-10-17 11:02:12.431825155,9.0,2023-10-17 11:00:00
59,59,43.50951333333333,10.203135,2023-10-17 11:22:02.576192980,9.8,2023-10-17 11:15:00
59,59,43.49672333333333,10.121291666666668,2023-10-17 11:45:33.824581224,9.9,2023-10-17 11:45:00
60,60,43.385675,10.12373,2023-10-28 07:57:31.100642212,2.7,2023-10-28 08:00:00
60,60,43.39044666666667,10.21319,2023-10-28 15:43:19.796165842,12.1,2023-10-28 15:45:00
60,60,43.428448333333336,10.272588333333337,2023-10-28 16:04:35.669352626,7.1,2023-10-28 16:00:00
60,60,43.44965,10.288718333333332,2023-10-28 16:21:52.182324876,3.0,2023-10-28 16:15:00
60,60,43.460335,10.285883333333334,2023-10-28 16:50:47.838021754,0.6,2023-10-28 16:45:00
60,60,43.460915,10.287568333333333,2023-10-28 17:59:54.284915007,0.2,2023-10-28 18:00:00
60,60,43.46294,10.28573,2023-10-29 01:32:53.653681298,0.1,2023-10-29 01:30:00
60,60,43.46351333333334,10.283651666666666,2023-10-29 06:59:53.179821089,0.1,2023-10-29 07:00:00
60,60,43.46380333333333,10.284445,2023-10-29 08:59:57.040976996,0.1,2023-10-29 09:00:00
60,60,43.46381833333333,10.284615,2023-10-29 11:29:57.889552606,0.1,2023-10-29 11:30:00
60,60,43.463745,10.284985,2023-10-29 17:14:58.950314470,0.1,2023-10-29 17:15:00
60,60,43.46378,10.284371666666669,2023-10-29 18:50:58.459310274,0.1,2023-10-29 18:45:00
60,60,43.46388666666667,10.284338333333332,2023-10-29 22:30:01.888556064,0.2,2023-10-29 22:30:00
60,60,43.46398666666666,10.282603333333332,2023-10-30 08:39:05.297123950,0.1,2023-10-30 08:45:00
60,60,43.464016666666666,10.282625,2023-10-30 08:54:00.168116136,0.1,2023-10-30 09:00:00
60,60,43.46393,10.282453333333333,2023-10-30 09:51:02.327887925,0.1,2023-10-30 09:45:00
60,60,43.46402666666667,10.282775,2023-10-30 11:09:04.120526460,0.2,2023-10-30 11:15:00
60,60,43.464095,10.283035,2023-10-30 11:27:01.830644102,0.1,2023-10-30 11:30:00
60,60,43.46408333333333,10.282413333333333,2023-10-30 12:45:02.693790422,0.2,2023-10-30 12:45:00
60,60,43.46409666666667,10.282386666666667,2023-10-30 13:15:06.351000895,0.2,2023-10-30 13:15:00
60,60,43.45421666666667,10.281778333333332,2023-10-30 13:50:56.485501741,2.9,2023-10-30 13:45:00
60,60,43.42921166666667,10.271431666666668,2023-10-30 14:17:06.353525538,3.8,2023-10-30 14:15:00
60,60,43.40272166666667,10.258173333333334,2023-10-30 14:48:25.447455596,3.2,2023-10-30 14:45:00
60,60,43.41441333333333,10.266561666666666,2023-10-30 17:13:47.382369316,5.0,2023-10-30 17:15:00
60,60,43.42783666666666,10.269271666666668,2023-10-30 17:23:25.376808074,5.2,2023-10-30 17:30:00
60,60,43.43409,10.253196666666666,2023-10-30 17:51:15.932870247,2.1,2023-10-30 17:45:00
60,60,43.41728166666667,10.24131,2023-10-30 18:33:06.022190236,2.4,2023-10-30 18:30:00
60,60,43.403933333333335,10.23815,2023-10-30 18:51:06.117830933,2.6,2023-10-30 18:45:00
60,60,43.385353333333335,10.236003333333334,2023-10-30 19:18:46.694505221,2.6,2023-10-30 19:15:00
60,60,43.383965,10.26118,2023-10-30 21:03:04.381684968,3.6,2023-10-30 21:00:00
60,60,43.40244166666666,10.26405,2023-10-30 21:22:05.969160777,3.2,2023-10-30 21:15:00
60,60,43.428068333333336,10.268893333333333,2023-10-30 21:52:55.155697530,2.8,2023-10-30 22:00:00
60,60,43.43228833333333,10.26208,2023-10-30 22:43:44.271743487,2.7,2023-10-30 22:45:00
60,60,43.42319666666666,10.262448333333332,2023-10-30 22:55:56.252372143,2.5,2023-10-30 23:00:00
60,60,43.40277833333334,10.264638333333332,2023-10-30 23:29:14.978645375,1.8,2023-10-30 23:30:00
60,60,43.393975,10.264326666666667,2023-10-30 23:46:34.790843750,1.8,2023-10-30 23:45:00
61,61,43.49075333333334,10.287223333333332,2023-10-03 14:14:49.845036543,3.5,2023-10-03 14:15:00
61,61,43.493611666666666,10.289211666666668,2023-10-03 14:42:56.344606294,0.2,2023-10-03 14:45:00
61,61,43.494265000000006,10.288455,2023-10-04 03:03:59.859313122,0.1,2023-10-04 03:00:00
61,61,43.49419,10.288806666666666,2023-10-04 03:49:02.568050131,0.1,2023-10-04 03:45:00
61,61,43.493786666666665,10.290001666666663,2023-10-04 05:10:04.431635366,0.1,2023-10-04 05:15:00
61,61,43.49386666666667,10.289996666666667,2023-10-04 05:22:04.529771282,0.1,2023-10-04 05:15:00
61,61,43.49323666666667,10.289851666666667,2023-10-04 06:40:00.126246045,0.1,2023-10-04 06:45:00
61,61,43.49350666666667,10.289793333333334,2023-10-04 07:16:02.751157386,0.1,2023-10-04 07:15:00
61,61,43.49369833333333,10.289893333333334,2023-10-04 08:01:07.249001187,0.1,2023-10-04 08:00:00
61,61,43.493318333333335,10.290056666666668,2023-10-04 09:13:01.070883903,0.1,2023-10-04 09:15:00
61,61,43.49322333333334,10.289818333333333,2023-10-04 09:31:02.231242643,0.1,2023-10-04 09:30:00
61,61,43.49335166666666,10.289903333333331,2023-10-04 10:13:05.940849587,0.1,2023-10-04 10:15:00
61,61,43.49340666666667,10.290055,2023-10-04 10:43:04.086518213,0.2,2023-10-04 10:45:00
61,61,43.49342833333333,10.290121666666666,2023-10-04 11:04:02.465462525,0.1,2023-10-04 11:00:00
61,61,43.49328666666667,10.289928333333334,2023-10-04 11:25:06.303064607,0.1,2023-10-04 11:30:00
61,61,43.49315666666666,10.289998333333331,2023-10-04 12:43:02.126839598,0.1,2023-10-04 12:45:00
61,61,43.493096666666666,10.289975,2023-10-04 13:13:04.361158935,0.1,2023-10-04 13:15:00
61,61,43.492920000000005,10.289858333333331,2023-10-04 14:07:01.017677444,0.1,2023-10-04 14:00:00
61,61,43.492803333333335,10.289675,2023-10-04 14:28:09.110027923,0.1,2023-10-04 14:30:00
61,61,43.49284166666666,10.289788333333332,2023-10-04 15:13:02.971970445,0.1,2023-10-04 15:15:00
61,61,43.492920000000005,10.28982,2023-10-04 15:37:03.847705772,0.1,2023-10-04 15:30:00
61,61,43.49295166666666,10.289848333333332,2023-10-04 16:01:07.068099937,0.1,2023-10-04 16:00:00
61,61,43.49285833333333,10.289746666666668,2023-10-04 16:46:04.760813229,0.1,2023-10-04 16:45:00
61,61,43.49248833333333,10.289211666666668,2023-10-04 18:25:04.730791693,0.1,2023-10-04 18:30:00
61,61,43.492536666666666,10.288685,2023-10-04 21:16:10.005021876,0.1,2023-10-04 21:15:00
61,61,43.49263333333333,10.288388333333334,2023-10-04 22:13:09.796979552,0.1,2023-10-04 22:15:00
61,61,43.492555,10.288673333333332,2023-10-04 23:13:10.127615104,0.1,2023-10-04 23:15:00
61,61,43.49319333333334,10.289818333333333,2023-10-05 00:43:09.200073637,0.1,2023-10-05 00:45:00
61,61,43.49312,10.289783333333332,2023-10-05 00:55:08.080610617,0.1,2023-10-05 01:00:00
61,61,43.49312666666666,10.289778333333334,2023-10-05 01:40:08.189194272,0.2,2023-10-05 01:45:00
61,61,43.49325666666667,10.289965,2023-10-05 02:13:11.708394230,0.1,2023-10-05 02:15:00
61,61,43.493355,10.290025000000002,2023-10-05 02:31:02.890911665,0.1,2023-10-05 02:30:00
61,61,43.49282333333333,10.289506666666666,2023-10-05 04:40:08.814356601,0.1,2023-10-05 04:45:00
61,61,43.49323833333334,10.288571666666666,2023-10-05 05:21:14.512441460,0.8,2023-10-05 05:15:00
61,61,43.51840666666667,10.283393333333333,2023-10-05 05:45:23.830591596,2.3,2023-10-05 05:45:00
61,61,43.53895333333333,10.285935,2023-10-05 06:44:46.533128153,7.9,2023-10-05 06:45:00
61,61,43.57405000000001,10.315936666666666,2023-10-05 07:14:44.202793224,0.5,2023-10-05 07:15:00
61,61,43.57374,10.317226666666668,2023-10-05 07:20:36.291889207,0.6,2023-10-05 07:15:00
61,61,43.56607333333333,10.305288333333332,2023-10-06 13:14:14.729555391,5.1,2023-10-06 13:15:00
61,61,43.54794166666667,10.291386666666666,2023-10-06 13:26:06.454215579,7.5,2023-10-06 13:30:00
61,61,43.474505,10.20556,2023-10-06 14:14:13.795255847,7.7,2023-10-06 14:15:00
61,61,43.46612833333334,10.200873333333334,2023-10-06 14:18:24.976183113,7.7,2023-10-06 14:15:00
61,61,43.38578166666667,10.156661666666668,2023-10-06 14:58:04.963077167,7.8,2023-10-06 15:00:00
62,62,43.42241666666666,10.20345,2023-10-18 12:13:28.931640891,12.4,2023-10-18 12:15:00
62,62,43.43236666666667,10.210216666666668,2023-10-18 12:16:37.386522108,12.5,2023-10-18 12:15:00
62,62,43.51118333333333,10.284366666666669,2023-10-18 12:59:37.523056040,0.4,2023-10-18 13:00:00
62,62,43.51278333333333,10.284516666666669,2023-10-18 13:16:18.147927130,0.3,2023-10-18 13:15:00
62,62,43.512683333333335,10.283916666666666,2023-10-18 14:18:50.827428906,0.1,2023-10-18 14:15:00
62,62,43.512816666666666,10.2842,2023-10-18 14:51:19.945432976,0.3,2023-10-18 14:45:00
62,62,43.51293333333333,10.284283333333333,2023-10-18 15:29:05.195010806,0.3,2023-10-18 15:30:00
62,62,43.51295,10.284366666666669,2023-10-18 15:53:08.792696944,0.2,2023-10-18 16:00:00
62,62,43.512883333333335,10.284116666666668,2023-10-18 16:32:07.126754693,0.1,2023-10-18 16:30:00
62,62,43.513000000000005,10.284533333333334,2023-10-18 17:05:07.724943571,0.2,2023-10-18 17:00:00
62,62,43.51303333333333,10.284266666666667,2023-10-18 17:44:05.800218017,0.2,2023-10-18 17:45:00
62,62,43.512883333333335,10.283916666666666,2023-10-18 18:08:05.699103567,0.4,2023-10-18 18:15:00
62,62,43.5129,10.284216666666667,2023-10-18 18:44:06.117867360,0.4,2023-10-18 18:45:00
62,62,43.512816666666666,10.2841,2023-10-18 18:56:05.523832053,0.2,2023-10-18 19:00:00
62,62,43.51296666666666,10.28435,2023-10-18 19:32:07.382048310,0.4,2023-10-18 19:30:00
62,62,43.5128,10.284066666666666,2023-10-18 19:47:05.592198463,0.4,2023-10-18 19:45:00
62,62,43.5128,10.283983333333332,2023-10-18 20:53:08.893975463,0.1,2023-10-18 21:00:00
62,62,43.512883333333335,10.283966666666666,2023-10-18 21:35:05.742061534,0.2,2023-10-18 21:30:00
62,62,43.51295,10.284466666666669,2023-10-18 22:02:06.239502802,0.1,2023-10-18 22:00:00
62,62,43.51283333333333,10.284016666666668,2023-10-18 22:26:08.332856056,0.3,2023-10-18 22:30:00
62,62,43.51296666666666,10.28445,2023-10-18 23:08:08.748435771,0.1,2023-10-18 23:15:00
62,62,43.51285,10.284366666666669,2023-10-18 23:17:06.797919473,0.3,2023-10-18 23:15:00
62,62,43.51298333333333,10.284433333333334,2023-10-19 00:02:07.622523234,0.2,2023-10-19 00:00:00
62,62,43.5129,10.284133333333331,2023-10-19 00:44:06.624415025,0.2,2023-10-19 00:45:00
62,62,43.51298333333333,10.284416666666669,2023-10-19 00:59:06.019218574,0.2,2023-10-19 01:00:00
62,62,43.51283333333333,10.284166666666666,2023-10-19 01:32:06.877262754,0.2,2023-10-19 01:30:00
62,62,43.5129,10.284416666666669,2023-10-19 02:02:07.348542783,0.2,2023-10-19 02:00:00
62,62,43.512816666666666,10.28415,2023-10-19 02:29:06.346196672,0.3,2023-10-19 02:30:00
62,62,43.512883333333335,10.28395,2023-10-19 02:50:06.926579791,0.2,2023-10-19 02:45:00
62,62,43.51296666666666,10.284866666666666,2023-10-19 03:44:06.976913520,0.1,2023-10-19 03:45:00
62,62,43.513000000000005,10.285566666666666,2023-10-19 04:08:07.580874060,0.1,2023-10-19 04:15:00
62,62,43.5128,10.285283333333332,2023-10-19 04:38:08.638457103,0.5,2023-10-19 04:45:00
62,62,43.51308333333333,10.284883333333331,2023-10-19 16:23:05.161498464,0.1,2023-10-19 16:30:00
62,62,43.51306666666667,10.284983333333336,2023-10-19 17:02:05.431339970,0.3,2023-10-19 17:00:00
62,62,43.51306666666667,10.284633333333334,2023-10-19 17:23:05.540381430,0.2,2023-10-19 17:30:00
62,62,43.51311666666666,10.284983333333336,2023-10-19 18:14:08.980353883,0.1,2023-10-19 18:15:00
62,62,43.51315,10.28515,2023-10-19 18:35:06.618484708,0.1,2023-10-19 18:30:00
62,62,43.51306666666667,10.284916666666668,2023-10-19 18:59:06.661696580,0.2,2023-10-19 19:00:00
62,62,43.51318333333334,10.285316666666668,2023-10-19 19:32:09.887111858,0.2,2023-10-19 19:30:00
62,62,43.51308333333333,10.285116666666664,2023-10-19 20:29:07.858994266,0.2,2023-10-19 20:30:00
62,62,43.51315,10.28555,2023-10-19 20:53:07.031769542,0.1,2023-10-19 21:00:00
62,62,43.51296666666666,10.285083333333334,2023-10-19 21:17:07.786318002,0.2,2023-10-19 21:15:00
62,62,43.51315,10.285233333333334,2023-10-19 22:08:08.011149629,0.2,2023-10-19 22:15:00
62,62,43.51321666666667,10.2852,2023-10-20 00:08:06.007133224,0.2,2023-10-20 00:15:00
62,62,43.513133333333336,10.285383333333334,2023-10-20 00:44:07.226270936,0.1,2023-10-20 00:45:00
62,62,43.51316666666666,10.285316666666668,2023-10-20 00:50:06.760776151,0.1,2023-10-20 00:45:00
62,62,43.51315,10.28515,2023-10-20 01:17:08.823558239,0.3,2023-10-20 01:15:00
62,62,43.51318333333334,10.285066666666667,2023-10-20 02:11:06.470861441,0.1,2023-10-20 02:15:00
62,62,43.51323333333333,10.285416666666666,2023-10-20 02:17:07.787847916,0.1,2023-10-20 02:15:00
62,62,43.51326666666667,10.2856,2023-10-20 03:08:06.462994218,0.2,2023-10-20 03:15:00
62,62,43.51318333333334,10.28485,2023-10-20 03:59:06.312492356,0.1,2023-10-20 04:00:00
62,62,43.51323333333333,10.284866666666666,2023-10-20 04:38:05.856108277,0.3,2023-10-20 04:45:00
62,62,43.51355,10.284916666666668,2023-10-20 05:44:07.753331534,0.3,2023-10-20 05:45:00
62,62,43.513466666666666,10.2847,2023-10-20 05:56:05.904994814,0.6,2023-10-20 06:00:00
62,62,43.51365,10.284766666666666,2023-10-20 06:38:06.855057571,0.3,2023-10-20 06:45:00
62,62,43.51363333333334,10.284716666666666,2023-10-20 07:11:07.853730920,0.1,2023-10-20 07:15:00
62,62,43.51366666666667,10.284383333333333,2023-10-20 07:56:08.821537330,0.1,2023-10-20 08:00:00
62,62,43.51376666666667,10.2846,2023-10-20 08:38:07.248726776,0.1,2023-10-20 08:45:00
62,62,43.51391666666667,10.285016666666667,2023-10-20 09:35:08.288075146,0.1,2023-10-20 09:30:00
62,62,43.51393333333333,10.284966666666666,2023-10-20 09:47:09.486211399,0.2,2023-10-20 09:45:00
62,62,43.51388333333333,10.285333333333334,2023-10-20 10:17:06.941484102,0.1,2023-10-20 10:15:00
62,62,43.51391666666667,10.2851,2023-10-20 10:59:05.243703262,0.3,2023-10-20 11:00:00
62,62,43.51381666666667,10.284716666666666,2023-10-20 11:20:08.389700254,0.2,2023-10-20 11:15:00
62,62,43.51383333333333,10.285616666666666,2023-10-20 12:38:06.058841244,0.2,2023-10-20 12:45:00
62,62,43.51295,10.287483333333334,2023-10-20 13:11:09.275838738,0.5,2023-10-20 13:15:00
62,62,43.5128,10.287666666666668,2023-10-20 13:38:11.107793699,0.3,2023-10-20 13:45:00
62,62,43.51315,10.2873,2023-10-20 14:02:08.950982524,0.2,2023-10-20 14:00:00
62,62,43.51328333333333,10.287016666666666,2023-10-20 14:32:08.625115192,0.1,2023-10-20 14:30:00
62,62,43.51315,10.287283333333331,2023-10-20 14:47:09.177466464,0.1,2023-10-20 14:45:00
62,62,43.513133333333336,10.287383333333334,2023-10-20 15:23:07.913003633,0.3,2023-10-20 15:30:00
62,62,43.512683333333335,10.287816666666666,2023-10-20 15:47:09.774995836,0.2,2023-10-20 15:45:00
62,62,43.512616666666666,10.287883333333331,2023-10-20 16:38:06.768361693,0.4,2023-10-20 16:45:00
62,62,43.51278333333333,10.28775,2023-10-20 17:11:05.446962685,0.2,2023-10-20 17:15:00
62,62,43.51276666666667,10.287833333333332,2023-10-20 17:20:08.340343982,0.3,2023-10-20 17:15:00
62,62,43.512816666666666,10.287783333333334,2023-10-20 18:05:05.879967994,0.1,2023-10-20 18:00:00
62,62,43.51293333333333,10.28775,2023-10-20 19:32:08.149505870,0.2,2023-10-20 19:30:00
62,62,43.5132,10.287316666666667,2023-10-20 19:59:08.796652065,0.3,2023-10-20 20:00:00
62,62,43.51306666666667,10.28755,2023-10-20 20:20:05.847979725,0.1,2023-10-20 20:15:00
62,62,43.51305,10.2877,2023-10-20 21:26:09.544204225,0.1,2023-10-20 21:30:00
62,62,43.51295,10.287633333333334,2023-10-20 22:02:07.067001167,0.1,2023-10-20 22:00:00
62,62,43.51296666666666,10.287616666666668,2023-10-20 22:23:06.046059281,0.4,2023-10-20 22:30:00
62,62,43.51291666666667,10.287716666666666,2023-10-20 23:02:07.480002705,0.2,2023-10-20 23:00:00
62,62,43.51283333333333,10.2878,2023-10-20 23:47:07.715013769,0.1,2023-10-20 23:45:00
62,62,43.512883333333335,10.287683333333332,2023-10-21 00:35:06.656878165,0.1,2023-10-21 00:30:00
62,62,43.51293333333333,10.287683333333332,2023-10-21 00:47:05.658960858,0.5,2023-10-21 00:45:00
62,62,43.51318333333334,10.287416666666669,2023-10-21 01:20:06.353061579,0.3,2023-10-21 01:15:00
62,62,43.51311666666666,10.2874,2023-10-21 02:02:08.292846777,0.3,2023-10-21 02:00:00
62,62,43.51306666666667,10.287683333333332,2023-10-21 02:17:08.011784074,0.2,2023-10-21 02:15:00
62,62,43.51278333333333,10.287583333333334,2023-10-21 03:14:06.434088106,0.3,2023-10-21 03:15:00
62,62,43.512883333333335,10.28745,2023-10-21 03:26:06.912535685,0.2,2023-10-21 03:30:00
62,62,43.51306666666667,10.287366666666664,2023-10-21 04:08:08.490166148,0.1,2023-10-21 04:15:00
62,62,43.51303333333333,10.28735,2023-10-21 04:41:08.600991703,0.2,2023-10-21 04:45:00
62,62,43.513000000000005,10.28755,2023-10-21 04:56:05.176807331,0.1,2023-10-21 05:00:00
62,62,43.5129,10.287566666666669,2023-10-21 05:32:08.940639058,0.3,2023-10-21 05:30:00
62,62,43.513000000000005,10.2873,2023-10-21 05:50:07.390324973,0.4,2023-10-21 05:45:00
62,62,43.51186666666667,10.2873,2023-10-21 06:32:08.369184512,0.2,2023-10-21 06:30:00
62,62,43.5129,10.287533333333332,2023-10-21 07:08:06.369728483,0.1,2023-10-21 07:15:00
62,62,43.51355,10.28645,2023-10-21 07:56:08.825312370,0.1,2023-10-21 08:00:00
62,62,43.51358333333334,10.2866,2023-10-21 08:59:08.139731414,0.1,2023-10-21 09:00:00
62,62,43.51343333333333,10.28685,2023-10-21 09:47:06.906890594,0.2,2023-10-21 09:45:00
62,62,43.51241666666667,10.28795,2023-10-21 10:23:06.788470554,0.1,2023-10-21 10:30:00
62,62,43.51128333333334,10.28775,2023-10-21 10:47:10.203132947,0.1,2023-10-21 10:45:00
62,62,43.51068333333333,10.286183333333334,2023-10-21 11:53:09.106254427,0.1,2023-10-21 12:00:00
62,62,43.5109,10.286116666666668,2023-10-21 12:35:06.594854031,0.2,2023-10-21 12:30:00
62,62,43.511100000000006,10.286933333333334,2023-10-21 13:17:07.503912163,0.1,2023-10-21 13:15:00
62,62,43.51136666666666,10.285016666666667,2023-10-21 14:14:08.470501142,0.1,2023-10-21 14:15:00
62,62,43.51178333333333,10.285166666666669,2023-10-21 14:26:08.732799796,0.1,2023-10-21 14:30:00
62,62,43.51191666666667,10.284866666666666,2023-10-21 14:56:05.966674385,0.2,2023-10-21 15:00:00
62,62,43.5122,10.28505,2023-10-21 15:35:08.336927479,0.1,2023-10-21 15:30:00
62,62,43.51273333333334,10.287133333333331,2023-10-21 17:44:06.836066957,0.1,2023-10-21 17:45:00
62,62,43.51265,10.287583333333334,2023-10-21 17:59:08.451605168,0.1,2023-10-21 18:00:00
62,62,43.51236666666667,10.287816666666666,2023-10-21 19:23:08.101513472,0.1,2023-10-21 19:30:00
62,62,43.51243333333333,10.287816666666666,2023-10-21 20:08:08.387341041,0.4,2023-10-21 20:15:00
62,62,43.512616666666666,10.287866666666668,2023-10-21 20:41:08.543002079,0.1,2023-10-21 20:45:00
62,62,43.51243333333333,10.287916666666666,2023-10-21 21:35:09.095572325,0.3,2023-10-21 21:30:00
62,62,43.512550000000005,10.287916666666666,2023-10-21 22:08:08.641375507,0.3,2023-10-21 22:15:00
62,62,43.51296666666666,10.287666666666668,2023-10-21 22:17:08.509595666,0.1,2023-10-21 22:15:00
62,62,43.51215,10.288066666666667,2023-10-22 16:08:05.529835521,0.1,2023-10-22 16:15:00
62,62,43.45526666666667,10.22455,2023-10-25 08:32:18.485365632,0.4,2023-10-25 08:30:00
62,62,43.44876666666666,10.226166666666668,2023-10-25 09:09:44.477542155,0.6,2023-10-25 09:15:00
62,62,43.44903333333333,10.229766666666666,2023-10-25 09:20:26.352443578,0.5,2023-10-25 09:15:00
62,62,43.45008333333333,10.23925,2023-10-25 10:03:26.537423664,0.4,2023-10-25 10:00:00
62,62,43.4521,10.24415,2023-10-25 10:36:37.196028179,0.4,2023-10-25 10:30:00
62,62,43.45353333333333,10.248266666666666,2023-10-25 11:01:37.124004629,0.5,2023-10-25 11:00:00
62,62,43.44586666666667,10.231266666666668,2023-10-25 11:34:26.292820644,0.8,2023-10-25 11:30:00
62,62,43.44473333333334,10.2435,2023-10-25 12:03:07.762040545,0.9,2023-10-25 12:00:00
62,62,43.44895,10.252683333333332,2023-10-25 12:32:27.272895423,0.7,2023-10-25 12:30:00
62,62,43.44925,10.255416666666669,2023-10-25 12:54:58.135564919,3.8,2023-10-25 13:00:00
62,62,43.44708333333333,10.2304,2023-10-25 13:25:05.349884620,1.3,2023-10-25 13:30:00
62,62,43.4611,10.23875,2023-10-25 14:05:07.525844987,3.5,2023-10-25 14:00:00
62,62,43.49551666666667,10.245366666666666,2023-10-25 14:38:56.417344730,3.6,2023-10-25 14:45:00
62,62,43.522416666666665,10.26075,2023-10-25 15:14:26.016472433,0.6,2023-10-25 15:15:00
62,62,43.52248333333333,10.261033333333334,2023-10-25 15:15:42.901525887,0.8,2023-10-25 15:15:00
62,62,43.55011666666667,10.29105,2023-10-25 15:47:25.430370024,6.0,2023-10-25 15:45:00
62,62,43.57405000000001,10.317783333333333,2023-10-25 16:17:08.992402604,0.1,2023-10-25 16:15:00
62,62,43.5739,10.317733333333331,2023-10-25 21:08:45.982161573,0.1,2023-10-25 21:15:00
62,62,43.574,10.317783333333333,2023-10-26 00:56:47.469985965,0.1,2023-10-26 01:00:00
62,62,43.573883333333335,10.31775,2023-10-26 20:59:42.197336987,0.1,2023-10-26 21:00:00
62,62,43.5739,10.31785,2023-10-27 21:11:43.207686597,0.1,2023-10-27 21:15:00
62,62,43.57408333333333,10.317816666666666,2023-10-27 22:47:45.249048270,0.1,2023-10-27 22:45:00
62,62,43.574016666666665,10.317733333333331,2023-10-29 03:59:44.241113647,0.1,2023-10-29 04:00:00
62,62,43.57346666666667,10.315616666666669,2023-10-29 15:14:45.372154042,2.9,2023-10-29 15:15:00
62,62,43.561166666666665,10.298933333333334,2023-10-29 15:25:46.799227409,7.3,2023-10-29 15:30:00
62,62,43.52471666666667,10.227666666666666,2023-10-29 15:55:28.332925308,11.3,2023-10-29 16:00:00
62,62,43.472166666666666,10.15665,2023-10-29 16:19:27.565947779,11.3,2023-10-29 16:15:00
63,63,43.49140333333333,10.286605,2023-10-16 09:22:01.663985371,0.2,2023-10-16 09:15:00
63,63,43.491166666666665,10.286833333333334,2023-10-16 09:52:03.879235632,0.2,2023-10-16 09:45:00
63,63,43.49133333333334,10.286666666666669,2023-10-16 10:16:02.569484565,0.1,2023-10-16 10:15:00
63,63,43.49155333333333,10.286623333333331,2023-10-16 12:16:01.984163826,0.1,2023-10-16 12:15:00
63,63,43.49127833333333,10.286868333333333,2023-10-16 12:46:03.928789488,0.1,2023-10-16 12:45:00
63,63,43.49133333333334,10.286666666666669,2023-10-16 13:31:02.964391239,0.2,2023-10-16 13:30:00
63,63,43.491166666666665,10.286833333333334,2023-10-16 13:55:03.094704796,0.2,2023-10-16 14:00:00
63,63,43.4915,10.2865,2023-10-16 14:37:02.024212745,0.4,2023-10-16 14:30:00
63,63,43.4915,10.286666666666669,2023-10-16 14:55:01.201772830,0.2,2023-10-16 15:00:00
63,63,43.49128833333334,10.286786666666666,2023-10-16 16:40:02.955928521,0.1,2023-10-16 16:45:00
63,63,43.491256666666665,10.286793333333332,2023-10-16 17:55:05.272454096,0.1,2023-10-16 18:00:00
63,63,43.49133333333334,10.286666666666669,2023-10-16 18:28:01.544476920,0.1,2023-10-16 18:30:00
63,63,43.49133333333334,10.286666666666669,2023-10-16 20:01:01.169133184,0.1,2023-10-16 20:00:00
63,63,43.4915,10.2865,2023-10-16 20:31:03.106436013,0.1,2023-10-16 20:30:00
63,63,43.49183333333334,10.286333333333332,2023-10-16 21:28:03.293014725,0.2,2023-10-16 21:30:00
63,63,43.4915,10.2865,2023-10-16 21:49:02.753630753,0.1,2023-10-16 21:45:00
63,63,43.4915,10.2865,2023-10-16 22:43:01.208586724,0.1,2023-10-16 22:45:00
63,63,43.4915,10.2865,2023-10-16 23:22:01.939326858,0.1,2023-10-16 23:15:00
63,63,43.49173,10.28646,2023-10-17 00:07:04.135518964,0.2,2023-10-17 00:00:00
63,63,43.49189333333334,10.286336666666667,2023-10-17 00:55:03.566314088,0.1,2023-10-17 01:00:00
63,63,43.49166666666667,10.2865,2023-10-17 01:40:02.654800469,0.1,2023-10-17 01:45:00
63,63,43.491535,10.286515,2023-10-17 02:10:02.885069730,0.1,2023-10-17 02:15:00
63,63,43.4915,10.2865,2023-10-17 03:22:01.724766410,0.1,2023-10-17 03:15:00
63,63,43.49133333333334,10.286666666666669,2023-10-17 04:16:02.330605273,0.1,2023-10-17 04:15:00
63,63,43.492,10.286833333333334,2023-10-17 05:35:03.040139501,0.8,2023-10-17 05:30:00
63,63,43.49216666666667,10.278333333333334,2023-10-17 06:04:53.160699495,2.4,2023-10-17 06:00:00
63,63,43.50116666666667,10.269166666666669,2023-10-17 06:17:31.857574343,4.9,2023-10-17 06:15:00
63,63,43.567,10.306333333333331,2023-10-17 07:07:22.131090765,4.9,2023-10-17 07:00:00
63,63,43.58358666666666,10.318843333333332,2023-10-17 07:35:02.085719348,0.6,2023-10-17 07:30:00
63,63,43.56433333333334,10.303166666666668,2023-10-17 22:29:06.482763622,7.2,2023-10-17 22:30:00
63,63,43.52833333333333,10.225333333333332,2023-10-17 22:55:55.726465742,12.8,2023-10-17 23:00:00
63,63,43.52063333333333,10.12904,2023-10-17 23:15:27.858202903,13.2,2023-10-17 23:15:00
64,64,43.503095,10.265493333333334,2023-10-01 14:44:32.172419278,0.8,2023-10-01 14:45:00
64,64,43.50333,10.266491666666669,2023-10-01 14:50:32.976252064,0.4,2023-10-01 14:45:00
64,64,43.50291333333333,10.267858333333333,2023-10-01 15:56:32.379488161,0.1,2023-10-01 16:00:00
64,64,43.50280166666666,10.266808333333334,2023-10-01 19:14:34.774065167,0.1,2023-10-01 19:15:00
64,64,43.504365,10.266696666666666,2023-10-02 04:14:37.048241277,0.1,2023-10-02 04:15:00
64,64,43.50408166666667,10.265971666666667,2023-10-02 04:32:36.691309592,0.1,2023-10-02 04:30:00
64,64,43.503796666666666,10.265973333333331,2023-10-02 07:14:33.743022014,0.1,2023-10-02 07:15:00
64,64,43.50318833333333,10.266385,2023-10-02 09:56:35.003509570,0.1,2023-10-02 10:00:00
64,64,43.502860000000005,10.26767,2023-10-02 10:59:34.692206073,0.1,2023-10-02 11:00:00
64,64,43.50341,10.268346666666668,2023-10-02 11:26:34.546485052,0.1,2023-10-02 11:30:00
64,64,43.502785,10.267031666666666,2023-10-02 20:35:35.735319453,0.1,2023-10-02 20:30:00
64,64,43.50294,10.266651666666666,2023-10-02 21:14:32.739146963,0.1,2023-10-02 21:15:00
64,64,43.503005,10.266556666666666,2023-10-02 21:20:35.303529068,0.1,2023-10-02 21:15:00
64,64,43.503595,10.266058333333332,2023-10-02 22:23:34.150557907,0.1,2023-10-02 22:30:00
64,64,43.50448666666667,10.266883333333334,2023-10-03 04:32:36.366175226,0.1,2023-10-03 04:30:00
64,64,43.50437333333333,10.26649,2023-10-03 05:14:34.275792965,0.1,2023-10-03 05:15:00
64,64,43.50453666666667,10.267225,2023-10-03 10:14:34.406594376,0.1,2023-10-03 10:15:00
64,64,43.504403333333336,10.26765,2023-10-03 13:11:35.280025624,0.1,2023-10-03 13:15:00
64,64,43.50400666666667,10.268158333333334,2023-10-03 14:14:35.115064004,0.1,2023-10-03 14:15:00
64,64,43.50315666666667,10.268221666666667,2023-10-03 19:29:35.529847901,0.1,2023-10-03 19:30:00
64,64,43.50378166666667,10.268388333333332,2023-10-04 01:32:35.679637687,0.1,2023-10-04 01:30:00
64,64,43.50458166666667,10.267625,2023-10-04 03:02:33.101100556,0.1,2023-10-04 03:00:00
64,64,43.50423833333333,10.268291666666666,2023-10-04 04:14:33.478218556,0.1,2023-10-04 04:15:00
64,64,43.50420333333333,10.268315,2023-10-04 04:35:32.369810517,0.2,2023-10-04 04:30:00
64,64,43.50399166666667,10.268451666666666,2023-10-04 05:20:34.264240273,0.2,2023-10-04 05:15:00
64,64,43.50396166666667,10.268431666666666,2023-10-04 06:08:35.772465054,0.1,2023-10-04 06:15:00
64,64,43.50352833333333,10.268395,2023-10-04 06:44:36.392383565,0.1,2023-10-04 06:45:00
64,64,43.50370166666666,10.268325,2023-10-04 07:14:33.313010576,0.1,2023-10-04 07:15:00
64,64,43.50481,10.267456666666668,2023-10-04 07:38:36.606747970,1.4,2023-10-04 07:45:00
64,64,43.50283,10.26873,2023-10-04 07:59:33.811101042,0.5,2023-10-04 08:00:00
64,64,43.502325000000006,10.269603333333333,2023-10-04 08:41:34.391128912,0.2,2023-10-04 08:45:00
64,64,43.502206666666666,10.269581666666664,2023-10-04 09:14:32.607596963,0.1,2023-10-04 09:15:00
64,64,43.50241166666667,10.269676666666667,2023-10-04 09:29:35.123491801,0.2,2023-10-04 09:30:00
64,64,43.50261166666667,10.269768333333332,2023-10-04 10:14:36.130890609,0.1,2023-10-04 10:15:00
64,64,43.50257,10.269768333333332,2023-10-04 10:44:34.718811834,0.1,2023-10-04 10:45:00
64,64,43.50244166666666,10.2698,2023-10-04 11:02:35.124980604,0.1,2023-10-04 11:00:00
64,64,43.502341666666666,10.269768333333332,2023-10-04 11:26:34.477498828,0.1,2023-10-04 11:30:00
64,64,43.50226333333333,10.269761666666666,2023-10-04 12:11:34.348335657,0.1,2023-10-04 12:15:00
64,64,43.502336666666665,10.269771666666664,2023-10-04 13:11:35.711803442,0.1,2023-10-04 13:15:00
64,64,43.50205833333334,10.269608333333334,2023-10-04 15:14:35.173875224,0.1,2023-10-04 15:15:00
64,64,43.50212166666667,10.269615,2023-10-04 15:38:35.468622705,0.1,2023-10-04 15:45:00
64,64,43.50208666666666,10.269553333333333,2023-10-04 15:59:37.636476818,0.1,2023-10-04 16:00:00
64,64,43.50172833333333,10.269123333333331,2023-10-04 18:14:32.282878352,0.1,2023-10-04 18:15:00
64,64,43.50166,10.268976666666669,2023-10-04 18:23:35.346332327,0.1,2023-10-04 18:30:00
64,64,43.501846666666665,10.269028333333331,2023-10-04 19:44:34.542530231,0.1,2023-10-04 19:45:00
64,64,43.501705,10.26903,2023-10-04 20:29:33.581965867,0.1,2023-10-04 20:30:00
64,64,43.50172333333333,10.26812,2023-10-04 21:14:34.083661538,0.1,2023-10-04 21:15:00
64,64,43.501758333333335,10.268658333333333,2023-10-04 22:44:33.396477970,0.1,2023-10-04 22:45:00
64,64,43.501738333333336,10.267993333333331,2023-10-04 23:14:33.602856035,0.1,2023-10-04 23:15:00
64,64,43.50176833333333,10.267993333333331,2023-10-04 23:17:33.749690089,0.1,2023-10-04 23:15:00
64,64,43.501935,10.269216666666669,2023-10-05 00:05:34.889192830,0.1,2023-10-05 00:00:00
64,64,43.502233333333336,10.269606666666666,2023-10-05 02:14:35.051328586,0.1,2023-10-05 02:15:00
64,64,43.50195166666666,10.26926,2023-10-05 02:29:34.615251649,0.1,2023-10-05 02:30:00
64,64,43.502575,10.269651666666666,2023-10-05 03:14:33.760474477,0.1,2023-10-05 03:15:00
64,64,43.50268833333334,10.269731666666669,2023-10-05 03:44:35.171004261,0.1,2023-10-05 03:45:00
64,64,43.502425,10.269536666666664,2023-10-05 04:44:35.804946846,0.1,2023-10-05 04:45:00
64,64,43.502005,10.269228333333333,2023-10-05 05:20:56.150946622,0.1,2023-10-05 05:15:00
64,64,43.51585333333333,10.260538333333333,2023-10-05 06:14:34.404502860,2.1,2023-10-05 06:15:00
64,64,43.52655666666667,10.266631666666663,2023-10-05 06:43:54.881374502,3.7,2023-10-05 06:45:00
64,64,43.561056666666666,10.298973333333333,2023-10-05 07:14:53.835233045,4.4,2023-10-05 07:15:00
64,64,43.56646666666666,10.305865,2023-10-05 07:21:14.796969181,3.9,2023-10-05 07:15:00
64,64,43.58247166666667,10.318585,2023-10-05 22:02:24.155070681,3.8,2023-10-05 22:00:00
64,64,43.545545,10.291366666666669,2023-10-05 22:25:43.129394401,7.3,2023-10-05 22:30:00
64,64,43.45634333333333,10.149335,2023-10-05 23:10:53.677819962,12.3,2023-10-05 23:15:00
65,65,43.561571666666666,10.296728333333334,2023-10-01 05:25:46.541433413,0.1,2023-10-01 05:30:00
65,65,43.56152833333333,10.296798333333331,2023-10-01 06:10:37.141386202,0.1,2023-10-01 06:15:00
65,65,43.5616,10.296683333333334,2023-10-01 10:31:35.916580052,0.1,2023-10-01 10:30:00
65,65,43.54996166666667,10.291211666666667,2023-10-01 12:14:47.902275346,5.5,2023-10-01 12:15:00
65,65,43.543655,10.291395,2023-10-01 12:18:47.635322567,5.9,2023-10-01 12:15:00
65,65,43.5142,10.154906666666667,2023-10-01 13:02:28.166370856,11.5,2023-10-01 13:00:00
66,66,43.474225,10.14774,2023-10-03 12:14:57.591262042,5.4,2023-10-03 12:15:00
66,66,43.47739833333333,10.17345,2023-10-03 12:26:40.319382127,6.3,2023-10-03 12:30:00
66,66,43.53187833333333,10.27498,2023-10-03 13:12:57.682797468,7.3,2023-10-03 13:15:00
66,66,43.56381666666667,10.302541666666666,2023-10-03 13:35:17.351327415,4.8,2023-10-03 13:30:00
66,66,43.560425,10.297733333333332,2023-10-04 10:44:31.302268156,5.0,2023-10-04 10:45:00
66,66,43.53917,10.278963333333332,2023-10-04 11:03:02.083132876,6.2,2023-10-04 11:00:00
66,66,43.51581,10.218063333333331,2023-10-04 11:26:49.954156392,10.6,2023-10-04 11:30:00
66,66,43.454928333333335,10.135325,2023-10-04 11:53:52.102615431,13.2,2023-10-04 12:00:00
67,67,43.42279833333334,10.12687,2023-10-28 23:38:53.529153586,1.6,2023-10-28 23:45:00
67,67,43.43176666666667,10.133093333333331,2023-10-29 00:04:34.032068652,1.2,2023-10-29 00:00:00
67,67,43.43779666666667,10.135061666666669,2023-10-29 00:23:23.109339864,1.0,2023-10-29 00:30:00
67,67,43.443555,10.14804,2023-10-29 00:47:13.103768859,4.1,2023-10-29 00:45:00
67,67,43.38616,10.145586666666668,2023-10-29 01:19:22.807868392,6.8,2023-10-29 01:15:00
67,67,43.388308333333335,10.172859999999998,2023-10-29 07:44:22.694443570,1.9,2023-10-29 07:45:00
67,67,43.39538666666667,10.174891666666667,2023-10-29 07:56:52.637213443,2.1,2023-10-29 08:00:00
67,67,43.405855,10.180433333333331,2023-10-29 08:16:03.249348118,2.0,2023-10-29 08:15:00
67,67,43.42552,10.191083333333331,2023-10-29 08:53:03.529527527,2.0,2023-10-29 09:00:00
67,67,43.445795,10.203756666666669,2023-10-29 09:35:32.438362736,1.7,2023-10-29 09:30:00
67,67,43.462790000000005,10.209343333333331,2023-10-29 10:13:32.674785545,1.6,2023-10-29 10:15:00
67,67,43.47456666666667,10.201326666666668,2023-10-29 10:38:22.592351984,6.3,2023-10-29 10:45:00
67,67,43.41795666666667,10.163335,2023-10-29 11:06:33.733289523,6.0,2023-10-29 11:00:00
67,67,43.403585,10.147733333333331,2023-10-29 11:22:11.207538750,2.1,2023-10-29 11:15:00
67,67,43.413805,10.136705,2023-10-29 11:47:52.810311051,1.8,2023-10-29 11:45:00
67,67,43.43078166666667,10.130271666666664,2023-10-29 12:23:53.829231685,1.9,2023-10-29 12:30:00
67,67,43.45780666666667,10.149546666666668,2023-10-29 12:55:04.492584262,6.9,2023-10-29 13:00:00
67,67,43.48187,10.19747,2023-10-29 13:17:53.060865415,6.5,2023-10-29 13:15:00
67,67,43.45405,10.224123333333331,2023-10-29 14:04:33.462741253,9.0,2023-10-29 14:00:00
67,67,43.40612333333333,10.194521666666668,2023-10-29 14:26:12.480646147,8.6,2023-10-29 14:30:00
67,67,43.38387,10.149731666666666,2023-10-29 15:33:43.154195820,1.4,2023-10-29 15:30:00
67,67,43.39284833333333,10.147613333333334,2023-10-29 15:54:52.867004150,1.7,2023-10-29 16:00:00
67,67,43.41323666666666,10.14017,2023-10-29 16:42:32.244607668,1.5,2023-10-29 16:45:00
67,67,43.42497166666667,10.133635,2023-10-29 17:13:53.111966668,1.3,2023-10-29 17:15:00
67,67,43.42537333333333,10.133405,2023-10-29 17:15:02.468982505,1.3,2023-10-29 17:15:00
67,67,43.405905,10.136408333333332,2023-10-29 17:45:32.200580639,6.0,2023-10-29 17:45:00
67,67,43.39265833333333,10.153838333333336,2023-10-29 22:04:22.759916071,2.0,2023-10-29 22:00:00
67,67,43.40929166666667,10.148675,2023-10-29 22:31:24.809147057,2.4,2023-10-29 22:30:00
67,67,43.422605,10.14361,2023-10-29 22:51:43.204330991,2.4,2023-10-29 22:45:00
67,67,43.42730666666667,10.131688333333331,2023-10-29 23:41:42.620796079,7.6,2023-10-29 23:45:00
67,67,43.39927166666666,10.152381666666669,2023-10-29 23:56:12.191928080,7.9,2023-10-30 00:00:00
67,67,43.43394833333333,10.121683333333332,2023-10-30 08:03:32.765270706,3.1,2023-10-30 08:00:00
67,67,43.46883833333333,10.125278333333334,2023-10-30 09:51:33.547408359,7.5,2023-10-30 09:45:00
67,67,43.41489333333333,10.158796666666666,2023-10-30 10:15:52.511638421,8.9,2023-10-30 10:15:00
67,67,43.38563833333333,10.123136666666666,2023-10-30 15:44:31.807820989,14.8,2023-10-30 15:45:00
68,68,43.394195,10.210375,2023-10-20 15:21:04.834314511,17.0,2023-10-20 15:15:00
68,68,43.441361666666666,10.214235,2023-10-20 15:54:41.685586544,14.7,2023-10-20 16:00:00
68,68,43.39220666666667,10.201375,2023-10-21 06:11:39.843732893,10.1,2023-10-21 06:15:00
68,68,43.45695333333333,10.19498,2023-10-21 06:40:12.133914967,8.0,2023-10-21 06:45:00
68,68,43.468356666666665,10.196058333333331,2023-10-21 06:45:31.023904609,7.5,2023-10-21 06:45:00
68,68,43.52087,10.259278333333333,2023-10-21 07:26:51.419955691,6.4,2023-10-21 07:30:00
68,68,43.55755666666666,10.294128333333331,2023-10-21 07:55:00.093597776,5.3,2023-10-21 08:00:00
68,68,43.57452333333333,10.306268333333332,2023-10-21 08:26:50.483290418,0.3,2023-10-21 08:30:00
69,69,43.43049166666666,10.128848333333334,2023-10-10 03:32:57.190215469,2.0,2023-10-10 03:30:00
69,69,43.47637666666667,10.184578333333333,2023-10-10 04:14:59.026196329,7.6,2023-10-10 04:15:00
69,69,43.48505333333333,10.196845,2023-10-10 04:22:09.834174453,6.3,2023-10-10 04:15:00
69,69,43.51714333333334,10.246496666666667,2023-10-10 04:58:10.171446975,0.1,2023-10-10 05:00:00
69,69,43.53660833333333,10.280713333333331,2023-10-10 05:35:07.934450990,5.4,2023-10-10 05:30:00
69,69,43.564715,10.303896666666668,2023-10-10 05:58:05.980370609,5.0,2023-10-10 06:00:00
70,70,43.50823666666667,10.277743333333332,2023-10-25 09:07:45.703148117,0.4,2023-10-25 09:15:00
70,70,43.508555,10.277053333333331,2023-10-25 09:49:47.607809559,0.5,2023-10-25 09:45:00
70,70,43.50867,10.277098333333331,2023-10-25 11:01:45.698630515,0.2,2023-10-25 11:00:00
70,70,43.50893833333334,10.27653,2023-10-25 11:19:45.732926877,0.2,2023-10-25 11:15:00
70,70,43.50868833333333,10.277145,2023-10-25 12:07:45.716081646,0.5,2023-10-25 12:15:00
70,70,43.50868666666667,10.27696,2023-10-25 12:31:45.762692057,0.4,2023-10-25 12:30:00
70,70,43.508275000000005,10.27758,2023-10-25 14:58:46.706794623,0.4,2023-10-25 15:00:00
70,70,43.508005,10.27787,2023-10-25 16:07:45.731773758,0.4,2023-10-25 16:15:00
70,70,43.50842,10.277513333333332,2023-10-25 16:43:48.667456926,0.3,2023-10-25 16:45:00
70,70,43.508085,10.277806666666669,2023-10-25 17:19:45.749493987,0.1,2023-10-25 17:15:00
70,70,43.50762333333333,10.278083333333331,2023-10-25 19:31:45.766851112,0.3,2023-10-25 19:30:00
70,70,43.50808333333334,10.277836666666667,2023-10-25 19:46:45.713628262,0.4,2023-10-25 19:45:00
70,70,43.508195,10.27774,2023-10-25 20:40:45.688236239,0.2,2023-10-25 20:45:00
70,70,43.508065,10.277868333333334,2023-10-25 20:52:45.698640743,0.4,2023-10-25 21:00:00
70,70,43.50770666666666,10.278008333333334,2023-10-25 21:22:45.730429175,0.6,2023-10-25 21:30:00
70,70,43.50817833333333,10.277783333333334,2023-10-25 22:07:45.721650899,0.4,2023-10-25 22:15:00
70,70,43.50779333333333,10.278078333333331,2023-10-25 22:52:33.766665702,0.3,2023-10-25 23:00:00
70,70,43.507795,10.277998333333333,2023-10-26 00:07:34.034157353,0.4,2023-10-26 00:15:00
70,70,43.5079,10.277985,2023-10-26 00:37:33.751686967,0.6,2023-10-26 00:45:00
70,70,43.50793833333333,10.278265,2023-10-26 01:07:33.788567424,0.5,2023-10-26 01:15:00
70,70,43.507646666666666,10.278368333333333,2023-10-26 01:19:34.670389474,0.1,2023-10-26 01:15:00
70,70,43.50808666666667,10.278188333333333,2023-10-26 01:49:34.619625121,0.6,2023-10-26 01:45:00
70,70,43.50776,10.278393333333334,2023-10-26 03:01:33.768487102,0.6,2023-10-26 03:00:00
70,70,43.507513333333335,10.278501666666669,2023-10-26 03:25:34.804257088,0.3,2023-10-26 03:30:00
70,70,43.50754333333334,10.278463333333333,2023-10-26 03:49:33.755001832,0.8,2023-10-26 03:45:00
70,70,43.50742,10.278648333333331,2023-10-26 05:01:36.072196216,0.6,2023-10-26 05:00:00
70,70,43.508225,10.278305,2023-10-26 05:43:33.957256394,0.3,2023-10-26 05:45:00
70,70,43.507468333333335,10.278676666666666,2023-10-26 06:25:33.783928265,0.5,2023-10-26 06:30:00
70,70,43.507865,10.278481666666666,2023-10-26 07:01:33.823794943,0.7,2023-10-26 07:00:00
70,70,43.50786166666667,10.278438333333334,2023-10-26 07:19:33.748369453,0.5,2023-10-26 07:15:00
70,70,43.508093333333335,10.278305,2023-10-26 09:37:34.742893864,0.3,2023-10-26 09:45:00
70,70,43.50845833333334,10.278043333333333,2023-10-26 10:13:34.757451420,0.4,2023-10-26 10:15:00
70,70,43.50870333333333,10.2777,2023-10-26 11:25:35.107232943,0.2,2023-10-26 11:30:00
70,70,43.50881,10.277491666666666,2023-10-26 12:43:33.804336446,0.3,2023-10-26 12:45:00
70,70,43.50797666666666,10.278366666666669,2023-10-26 13:43:33.751202179,0.3,2023-10-26 13:45:00
70,70,43.50872666666667,10.277623333333334,2023-10-26 14:43:33.743043442,0.2,2023-10-26 14:45:00
70,70,43.50887,10.27733,2023-10-26 16:19:33.749330640,0.3,2023-10-26 16:15:00
70,70,43.508975,10.27701,2023-10-26 17:31:33.843958546,0.1,2023-10-26 17:30:00
70,70,43.50913833333333,10.276501666666666,2023-10-26 18:01:33.747588711,0.6,2023-10-26 18:00:00
70,70,43.50923,10.27618,2023-10-26 18:37:34.869210644,0.2,2023-10-26 18:45:00
70,70,43.509015,10.2754,2023-10-26 19:01:35.370325955,0.4,2023-10-26 19:00:00
70,70,43.52865666666666,10.268865,2023-10-26 19:42:45.100299664,0.8,2023-10-26 19:45:00
70,70,43.54682833333333,10.291368333333333,2023-10-26 20:04:36.474639372,10.3,2023-10-26 20:00:00
70,70,43.57136333333334,10.306856666666668,2023-10-26 20:26:07.980910108,1.3,2023-10-26 20:30:00
70,70,43.572235,10.30695,2023-10-26 21:56:33.397480891,0.2,2023-10-26 22:00:00
70,70,43.572300000000006,10.306968333333334,2023-10-27 11:26:32.373494476,0.2,2023-10-27 11:30:00
70,70,43.57224333333333,10.30698,2023-10-27 14:53:32.545474364,0.2,2023-10-27 15:00:00
70,70,43.572253333333336,10.307003333333334,2023-10-27 22:47:32.406547868,0.2,2023-10-27 22:45:00
70,70,43.57228,10.306985,2023-10-28 08:47:32.406774588,0.3,2023-10-28 08:45:00
70,70,43.572226666666666,10.307008333333332,2023-10-30 14:24:40.921205844,0.4,2023-10-30 14:30:00
71,71,43.55257833333334,10.298021666666669,2023-10-01 16:43:03.527217213,0.1,2023-10-01 16:45:00
71,71,43.5525,10.298,2023-10-01 22:25:01.806065179,0.1,2023-10-01 22:30:00
71,71,43.55256,10.298008333333334,2023-10-02 10:43:03.454201885,0.1,2023-10-02 10:45:00
71,71,43.5525,10.298,2023-10-03 00:13:03.262307645,0.1,2023-10-03 00:15:00
71,71,43.5525,10.298,2023-10-03 09:13:03.390501990,0.1,2023-10-03 09:15:00
71,71,43.55255666666667,10.297981666666669,2023-10-04 03:49:03.286899625,0.1,2023-10-04 03:45:00
71,71,43.5525,10.298,2023-10-04 12:10:02.532969515,0.1,2023-10-04 12:15:00
71,71,43.55256166666666,10.298005,2023-10-04 12:43:03.205586693,0.1,2023-10-04 12:45:00
71,71,43.552535,10.29794,2023-10-05 05:19:03.359730206,0.1,2023-10-05 05:15:00
71,71,43.5525,10.298,2023-10-05 06:43:02.386463760,0.1,2023-10-05 06:45:00
71,71,43.552573333333335,10.297961666666668,2023-10-05 13:37:03.823716650,0.1,2023-10-05 13:30:00
71,71,43.55257,10.297968333333332,2023-10-05 14:46:03.036216344,0.1,2023-10-05 14:45:00
71,71,43.55138833333333,10.296848333333331,2023-10-05 15:32:07.466756732,3.4,2023-10-05 15:30:00
71,71,43.533,10.245333333333331,2023-10-05 15:56:07.439965546,8.3,2023-10-05 16:00:00
71,71,43.51429333333333,10.131338333333334,2023-10-05 16:33:57.353534281,8.0,2023-10-05 16:30:00
72,72,43.46596,10.207294999999998,2023-10-09 02:44:48.599645717,10.9,2023-10-09 02:45:00
72,72,43.51913666666667,10.248601666666667,2023-10-09 03:07:06.874982285,7.1,2023-10-09 03:00:00
72,72,43.54119666666666,10.28959,2023-10-09 03:34:18.855588578,9.2,2023-10-09 03:30:00
72,72,43.57356833333333,10.30512,2023-10-09 04:00:57.250449077,2.1,2023-10-09 04:00:00
72,72,43.53949,10.285321666666666,2023-10-09 18:14:28.894137686,7.6,2023-10-09 18:15:00
72,72,43.517225,10.22459,2023-10-09 18:35:38.606371689,8.6,2023-10-09 18:30:00
72,72,43.49686,10.140075,2023-10-09 19:00:36.377887766,10.3,2023-10-09 19:00:00
73,73,43.459590000000006,10.213185,2023-10-29 14:04:10.614620259,10.2,2023-10-29 14:00:00
73,73,43.49812833333333,10.238948333333331,2023-10-29 14:26:21.325773204,5.2,2023-10-29 14:30:00
73,73,43.48700333333333,10.248713333333336,2023-10-29 14:49:19.595511474,0.1,2023-10-29 14:45:00
73,73,43.488765,10.24818,2023-10-29 15:44:32.517925784,0.3,2023-10-29 15:45:00
73,73,43.488976666666666,10.24745,2023-10-29 16:05:35.336208805,0.3,2023-10-29 16:00:00
73,73,43.488975,10.247236666666668,2023-10-29 16:29:33.560247569,0.1,2023-10-29 16:30:00
73,73,43.48878333333334,10.248175,2023-10-29 17:14:30.205225039,0.2,2023-10-29 17:15:00
73,73,43.48893,10.247423333333334,2023-10-29 17:23:33.398827734,0.1,2023-10-29 17:30:00
73,73,43.488905,10.247618333333332,2023-10-29 18:05:34.191161196,0.2,2023-10-29 18:00:00
73,73,43.48885333333333,10.246761666666666,2023-10-29 18:38:35.467934195,0.1,2023-10-29 18:45:00
73,73,43.48885333333333,10.247315,2023-10-29 19:02:36.480523279,0.1,2023-10-29 19:00:00
73,73,43.48887666666667,10.246938333333333,2023-10-29 19:17:36.568569521,0.1,2023-10-29 19:15:00
73,73,43.48882,10.246311666666664,2023-10-29 19:50:37.555888521,0.1,2023-10-29 19:45:00
73,73,43.48865,10.245665,2023-10-29 20:20:35.345123860,0.1,2023-10-29 20:15:00
73,73,43.48884666666667,10.248003333333331,2023-10-29 21:08:33.219653136,0.1,2023-10-29 21:15:00
73,73,43.48896333333333,10.247356666666668,2023-10-29 21:32:30.168802347,0.1,2023-10-29 21:30:00
73,73,43.48895166666667,10.247211666666669,2023-10-29 22:14:37.454950277,0.1,2023-10-29 22:15:00
73,73,43.488975,10.24752,2023-10-29 22:29:35.788112383,0.2,2023-10-29 22:30:00
73,73,43.48891,10.247015,2023-10-29 22:56:38.888734726,0.4,2023-10-29 23:00:00
73,73,43.48881833333333,10.245566666666669,2023-10-29 23:41:36.679328198,0.1,2023-10-29 23:45:00
73,73,43.48896333333333,10.246676666666668,2023-10-30 00:14:32.088010038,0.4,2023-10-30 00:15:00
73,73,43.48884,10.246053333333332,2023-10-30 00:17:35.596910225,0.3,2023-10-30 00:15:00
73,73,43.48909833333333,10.247043333333332,2023-10-30 00:47:34.831586603,0.3,2023-10-30 00:45:00
73,73,43.48904166666667,10.246206666666666,2023-10-30 07:59:42.129324519,0.3,2023-10-30 08:00:00
73,73,43.48854833333333,10.244955,2023-10-30 08:44:35.924075366,0.3,2023-10-30 08:45:00
73,73,43.488665,10.24518,2023-10-30 09:02:36.037536791,0.4,2023-10-30 09:00:00
73,73,43.48868333333333,10.245176666666667,2023-10-30 09:38:41.516873915,0.1,2023-10-30 09:45:00
73,73,43.48884333333333,10.245716666666668,2023-10-30 09:50:37.171489535,0.7,2023-10-30 09:45:00
73,73,43.48862666666666,10.24502,2023-10-30 10:29:36.011501293,0.2,2023-10-30 10:30:00
73,73,43.488913333333336,10.245885,2023-10-30 10:53:39.836191960,0.5,2023-10-30 11:00:00
73,73,43.48881,10.24561,2023-10-30 11:35:37.380350679,0.7,2023-10-30 11:30:00
73,73,43.48901833333333,10.246303333333334,2023-10-30 12:08:43.168404385,0.5,2023-10-30 12:15:00
73,73,43.488776666666666,10.245366666666666,2023-10-30 12:44:39.952553330,1.0,2023-10-30 12:45:00
73,73,43.48912333333333,10.24621,2023-10-30 13:14:39.233328803,0.4,2023-10-30 13:15:00
73,73,43.48883833333333,10.245483333333334,2023-10-30 13:17:39.117783709,0.8,2023-10-30 13:15:00
73,73,43.48899666666667,10.245726666666666,2023-10-30 13:50:43.645990797,0.7,2023-10-30 13:45:00
73,73,43.48912,10.246123333333331,2023-10-30 14:17:34.843544523,0.4,2023-10-30 14:15:00
73,73,43.488908333333335,10.245088333333332,2023-10-30 14:47:39.871762336,0.1,2023-10-30 14:45:00
73,73,43.48887333333333,10.245254999999998,2023-10-30 15:38:38.265875283,0.4,2023-10-30 15:45:00
73,73,43.48926166666667,10.246851666666666,2023-10-30 15:47:44.458819651,0.4,2023-10-30 15:45:00
73,73,43.48892333333333,10.245593333333334,2023-10-30 16:32:39.535359831,0.7,2023-10-30 16:30:00
73,73,43.488915,10.24525,2023-10-30 17:14:41.076075346,0.6,2023-10-30 17:15:00
73,73,43.48917166666667,10.24623,2023-10-30 17:35:39.003111293,0.8,2023-10-30 17:30:00
73,73,43.488573333333335,10.249686666666666,2023-10-30 18:10:41.670809569,2.3,2023-10-30 18:15:00
73,73,43.459625,10.223135,2023-10-30 18:32:50.599451984,7.1,2023-10-30 18:30:00
73,73,43.42740166666667,10.201713333333334,2023-10-30 18:50:22.242698065,8.1,2023-10-30 18:45:00
74,74,43.50355666666667,10.282843333333334,2023-10-01 00:12:06.399802560,0.1,2023-10-01 00:15:00
74,74,43.50337666666667,10.282918333333331,2023-10-01 01:36:06.404083087,0.1,2023-10-01 01:30:00
74,74,43.50340333333334,10.282998333333332,2023-10-01 03:09:06.450744062,0.1,2023-10-01 03:15:00
74,74,43.5031,10.283751666666666,2023-10-01 03:42:06.399815709,0.1,2023-10-01 03:45:00
74,74,43.50316166666666,10.283971666666668,2023-10-01 03:54:06.424723674,0.1,2023-10-01 04:00:00
74,74,43.50319833333333,10.28447,2023-10-01 04:18:06.485856856,0.1,2023-10-01 04:15:00
74,74,43.50352833333333,10.285086666666666,2023-10-01 05:12:06.402600830,0.1,2023-10-01 05:15:00
74,74,43.503146666666666,10.284096666666668,2023-10-01 06:12:06.429154141,0.2,2023-10-01 06:15:00
74,74,43.503295,10.282791666666666,2023-10-01 06:42:06.452170386,0.1,2023-10-01 06:45:00
74,74,43.50395,10.282328333333334,2023-10-01 07:12:06.433637432,0.1,2023-10-01 07:15:00
74,74,43.503548333333335,10.28265,2023-10-01 07:39:06.382178399,0.1,2023-10-01 07:45:00
74,74,43.503193333333336,10.283715,2023-10-01 08:42:06.391526530,0.1,2023-10-01 08:45:00
74,74,43.50351333333333,10.28489,2023-10-01 09:12:06.419474278,0.1,2023-10-01 09:15:00
74,74,43.50412333333334,10.28553,2023-10-01 09:27:06.411230880,0.3,2023-10-01 09:30:00
74,74,43.50500833333333,10.285146666666666,2023-10-01 10:12:06.428190286,0.1,2023-10-01 10:15:00
74,74,43.50470666666667,10.285338333333334,2023-10-01 10:33:06.416246382,0.1,2023-10-01 10:30:00
74,74,43.50323333333333,10.284811666666666,2023-10-01 11:12:06.632407207,0.1,2023-10-01 11:15:00
74,74,43.50335166666667,10.285155,2023-10-01 13:00:07.444414814,0.1,2023-10-01 13:00:00
74,74,43.50334166666666,10.285026666666663,2023-10-01 14:06:06.421734292,0.1,2023-10-01 14:00:00
74,74,43.50323166666667,10.284793333333331,2023-10-01 14:42:06.407227015,0.1,2023-10-01 14:45:00
74,74,43.50317166666667,10.284703333333333,2023-10-01 14:51:06.393316849,0.1,2023-10-01 14:45:00
74,74,43.503121666666665,10.284315,2023-10-01 15:57:06.392763953,0.1,2023-10-01 16:00:00
74,74,43.50314333333333,10.283494999999998,2023-10-01 18:36:07.257758073,0.1,2023-10-01 18:30:00
74,74,43.50382333333334,10.282538333333331,2023-10-01 19:12:06.546533227,0.1,2023-10-01 19:15:00
74,74,43.50413,10.282423333333332,2023-10-01 19:42:06.399654036,0.1,2023-10-01 19:45:00
74,74,43.50427833333333,10.28238,2023-10-01 20:30:07.168165889,0.1,2023-10-01 20:30:00
74,74,43.504125,10.282368333333332,2023-10-01 21:12:06.412321464,0.1,2023-10-01 21:15:00
74,74,43.504215,10.282328333333334,2023-10-01 22:12:06.417182106,0.1,2023-10-01 22:15:00
74,74,43.50417166666667,10.282338333333334,2023-10-01 22:27:06.398966706,0.1,2023-10-01 22:30:00
74,74,43.50426166666667,10.282326666666668,2023-10-01 23:09:06.417479903,0.1,2023-10-01 23:15:00
74,74,43.50444333333333,10.28236,2023-10-02 00:21:06.428623477,0.1,2023-10-02 00:15:00
74,74,43.50443833333333,10.28245,2023-10-02 02:12:06.449098182,0.1,2023-10-02 02:15:00
74,74,43.50464833333333,10.28249,2023-10-02 03:42:06.411945349,0.1,2023-10-02 03:45:00
74,74,43.50481,10.28263,2023-10-02 03:48:06.546755807,0.1,2023-10-02 03:45:00
74,74,43.50486833333333,10.282588333333331,2023-10-02 04:33:06.430849869,0.1,2023-10-02 04:30:00
74,74,43.50414166666667,10.282315,2023-10-02 06:09:06.386965631,0.1,2023-10-02 06:15:00
74,74,43.503591666666665,10.282903333333334,2023-10-02 09:57:06.535899346,0.1,2023-10-02 10:00:00
74,74,43.50327333333333,10.283635,2023-10-02 10:18:06.398168319,0.1,2023-10-02 10:15:00
74,74,43.50416666666667,10.285433333333334,2023-10-02 11:03:06.401263703,0.2,2023-10-02 11:00:00
74,74,43.50416,10.285538333333331,2023-10-02 11:27:06.406497926,0.1,2023-10-02 11:30:00
74,74,43.50340333333334,10.28518,2023-10-02 12:12:06.430958508,0.1,2023-10-02 12:15:00
74,74,43.503305,10.284933333333331,2023-10-02 12:33:06.610426724,0.1,2023-10-02 12:30:00
74,74,43.50315166666667,10.284263333333334,2023-10-02 13:12:06.599734006,0.1,2023-10-02 13:15:00
74,74,43.50308333333333,10.283788333333332,2023-10-02 16:12:07.499469406,0.1,2023-10-02 16:15:00
74,74,43.50317666666667,10.283645,2023-10-02 17:15:06.765719042,0.1,2023-10-02 17:15:00
74,74,43.503011666666666,10.284073333333334,2023-10-02 19:12:06.406174835,0.1,2023-10-02 19:15:00
74,74,43.50337833333333,10.283138333333332,2023-10-02 20:12:06.400748911,0.2,2023-10-02 20:15:00
74,74,43.50364,10.282723333333331,2023-10-02 20:36:06.384879003,0.1,2023-10-02 20:30:00
74,74,43.50374166666666,10.282651666666668,2023-10-02 21:12:06.435213888,0.1,2023-10-02 21:15:00
74,74,43.50375666666666,10.282571666666666,2023-10-02 21:21:06.415816481,0.1,2023-10-02 21:15:00
74,74,43.50402999999999,10.282473333333334,2023-10-02 22:12:06.424552801,0.1,2023-10-02 22:15:00
74,74,43.50415,10.282448333333331,2023-10-02 22:24:06.399424148,0.1,2023-10-02 22:30:00
74,74,43.50443833333333,10.282383333333334,2023-10-02 23:09:06.394172981,0.1,2023-10-02 23:15:00
74,74,43.50485333333334,10.282648333333333,2023-10-03 01:12:06.397188705,0.1,2023-10-03 01:15:00
74,74,43.50510166666666,10.283058333333337,2023-10-03 02:36:06.393864862,0.1,2023-10-03 02:30:00
74,74,43.50524333333333,10.283198333333331,2023-10-03 03:12:06.393979870,0.1,2023-10-03 03:15:00
74,74,43.505543333333335,10.283795,2023-10-03 04:12:06.479480135,0.1,2023-10-03 04:15:00
74,74,43.50557166666667,10.28369,2023-10-03 04:33:06.449572860,0.1,2023-10-03 04:30:00
74,74,43.505465,10.283308333333334,2023-10-03 05:12:06.487944478,0.1,2023-10-03 05:15:00
74,74,43.505228333333335,10.282853333333332,2023-10-03 05:45:06.512473200,0.1,2023-10-03 05:45:00
74,74,43.523785,10.261301666666666,2023-10-03 06:44:59.026563560,3.9,2023-10-03 06:45:00
74,74,43.54138833333333,10.289995,2023-10-03 07:13:19.458320261,4.3,2023-10-03 07:15:00
74,74,43.56978166666667,10.30894,2023-10-03 07:36:00.014631957,2.0,2023-10-03 07:30:00
74,74,43.58406333333333,10.31898,2023-10-03 07:58:29.048438096,0.2,2023-10-03 08:00:00
74,74,43.584125,10.318841666666666,2023-10-03 19:53:15.144688761,0.1,2023-10-03 20:00:00
74,74,43.58405166666667,10.318956666666669,2023-10-03 20:44:14.443361304,0.1,2023-10-03 20:45:00
74,74,43.58408166666666,10.318913333333334,2023-10-03 21:02:14.966490952,0.1,2023-10-03 21:00:00
74,74,43.584050000000005,10.318873333333332,2023-10-03 22:08:13.477034317,0.1,2023-10-03 22:15:00
74,74,43.584066666666665,10.318885,2023-10-04 03:02:13.460207353,0.1,2023-10-04 03:00:00
74,74,43.584066666666665,10.318905,2023-10-04 15:14:13.928013237,0.1,2023-10-04 15:15:00
74,74,43.584048333333335,10.31891,2023-10-04 16:44:13.460402676,0.1,2023-10-04 16:45:00
74,74,43.58410166666667,10.318906666666669,2023-10-04 16:47:14.716439930,0.1,2023-10-04 16:45:00
74,74,43.58410833333333,10.318911666666668,2023-10-04 19:44:13.450125146,0.1,2023-10-04 19:45:00
74,74,43.584185000000005,10.318898333333332,2023-10-04 22:14:13.543359229,0.1,2023-10-04 22:15:00
74,74,43.58404666666667,10.318906666666669,2023-10-05 03:14:13.500491651,0.1,2023-10-05 03:15:00
74,74,43.530845,10.254303333333333,2023-10-05 06:44:33.170746310,9.4,2023-10-05 06:45:00
74,74,43.47891,10.153456666666669,2023-10-05 07:14:42.502138692,11.3,2023-10-05 07:15:00
74,74,43.45933333333333,10.145531666666669,2023-10-05 07:21:02.274328435,11.8,2023-10-05 07:15:00
75,75,43.44684166666666,10.158238333333331,2023-10-09 10:39:25.049424980,3.6,2023-10-09 10:45:00
75,75,43.49055166666667,10.212101666666666,2023-10-09 11:14:25.306894317,6.3,2023-10-09 11:15:00
75,75,43.50385166666667,10.228266666666666,2023-10-09 11:25:53.418390129,4.8,2023-10-09 11:30:00
75,75,43.52083666666667,10.256235,2023-10-09 12:14:27.201614397,3.9,2023-10-09 12:15:00
75,75,43.53104833333334,10.271093333333331,2023-10-09 12:24:55.129766470,5.7,2023-10-09 12:30:00
75,75,43.56030833333333,10.296498333333334,2023-10-09 13:00:34.655593636,1.6,2023-10-09 13:00:00
75,75,43.561546666666665,10.296798333333331,2023-10-09 15:10:09.792341241,0.1,2023-10-09 15:15:00
75,75,43.56156,10.296786666666666,2023-10-09 18:34:09.675309774,0.1,2023-10-09 18:30:00
75,75,43.56157333333333,10.296773333333334,2023-10-09 23:01:09.676677869,0.1,2023-10-09 23:00:00
75,75,43.56157,10.296808333333331,2023-10-10 04:58:09.779694982,0.1,2023-10-10 05:00:00
75,75,43.561553333333336,10.296818333333333,2023-10-10 08:46:09.736560882,0.1,2023-10-10 08:45:00
75,75,43.56151666666666,10.296798333333331,2023-10-10 09:46:09.691447163,0.1,2023-10-10 09:45:00
75,75,43.561553333333336,10.296811666666668,2023-10-10 10:58:09.703153696,0.1,2023-10-10 11:00:00
75,75,43.56167666666667,10.296893333333331,2023-10-10 19:19:09.809350639,0.1,2023-10-10 19:15:00
75,75,43.561535000000006,10.296785,2023-10-11 10:13:09.695124705,0.1,2023-10-11 10:15:00
75,75,43.56155666666667,10.296793333333332,2023-10-11 11:01:09.697792699,0.1,2023-10-11 11:00:00
75,75,43.56156333333333,10.296803333333337,2023-10-11 22:16:09.828353469,0.1,2023-10-11 22:15:00
75,75,43.56156,10.296745,2023-10-12 10:58:09.960350314,0.1,2023-10-12 11:00:00
75,75,43.548248333333326,10.291641666666669,2023-10-12 13:44:04.679590254,4.7,2023-10-12 13:45:00
75,75,43.536026666666665,10.269658333333332,2023-10-12 13:59:36.071277731,7.6,2023-10-12 14:00:00
75,75,43.51553166666667,10.21577,2023-10-12 14:19:17.387884237,9.1,2023-10-12 14:15:00
75,75,43.452351666666665,10.13651,2023-10-12 14:47:07.469772089,12.0,2023-10-12 14:45:00
76,76,43.492513333333335,10.283115,2023-10-09 15:12:23.866380670,3.8,2023-10-09 15:15:00
76,76,43.49736,10.28645,2023-10-09 15:42:31.670161302,0.2,2023-10-09 15:45:00
76,76,43.497281666666666,10.28656,2023-10-09 15:45:36.280418361,0.1,2023-10-09 15:45:00
76,76,43.49678,10.286428333333332,2023-10-09 20:36:43.580255963,0.1,2023-10-09 20:30:00
76,76,43.49715833333333,10.286521666666664,2023-10-10 03:18:41.916901568,0.1,2023-10-10 03:15:00
76,76,43.49583333333333,10.28318,2023-10-10 10:44:39.368317414,0.9,2023-10-10 10:45:00
76,76,43.49562,10.282361666666668,2023-10-10 10:47:00.018987416,1.0,2023-10-10 10:45:00
76,76,43.54144833333333,10.290033333333334,2023-10-10 11:43:58.548103796,7.8,2023-10-10 11:45:00
76,76,43.56499,10.3041,2023-10-10 11:57:27.721767723,4.5,2023-10-10 12:00:00
76,76,43.57583,10.316526666666666,2023-10-10 12:31:58.615970803,1.9,2023-10-10 12:30:00
76,76,43.58048,10.318131666666666,2023-10-11 08:27:10.057083520,5.0,2023-10-11 08:30:00
76,76,43.533775,10.261033333333334,2023-10-11 09:02:11.077091605,9.9,2023-10-11 09:00:00
76,76,43.51736166666667,10.161563333333334,2023-10-11 09:26:11.167880862,13.0,2023-10-11 09:30:00
77,77,43.57494833333333,10.30532,2023-10-25 19:10:44.225911611,3.7,2023-10-25 19:15:00
77,77,43.546036666666666,10.29129,2023-10-25 19:31:14.474375141,7.7,2023-10-25 19:30:00
77,77,43.535465,10.257201666666669,2023-10-25 19:47:02.524629361,10.0,2023-10-25 19:45:00
77,77,43.503045,10.134566666666666,2023-10-25 20:15:00.813073158,13.3,2023-10-25 20:15:00
78,78,43.47900833333333,10.282328333333334,2023-10-03 16:13:28.123870007,0.6,2023-10-03 16:15:00
78,78,43.479565,10.282788333333334,2023-10-03 16:34:10.790778482,0.2,2023-10-03 16:30:00
78,78,43.47923166666667,10.283083333333334,2023-10-03 19:52:04.003560945,0.1,2023-10-03 19:45:00
78,78,43.47925,10.283295,2023-10-03 22:43:12.207142175,0.2,2023-10-03 22:45:00
78,78,43.479310000000005,10.283366666666666,2023-10-03 22:52:09.691518100,0.2,2023-10-03 22:45:00
78,78,43.479315,10.283268333333332,2023-10-03 23:16:08.221941884,0.1,2023-10-03 23:15:00
78,78,43.47978166666667,10.283131666666666,2023-10-04 01:31:07.139308045,0.1,2023-10-04 01:30:00
78,78,43.480675,10.281435,2023-10-04 03:49:05.026169656,0.1,2023-10-04 03:45:00
78,78,43.48064166666666,10.282081666666668,2023-10-04 05:13:15.154970479,0.2,2023-10-04 05:15:00
78,78,43.48062166666667,10.281976666666669,2023-10-04 05:22:11.612319223,0.1,2023-10-04 05:15:00
78,78,43.479776666666666,10.283161666666668,2023-10-04 06:07:09.999868775,0.2,2023-10-04 06:00:00
78,78,43.47904333333334,10.283158333333336,2023-10-04 06:43:10.909082665,0.2,2023-10-04 06:45:00
78,78,43.47949833333333,10.283288333333331,2023-10-04 07:13:06.256904979,0.1,2023-10-04 07:15:00
78,78,43.47940833333334,10.283308333333334,2023-10-04 07:16:11.919109558,0.1,2023-10-04 07:15:00
78,78,43.47931666666667,10.283396666666668,2023-10-04 08:43:11.479546450,0.1,2023-10-04 08:45:00
78,78,43.47912166666666,10.283396666666668,2023-10-04 11:01:16.408082502,0.1,2023-10-04 11:00:00
78,78,43.47882333333334,10.283396666666668,2023-10-04 11:25:10.979063546,0.2,2023-10-04 11:30:00
78,78,43.47846833333333,10.28307,2023-10-04 14:07:16.532934075,0.2,2023-10-04 14:00:00
78,78,43.47843,10.283021666666668,2023-10-04 14:28:10.566432678,0.1,2023-10-04 14:30:00
78,78,43.478665,10.283258333333333,2023-10-04 16:01:16.539198360,0.1,2023-10-04 16:00:00
78,78,43.47817166666667,10.28185,2023-10-04 19:13:14.469121408,0.1,2023-10-04 19:15:00
78,78,43.478143333333335,10.281666666666666,2023-10-04 20:13:12.524370262,0.1,2023-10-04 20:15:00
78,78,43.47824333333333,10.28137,2023-10-04 22:43:13.886746806,0.1,2023-10-04 22:45:00
78,78,43.478285,10.281628333333334,2023-10-05 00:43:16.259841281,0.1,2023-10-05 00:45:00
78,78,43.47842,10.282306666666669,2023-10-05 00:55:14.201655987,0.2,2023-10-05 01:00:00
78,78,43.47859666666667,10.282853333333332,2023-10-05 01:40:14.679759792,0.2,2023-10-05 01:45:00
78,78,43.4787,10.28312,2023-10-05 02:13:16.187325808,0.1,2023-10-05 02:15:00
78,78,43.47851833333333,10.282735,2023-10-05 03:10:17.135593661,0.1,2023-10-05 03:15:00
78,78,43.47855833333333,10.282975,2023-10-05 03:19:16.178505751,0.1,2023-10-05 03:15:00
78,78,43.48053166666667,10.282025,2023-10-05 04:07:15.178066516,0.1,2023-10-05 04:00:00
78,78,43.48039000000001,10.281698333333331,2023-10-05 04:40:15.097583374,0.2,2023-10-05 04:45:00
78,78,43.479733333333336,10.2807,2023-10-05 05:13:11.769100802,0.1,2023-10-05 05:15:00
78,78,43.47834833333333,10.281976666666669,2023-10-05 06:13:18.364295506,0.1,2023-10-05 06:15:00
78,78,43.478435,10.282561666666668,2023-10-05 06:34:18.307885235,0.1,2023-10-05 06:30:00
78,78,43.47981166666667,10.283355,2023-10-05 07:13:16.143452791,0.1,2023-10-05 07:15:00
78,78,43.47999,10.283118333333334,2023-10-05 08:04:17.186496323,0.1,2023-10-05 08:00:00
78,78,43.47990166666667,10.283265,2023-10-05 08:43:17.319534553,0.1,2023-10-05 08:45:00
78,78,43.47971666666667,10.283333333333331,2023-10-05 09:13:16.352207147,0.1,2023-10-05 09:15:00
78,78,43.47981,10.28335,2023-10-05 10:07:18.244390155,0.1,2023-10-05 10:00:00
78,78,43.47884,10.283276666666666,2023-10-05 13:55:20.049188975,0.1,2023-10-05 14:00:00
78,78,43.47872666666667,10.283333333333331,2023-10-05 14:46:24.502257758,0.1,2023-10-05 14:45:00
78,78,43.47877833333334,10.28331,2023-10-05 15:31:20.538617915,0.1,2023-10-05 15:30:00
78,78,43.47894166666666,10.283408333333334,2023-10-05 15:55:23.735707961,0.1,2023-10-05 16:00:00
78,78,43.47867333333333,10.2833,2023-10-05 17:25:20.344375916,0.2,2023-10-05 17:30:00
78,78,43.478611666666666,10.28322,2023-10-05 17:49:19.712992465,0.2,2023-10-05 17:45:00
78,78,43.47897666666667,10.283515,2023-10-05 19:10:20.663672603,0.2,2023-10-05 19:15:00
78,78,43.479005,10.283473333333337,2023-10-05 19:43:17.780559423,0.1,2023-10-05 19:45:00
78,78,43.47901,10.283526666666669,2023-10-05 20:04:20.773530612,0.2,2023-10-05 20:00:00
78,78,43.47869833333333,10.283323333333334,2023-10-05 23:58:23.314308544,0.3,2023-10-06 00:00:00
78,78,43.47898666666666,10.283416666666666,2023-10-06 00:40:24.118858185,0.1,2023-10-06 00:45:00
78,78,43.47893,10.283401666666666,2023-10-06 01:40:22.958246883,0.1,2023-10-06 01:45:00
78,78,43.47891166666667,10.283385,2023-10-06 01:55:21.508088963,0.1,2023-10-06 02:00:00
78,78,43.47907833333333,10.28197,2023-10-06 12:44:43.299334652,0.5,2023-10-06 12:45:00
78,78,43.51541333333333,10.261321666666667,2023-10-06 13:14:04.234469862,6.5,2023-10-06 13:15:00
78,78,43.53284333333333,10.278303333333334,2023-10-06 13:26:32.736642638,5.5,2023-10-06 13:30:00
79,79,43.54674,10.291255,2023-10-25 18:30:03.532093030,5.2,2023-10-25 18:30:00
79,79,43.5338,10.257983333333334,2023-10-25 18:51:03.457396331,9.1,2023-10-25 18:45:00
79,79,43.44426166666666,10.1387,2023-10-25 19:31:53.977129789,11.9,2023-10-25 19:30:00
80,80,43.489965,10.181031666666666,2023-10-06 08:14:36.143445948,7.9,2023-10-06 08:15:00
80,80,43.50625333333333,10.225573333333331,2023-10-06 08:27:37.726630365,9.8,2023-10-06 08:30:00
80,80,43.553235,10.291893333333332,2023-10-06 09:14:55.236124389,3.1,2023-10-06 09:15:00
81,81,43.398633333333336,10.194835,2023-10-16 09:13:51.416149914,14.2,2023-10-16 09:15:00
81,81,43.46695833333333,10.227025,2023-10-16 09:33:13.833934573,10.8,2023-10-16 09:30:00
81,81,43.48887666666667,10.259211666666666,2023-10-16 09:51:50.745749011,2.6,2023-10-16 09:45:00
81,81,43.49381,10.265483333333332,2023-10-16 10:31:55.659355520,0.4,2023-10-16 10:30:00
81,81,43.493633333333335,10.264381666666669,2023-10-16 10:58:57.641100387,0.5,2023-10-16 11:00:00
81,81,43.49422833333333,10.26413,2023-10-16 11:17:00.630842772,0.4,2023-10-16 11:15:00
81,81,43.494115,10.264105,2023-10-16 12:32:03.404208673,0.1,2023-10-16 12:30:00
81,81,43.49378333333333,10.264258333333334,2023-10-16 12:47:04.424709907,0.1,2023-10-16 12:45:00
81,81,43.494535,10.264311666666666,2023-10-16 14:02:01.603537636,0.1,2023-10-16 14:00:00
81,81,43.49368666666667,10.264613333333331,2023-10-16 14:56:01.327807334,0.5,2023-10-16 15:00:00
81,81,43.49424333333333,10.264231666666666,2023-10-16 15:41:04.073446076,0.2,2023-10-16 15:45:00
81,81,43.493655,10.264198333333333,2023-10-16 15:47:03.918697726,0.3,2023-10-16 15:45:00
81,81,43.493895,10.264255,2023-10-16 16:38:03.066476495,0.3,2023-10-16 16:45:00
81,81,43.493966666666665,10.264295,2023-10-16 17:23:01.198808479,0.5,2023-10-16 17:30:00
81,81,43.49471833333334,10.266781666666668,2023-10-16 18:14:18.128064766,0.5,2023-10-16 18:15:00
81,81,43.49362666666666,10.257111666666669,2023-10-16 18:28:43.334865348,2.7,2023-10-16 18:30:00
81,81,43.49160666666667,10.263951666666664,2023-10-16 19:14:47.405306340,0.1,2023-10-16 19:15:00
81,81,43.491663333333335,10.263884999999998,2023-10-16 19:17:42.950727470,0.1,2023-10-16 19:15:00
81,81,43.492645,10.26291,2023-10-16 19:59:44.280882495,0.4,2023-10-16 20:00:00
81,81,43.49227166666667,10.262888333333333,2023-10-16 20:41:45.545250162,0.5,2023-10-16 20:45:00
81,81,43.492795,10.262966666666667,2023-10-16 21:05:46.600058826,0.3,2023-10-16 21:00:00
81,81,43.49188166666667,10.26322,2023-10-16 21:20:44.716339558,0.3,2023-10-16 21:15:00
81,81,43.491815,10.263321666666666,2023-10-16 21:53:47.616607310,0.2,2023-10-16 22:00:00
81,81,43.491805,10.263461666666666,2023-10-16 22:29:43.553137061,0.1,2023-10-16 22:30:00
81,81,43.49190333333333,10.263203333333331,2023-10-16 23:02:42.063708886,0.2,2023-10-16 23:00:00
81,81,43.490675,10.26617,2023-10-17 00:08:15.306339635,3.1,2023-10-17 00:15:00
81,81,43.49074333333333,10.253225,2023-10-17 00:20:25.646931950,5.6,2023-10-17 00:15:00
81,81,43.53752833333333,10.280268333333334,2023-10-17 00:55:54.884162991,7.8,2023-10-17 01:00:00
81,81,43.573971666666665,10.305784999999998,2023-10-17 23:54:53.926160815,3.3,2023-10-18 00:00:00
81,81,43.51706333333333,10.22332,2023-10-18 00:41:45.222897868,10.5,2023-10-18 00:45:00
81,81,43.472836666666666,10.175098333333333,2023-10-18 01:01:57.900885418,10.1,2023-10-18 01:00:00
81,81,43.41950166666666,10.128116666666669,2023-10-18 01:22:46.880270481,11.3,2023-10-18 01:30:00
82,82,43.4635,10.226,2023-10-28 20:42:50.168857274,9.2,2023-10-28 20:45:00
82,82,43.49,10.290333333333333,2023-10-28 21:13:50.451703439,2.9,2023-10-28 21:15:00
82,82,43.4905,10.291833333333331,2023-10-28 21:15:22.679215929,2.6,2023-10-28 21:15:00
82,82,43.49366666666666,10.297333333333334,2023-10-28 21:47:06.016335932,0.1,2023-10-28 21:45:00
82,82,43.493833333333335,10.297166666666667,2023-10-28 22:17:04.329463233,0.3,2023-10-28 22:15:00
82,82,43.494,10.297,2023-10-28 22:59:04.789910980,0.1,2023-10-28 23:00:00
82,82,43.494,10.297,2023-10-28 23:38:05.300730070,0.1,2023-10-28 23:45:00
82,82,43.494166666666665,10.296833333333332,2023-10-28 23:50:03.347780961,0.2,2023-10-28 23:45:00
82,82,43.494166666666665,10.296833333333332,2023-10-29 00:23:04.125016515,0.1,2023-10-29 00:30:00
82,82,43.49433333333333,10.2965,2023-10-29 00:47:03.112150989,0.2,2023-10-29 00:45:00
82,82,43.49433333333333,10.296,2023-10-29 01:44:03.784307068,0.2,2023-10-29 01:45:00
82,82,43.49433333333333,10.296,2023-10-29 02:14:03.816298834,0.1,2023-10-29 02:15:00
82,82,43.49433333333333,10.295666666666667,2023-10-29 02:20:04.165363632,0.4,2023-10-29 02:15:00
82,82,43.49433333333333,10.295833333333333,2023-10-29 02:50:04.153170872,0.3,2023-10-29 02:45:00
82,82,43.49433333333333,10.295833333333333,2023-10-29 03:23:03.663325424,0.2,2023-10-29 03:30:00
82,82,43.49433333333333,10.295833333333333,2023-10-29 03:59:03.622119345,0.1,2023-10-29 04:00:00
82,82,43.49433333333333,10.2955,2023-10-29 04:44:05.963661336,0.3,2023-10-29 04:45:00
82,82,43.49433333333333,10.2955,2023-10-29 05:11:05.613349321,0.2,2023-10-29 05:15:00
82,82,43.49433333333333,10.295333333333334,2023-10-29 05:29:06.292437610,0.1,2023-10-29 05:30:00
82,82,43.49433333333333,10.295166666666669,2023-10-29 05:50:04.003617616,0.1,2023-10-29 05:45:00
82,82,43.49433333333333,10.295,2023-10-29 06:29:29.284437539,0.2,2023-10-29 06:30:00
82,82,43.494166666666665,10.294833333333337,2023-10-29 06:59:30.211562667,0.3,2023-10-29 07:00:00
82,82,43.49433333333333,10.295,2023-10-29 07:23:30.302353802,0.1,2023-10-29 07:30:00
82,82,43.49433333333333,10.295333333333334,2023-10-29 07:56:30.914661226,0.1,2023-10-29 08:00:00
82,82,43.49433333333333,10.294833333333337,2023-10-29 08:26:30.669363620,0.2,2023-10-29 08:30:00
82,82,43.4945,10.2955,2023-10-29 08:59:30.494471360,0.2,2023-10-29 09:00:00
82,82,43.4945,10.295666666666667,2023-10-29 09:35:30.064358406,0.4,2023-10-29 09:30:00
82,82,43.4945,10.295666666666667,2023-10-29 10:14:30.331144361,0.3,2023-10-29 10:15:00
82,82,43.4945,10.295333333333334,2023-10-29 10:38:30.820636169,0.2,2023-10-29 10:45:00
82,82,43.4945,10.295833333333333,2023-10-29 11:05:44.437238119,0.2,2023-10-29 11:00:00
82,82,43.4945,10.2955,2023-10-29 11:26:43.113810706,0.2,2023-10-29 11:30:00
82,82,43.4945,10.295833333333333,2023-10-29 11:47:43.704592806,0.2,2023-10-29 11:45:00
82,82,43.4945,10.2955,2023-10-29 12:44:43.774580170,0.4,2023-10-29 12:45:00
82,82,43.4945,10.2955,2023-10-29 13:05:51.344114188,0.2,2023-10-29 13:00:00
82,82,43.4945,10.295166666666669,2023-10-29 13:17:43.451714608,0.2,2023-10-29 13:15:00
82,82,43.4945,10.295666666666667,2023-10-29 14:02:43.356203667,0.2,2023-10-29 14:00:00
82,82,43.4945,10.295166666666669,2023-10-29 14:41:44.271553431,0.2,2023-10-29 14:45:00
82,82,43.4945,10.295166666666669,2023-10-29 15:14:43.697407698,0.3,2023-10-29 15:15:00
82,82,43.4945,10.2955,2023-10-29 15:44:42.575965890,0.1,2023-10-29 15:45:00
82,82,43.4945,10.2955,2023-10-29 15:50:43.467514441,0.2,2023-10-29 15:45:00
82,82,43.4945,10.296,2023-10-29 16:38:42.808615081,0.3,2023-10-29 16:45:00
82,82,43.4945,10.295833333333333,2023-10-29 17:14:45.867835628,0.1,2023-10-29 17:15:00
82,82,43.4945,10.295833333333333,2023-10-29 17:23:42.799234563,0.4,2023-10-29 17:30:00
82,82,43.4945,10.295,2023-10-29 18:02:45.305252572,0.1,2023-10-29 18:00:00
82,82,43.4945,10.295,2023-10-29 18:38:43.890173484,0.5,2023-10-29 18:45:00
82,82,43.4945,10.295,2023-10-29 19:02:43.187233307,0.3,2023-10-29 19:00:00
82,82,43.4945,10.295166666666669,2023-10-29 19:17:43.424563228,0.4,2023-10-29 19:15:00
82,82,43.4945,10.295,2023-10-29 19:50:42.854900092,0.1,2023-10-29 19:45:00
82,82,43.4945,10.295,2023-10-29 20:20:43.239585808,0.4,2023-10-29 20:15:00
82,82,43.4945,10.295666666666667,2023-10-29 21:08:43.847378373,0.2,2023-10-29 21:15:00
82,82,43.4945,10.2955,2023-10-29 21:41:42.740746100,0.7,2023-10-29 21:45:00
82,82,43.4895,10.2915,2023-10-29 22:04:03.136244115,4.5,2023-10-29 22:00:00
82,82,43.505,10.262333333333334,2023-10-29 22:31:13.378599865,3.3,2023-10-29 22:30:00
82,82,43.52583333333334,10.2705,2023-10-29 22:52:09.866564284,6.3,2023-10-29 22:45:00
82,82,43.55916666666667,10.298666666666666,2023-10-30 00:17:13.494891072,0.1,2023-10-30 00:15:00
82,82,43.55916666666667,10.298666666666666,2023-10-30 00:50:13.695977624,0.1,2023-10-30 00:45:00
82,82,43.55916666666667,10.298666666666666,2023-10-30 08:11:15.032125006,0.1,2023-10-30 08:15:00
82,82,43.55916666666667,10.298666666666666,2023-10-30 08:44:14.206222535,0.1,2023-10-30 08:45:00
82,82,43.55916666666667,10.298666666666666,2023-10-30 09:47:13.837416379,0.1,2023-10-30 09:45:00
82,82,43.55916666666667,10.298666666666666,2023-10-30 12:14:14.028992985,0.1,2023-10-30 12:15:00
82,82,43.55916666666667,10.298666666666666,2023-10-30 12:17:14.492425622,0.1,2023-10-30 12:15:00
82,82,43.55916666666667,10.298666666666666,2023-10-30 14:11:15.471689850,0.1,2023-10-30 14:15:00
82,82,43.55916666666667,10.298666666666666,2023-10-30 15:26:13.908440530,0.1,2023-10-30 15:30:00
82,82,43.55916666666667,10.298666666666666,2023-10-30 17:14:13.821782281,0.1,2023-10-30 17:15:00
82,82,43.55916666666667,10.298666666666666,2023-10-30 18:35:15.078726215,0.1,2023-10-30 18:30:00
82,82,43.55916666666667,10.298666666666666,2023-10-30 18:50:14.633456397,0.1,2023-10-30 18:45:00
82,82,43.55916666666667,10.298666666666666,2023-10-30 19:32:16.785091267,0.1,2023-10-30 19:30:00
82,82,43.55916666666667,10.298666666666666,2023-10-30 20:23:15.614123194,0.1,2023-10-30 20:30:00
82,82,43.55916666666667,10.298666666666666,2023-10-30 22:56:13.695859723,0.1,2023-10-30 23:00:00
83,83,43.48570166666666,10.281118333333334,2023-10-02 10:44:21.692630652,0.1,2023-10-02 10:45:00
83,83,43.48567666666667,10.281753333333334,2023-10-02 11:02:42.555819600,0.1,2023-10-02 11:00:00
83,83,43.4855,10.282583333333331,2023-10-02 11:26:42.972973256,0.1,2023-10-02 11:30:00
83,83,43.48642,10.284313333333332,2023-10-02 12:14:43.012086608,0.1,2023-10-02 12:15:00
83,83,43.48604,10.283948333333331,2023-10-02 12:32:45.374225049,0.1,2023-10-02 12:30:00
83,83,43.48540833333333,10.282636666666669,2023-10-02 18:41:48.167537729,0.1,2023-10-02 18:45:00
83,83,43.48593,10.283836666666668,2023-10-02 19:14:47.519335408,0.1,2023-10-02 19:15:00
83,83,43.48554666666666,10.281623333333332,2023-10-02 21:14:50.454183695,0.2,2023-10-02 21:15:00
83,83,43.48568,10.281316666666669,2023-10-02 21:20:49.279412169,0.2,2023-10-02 21:15:00
83,83,43.488011666666665,10.28077,2023-10-02 22:14:46.589982323,0.1,2023-10-02 22:15:00
83,83,43.48825166666666,10.280998333333336,2023-10-02 22:26:46.570211702,0.1,2023-10-02 22:30:00
83,83,43.488455,10.281283333333333,2023-10-02 23:08:46.898293705,0.1,2023-10-02 23:15:00
83,83,43.48509333333333,10.266998333333332,2023-10-02 23:34:02.149006194,5.6,2023-10-02 23:30:00
83,83,43.51885166666667,10.255001666666669,2023-10-03 00:14:52.659674915,2.8,2023-10-03 00:15:00
83,83,43.53747166666667,10.281743333333331,2023-10-03 00:44:53.050096959,8.5,2023-10-03 00:45:00
83,83,43.57205666666667,10.305255,2023-10-03 01:14:22.131487603,1.9,2023-10-03 01:15:00
83,83,43.57477666666667,10.304526666666668,2023-10-03 16:34:27.137039985,0.1,2023-10-03 16:30:00
83,83,43.52833666666667,10.251811666666669,2023-10-03 17:14:36.867316971,10.5,2023-10-03 17:15:00
83,83,43.510275,10.143603333333337,2023-10-03 17:41:09.028871366,11.2,2023-10-03 17:45:00
84,84,43.48023333333333,10.243693333333333,2023-10-11 12:01:55.734211568,2.9,2023-10-11 12:00:00
84,84,43.47537333333333,10.242491666666666,2023-10-11 12:26:37.382250069,0.2,2023-10-11 12:30:00
84,84,43.49329166666666,10.245663333333331,2023-10-11 13:03:55.994792982,5.9,2023-10-11 13:00:00
84,84,43.55393166666667,10.291793333333334,2023-10-11 13:41:16.207010711,6.5,2023-10-11 13:45:00
84,84,43.568261666666665,10.30845,2023-10-11 13:54:56.138703665,3.7,2023-10-11 14:00:00
85,85,43.54468833333333,10.291165,2023-10-17 10:04:05.992224382,6.4,2023-10-17 10:00:00
85,85,43.53540833333333,10.259358333333331,2023-10-17 10:16:13.215377211,8.9,2023-10-17 10:15:00
85,85,43.51685,10.14151,2023-10-17 10:50:52.193740366,9.1,2023-10-17 10:45:00
86,86,43.49905,10.167401666666668,2023-10-05 02:30:54.290660968,9.7,2023-10-05 02:30:00
86,86,43.518193333333336,10.25244,2023-10-05 03:14:44.537353878,1.7,2023-10-05 03:15:00
86,86,43.53326333333334,10.276068333333336,2023-10-05 03:44:35.168348903,7.0,2023-10-05 03:45:00
86,86,43.567411666666665,10.306783333333334,2023-10-05 04:07:35.065267138,4.5,2023-10-05 04:15:00
86,86,43.57302,10.304578333333334,2023-10-05 11:14:55.575106522,0.2,2023-10-05 11:15:00
86,86,43.53385,10.266556666666666,2023-10-05 11:44:45.419611777,8.1,2023-10-05 11:45:00
86,86,43.50515833333333,10.2187,2023-10-05 12:05:36.124334900,10.0,2023-10-05 12:00:00
86,86,43.455955,10.202985,2023-10-05 12:23:06.418339483,10.4,2023-10-05 12:30:00
86,86,43.50168666666666,10.129286666666667,2023-10-19 02:06:43.939181658,8.4,2023-10-19 02:00:00
86,86,43.49271,10.221426666666668,2023-10-19 02:42:44.170653600,5.1,2023-10-19 02:45:00
86,86,43.48994,10.231661666666668,2023-10-19 02:50:13.057087785,5.4,2023-10-19 02:45:00
86,86,43.48489,10.258115,2023-10-19 03:44:54.517839170,1.6,2023-10-19 03:45:00
86,86,43.48095,10.26614,2023-10-19 04:08:24.259196084,0.9,2023-10-19 04:15:00
86,86,43.48002333333333,10.268565,2023-10-19 04:16:54.782346496,0.9,2023-10-19 04:15:00
86,86,43.47148833333333,10.259333333333332,2023-10-19 04:55:25.314799032,2.1,2023-10-19 05:00:00
86,86,43.5725,10.304653333333333,2023-10-19 16:23:04.371330142,0.1,2023-10-19 16:30:00
86,86,43.542705,10.291245,2023-10-19 18:13:27.225703881,5.8,2023-10-19 18:15:00
86,86,43.52113333333333,10.228295,2023-10-19 18:35:04.631494051,9.3,2023-10-19 18:30:00
86,86,43.4451,10.195123333333331,2023-10-19 19:04:47.309949213,9.6,2023-10-19 19:00:00
86,86,43.410835,10.185843333333334,2023-10-19 19:17:16.566670892,10.3,2023-10-19 19:15:00
87,87,43.53091,10.270411666666666,2023-10-28 06:11:08.123097943,4.8,2023-10-28 06:15:00
87,87,43.53636,10.277308333333334,2023-10-28 06:28:07.597477447,2.7,2023-10-28 06:30:00
87,87,43.55330166666667,10.29198,2023-10-28 06:46:51.007650482,0.4,2023-10-28 06:45:00
87,87,43.556795,10.297525,2023-10-28 08:37:49.084691267,0.1,2023-10-28 08:45:00
87,87,43.55682333333333,10.297568333333334,2023-10-28 10:28:47.505185924,0.1,2023-10-28 10:30:00
87,87,43.55679666666666,10.297601666666669,2023-10-28 10:58:49.519611709,0.1,2023-10-28 11:00:00
87,87,43.55681833333333,10.297563333333333,2023-10-28 14:34:49.271832844,0.1,2023-10-28 14:30:00
87,87,43.556808333333336,10.2975,2023-10-28 21:46:51.882820383,0.1,2023-10-28 21:45:00
87,87,43.55682333333333,10.29755,2023-10-30 09:46:43.963122014,0.1,2023-10-30 09:45:00
87,87,43.556845,10.297536666666668,2023-10-30 15:25:48.614439781,0.1,2023-10-30 15:30:00
88,88,43.536208333333335,10.278986666666666,2023-10-04 03:44:00.568539225,7.8,2023-10-04 03:45:00
88,88,43.52842333333333,10.23572,2023-10-04 12:12:32.390790956,9.2,2023-10-04 12:15:00
88,88,43.51842833333333,10.133026666666666,2023-10-04 12:41:54.987164313,9.2,2023-10-04 12:45:00
89,89,43.49192333333334,10.266715,2023-10-21 10:35:37.403537639,1.7,2023-10-21 10:30:00
89,89,43.49047166666666,10.267461666666666,2023-10-21 10:55:26.001814546,0.6,2023-10-21 11:00:00
89,89,43.49112,10.264506666666668,2023-10-21 11:19:02.602322881,1.0,2023-10-21 11:15:00
89,89,43.4896,10.26396,2023-10-21 12:31:31.257830338,0.1,2023-10-21 12:30:00
89,89,43.48955333333333,10.264123333333334,2023-10-21 13:01:42.576639382,0.1,2023-10-21 13:00:00
89,89,43.48975,10.26576,2023-10-21 13:16:47.439657114,0.4,2023-10-21 13:15:00
89,89,43.48995333333333,10.263755,2023-10-21 14:00:43.524146405,0.1,2023-10-21 14:00:00
89,89,43.49124,10.263198333333332,2023-10-21 14:42:57.510171072,0.1,2023-10-21 14:45:00
89,89,43.491095,10.263018333333331,2023-10-21 14:56:50.365905670,0.1,2023-10-21 15:00:00
89,89,43.491345,10.263341666666667,2023-10-21 15:16:51.194777563,0.1,2023-10-21 15:15:00
89,89,43.491996666666665,10.266048333333334,2023-10-21 16:00:27.123139690,0.1,2023-10-21 16:00:00
89,89,43.492055,10.265926666666669,2023-10-21 16:21:27.451580542,0.1,2023-10-21 16:15:00
89,89,43.49244333333333,10.265163333333334,2023-10-21 16:48:33.216954877,0.4,2023-10-21 16:45:00
89,89,43.49241,10.266233333333334,2023-10-21 17:41:04.715072051,0.1,2023-10-21 17:45:00
89,89,43.49231333333333,10.266293333333332,2023-10-21 18:06:35.608367523,0.1,2023-10-21 18:00:00
89,89,43.49204333333333,10.266423333333334,2023-10-21 18:30:36.726487826,0.2,2023-10-21 18:30:00
89,89,43.492203333333336,10.26629,2023-10-21 18:56:07.846003242,0.2,2023-10-21 19:00:00
89,89,43.49262833333333,10.265546666666667,2023-10-21 19:23:10.130041290,0.4,2023-10-21 19:30:00
89,89,43.49183666666667,10.267303333333333,2023-10-21 20:08:16.025613520,0.2,2023-10-21 20:15:00
89,89,43.49173833333334,10.267695,2023-10-21 20:41:16.447088802,0.2,2023-10-21 20:45:00
89,89,43.49192666666667,10.267598333333332,2023-10-21 20:50:16.288460712,0.4,2023-10-21 20:45:00
89,89,43.49203,10.267593333333334,2023-10-21 21:35:19.420387483,0.5,2023-10-21 21:30:00
89,89,43.49165333333334,10.267901666666669,2023-10-21 22:08:21.863029194,0.2,2023-10-21 22:15:00
89,89,43.49254333333333,10.267416666666666,2023-10-21 22:15:53.374831586,0.2,2023-10-21 22:15:00
89,89,43.49171666666667,10.26802,2023-10-22 16:07:59.883446447,0.3,2023-10-22 16:15:00
89,89,43.55706333333333,10.293473333333331,2023-10-26 19:03:03.721588252,8.6,2023-10-26 19:00:00
89,89,43.51162,10.163385,2023-10-26 19:42:04.323132980,12.6,2023-10-26 19:45:00
89,89,43.510070000000006,10.123235,2023-10-26 19:50:26.213648906,12.6,2023-10-26 19:45:00
90,90,43.40117333333333,10.148468333333334,2023-10-15 02:33:31.103371344,10.0,2023-10-15 02:30:00
90,90,43.43983333333333,10.182573333333332,2023-10-15 02:49:11.980242880,10.5,2023-10-15 02:45:00
90,90,43.495275,10.235065,2023-10-15 03:26:42.893787538,5.3,2023-10-15 03:30:00
90,90,43.530483333333336,10.265763333333332,2023-10-15 03:51:51.764862295,5.8,2023-10-15 03:45:00
90,90,43.566026666666666,10.30542,2023-10-15 04:20:10.475195025,5.0,2023-10-15 04:15:00
91,91,43.572093333333335,10.306888333333337,2023-10-01 12:41:09.346045960,0.2,2023-10-01 12:45:00
91,91,43.56959833333334,10.308193333333332,2023-10-03 21:02:25.153896295,1.0,2023-10-03 21:00:00
91,91,43.51446666666666,10.208056666666666,2023-10-03 21:44:56.274930826,12.8,2023-10-03 21:45:00
91,91,43.50967,10.199796666666666,2023-10-03 21:47:05.618918937,12.9,2023-10-03 21:45:00
92,92,43.47301166666667,10.13812,2023-10-05 05:14:09.849337171,9.5,2023-10-05 05:15:00
92,92,43.47648166666667,10.15014,2023-10-05 05:17:49.126421520,9.2,2023-10-05 05:15:00
92,92,43.50986,10.23879,2023-10-05 05:45:30.952481470,9.4,2023-10-05 05:45:00
92,92,43.57395,10.304928333333333,2023-10-05 06:44:50.151968986,1.8,2023-10-05 06:45:00
92,92,43.54339,10.29097,2023-10-05 18:13:54.188031745,8.7,2023-10-05 18:15:00
92,92,43.519615,10.232375,2023-10-05 18:33:34.924076986,10.0,2023-10-05 18:30:00
92,92,43.454571666666666,10.201706666666666,2023-10-05 18:58:14.525828702,12.6,2023-10-05 19:00:00
92,92,43.47282499999999,10.138446666666663,2023-10-13 04:40:40.014546604,9.0,2023-10-13 04:45:00
92,92,43.487966666666665,10.189753333333334,2023-10-13 04:57:39.293415872,6.8,2023-10-13 05:00:00
92,92,43.50439166666667,10.233288333333332,2023-10-13 05:22:19.323012468,5.2,2023-10-13 05:15:00
92,92,43.54165,10.290206666666668,2023-10-13 05:54:59.644798825,7.8,2023-10-13 06:00:00
92,92,43.573056666666666,10.305005,2023-10-13 06:28:48.187517645,1.9,2023-10-13 06:30:00
92,92,43.56617833333333,10.305468333333332,2023-10-13 20:37:09.026028219,3.9,2023-10-13 20:30:00
92,92,43.531385,10.25237,2023-10-13 21:07:08.916338161,9.8,2023-10-13 21:00:00
92,92,43.48715166666667,10.202426666666666,2023-10-13 21:30:38.944552436,9.4,2023-10-13 21:30:00
92,92,43.432408333333335,10.189213333333331,2023-10-13 21:52:08.981558790,9.2,2023-10-13 21:45:00
92,92,43.501765,10.214021666666667,2023-10-21 10:36:01.268109798,7.2,2023-10-21 10:30:00
92,92,43.512275,10.242341666666666,2023-10-21 11:05:30.878172018,0.5,2023-10-21 11:00:00
92,92,43.5126,10.2441,2023-10-21 11:18:18.092789418,0.6,2023-10-21 11:15:00
92,92,43.50751833333334,10.247981666666668,2023-10-21 11:48:37.606890629,2.4,2023-10-21 11:45:00
92,92,43.551335,10.291456666666669,2023-10-21 12:31:37.301584425,5.1,2023-10-21 12:30:00
92,92,43.57671666666667,10.304338333333334,2023-10-21 13:02:27.082326053,1.5,2023-10-21 13:00:00
92,92,43.57796333333333,10.30423,2023-10-21 21:34:38.652821014,1.2,2023-10-21 21:30:00
92,92,43.53665166666666,10.264293333333336,2023-10-21 22:07:59.329096222,9.7,2023-10-21 22:15:00
92,92,43.524705,10.23627,2023-10-21 22:16:00.606469652,11.5,2023-10-21 22:15:00
93,93,43.42511666666667,10.147603333333333,2023-10-10 04:58:44.311891067,10.9,2023-10-10 05:00:00
93,93,43.47759333333333,10.23335,2023-10-10 05:34:56.981855529,11.8,2023-10-10 05:30:00
93,93,43.430688333333336,10.212248333333331,2023-10-10 05:46:31.693431846,16.5,2023-10-10 05:45:00
93,93,43.38634833333333,10.211186666666666,2023-10-11 09:44:44.873766937,0.3,2023-10-11 09:45:00
93,93,43.38952666666667,10.212896666666667,2023-10-11 10:13:44.825894506,0.4,2023-10-11 10:15:00
93,93,43.392581666666665,10.216528333333336,2023-10-11 10:44:54.820225027,0.5,2023-10-11 10:45:00
93,93,43.39435,10.21936,2023-10-11 11:01:14.364421278,0.6,2023-10-11 11:00:00
93,93,43.396748333333335,10.223966666666666,2023-10-11 11:26:25.412779685,0.5,2023-10-11 11:30:00
93,93,43.39879,10.231128333333334,2023-10-11 12:02:35.289821679,0.6,2023-10-11 12:00:00
93,93,43.39953833333333,10.236281666666668,2023-10-11 12:26:44.835291994,0.6,2023-10-11 12:30:00
93,93,43.39841,10.244948333333332,2023-10-11 13:04:24.013641409,0.7,2023-10-11 13:00:00
93,93,43.394531666666666,10.252725,2023-10-11 13:42:14.279698390,0.7,2023-10-11 13:45:00
93,93,43.39293833333333,10.25503,2023-10-11 13:54:43.263567498,0.7,2023-10-11 14:00:00
93,93,43.385758333333335,10.263396666666669,2023-10-11 14:44:25.330464239,0.8,2023-10-11 14:45:00
93,93,43.384095,10.26557,2023-10-11 14:56:33.536680358,0.7,2023-10-11 15:00:00
93,93,43.5791,10.30579,2023-10-12 07:43:09.802470635,0.1,2023-10-12 07:45:00
93,93,43.57909666666667,10.30579,2023-10-12 10:58:09.639375287,0.1,2023-10-12 11:00:00
93,93,43.579115,10.305771666666669,2023-10-12 11:22:09.501982165,0.1,2023-10-12 11:15:00
93,93,43.579075,10.305803333333332,2023-10-12 11:58:09.241970207,0.1,2023-10-12 12:00:00
93,93,43.57916333333333,10.305831666666668,2023-10-12 13:07:10.679153592,0.1,2023-10-12 13:00:00
93,93,43.579105,10.305795,2023-10-12 13:43:08.699332615,0.1,2023-10-12 13:45:00
93,93,43.57913,10.3058,2023-10-12 13:49:11.197125234,0.1,2023-10-12 13:45:00
93,93,43.579105,10.305781666666666,2023-10-12 14:19:10.225854648,0.1,2023-10-12 14:15:00
93,93,43.579123333333335,10.305793333333334,2023-10-12 14:46:09.841912292,0.1,2023-10-12 14:45:00
93,93,43.579145,10.305808333333331,2023-10-12 15:34:09.756614806,0.1,2023-10-12 15:30:00
93,93,43.57911833333333,10.305795,2023-10-12 16:10:11.050779362,0.1,2023-10-12 16:15:00
93,93,43.57913,10.305801666666667,2023-10-12 16:19:08.762142276,0.1,2023-10-12 16:15:00
93,93,43.57911166666667,10.305783333333332,2023-10-12 17:13:10.393598358,0.1,2023-10-12 17:15:00
93,93,43.579101666666666,10.305793333333334,2023-10-12 17:22:10.178041454,0.1,2023-10-12 17:15:00
93,93,43.5791,10.305771666666669,2023-10-12 17:52:10.615827264,0.1,2023-10-12 17:45:00
93,93,43.579165,10.305895,2023-10-12 19:16:09.503645541,0.1,2023-10-12 19:15:00
93,93,43.57911333333333,10.305783333333332,2023-10-12 19:58:08.727893398,0.1,2023-10-12 20:00:00
93,93,43.57909166666666,10.305788333333334,2023-10-12 20:22:10.148996220,0.1,2023-10-12 20:15:00
93,93,43.57911,10.305765,2023-10-12 21:31:09.812256547,0.2,2023-10-12 21:30:00
93,93,43.579101666666666,10.305788333333334,2023-10-12 22:19:09.804459102,0.1,2023-10-12 22:15:00
93,93,43.57909666666667,10.305786666666668,2023-10-12 22:46:10.678137461,0.1,2023-10-12 22:45:00
93,93,43.57910666666667,10.305784999999998,2023-10-12 23:31:09.898854634,0.1,2023-10-12 23:30:00
93,93,43.579115,10.30577,2023-10-12 23:46:09.187895693,0.1,2023-10-12 23:45:00
93,93,43.579095,10.30577,2023-10-13 01:46:10.054455417,0.1,2023-10-13 01:45:00
93,93,43.579103333333336,10.305798333333334,2023-10-13 02:16:10.688261943,0.1,2023-10-13 02:15:00
93,93,43.579105,10.305795,2023-10-13 02:49:09.077979390,0.1,2023-10-13 02:45:00
93,93,43.579085,10.30577,2023-10-13 04:01:10.733712562,0.1,2023-10-13 04:00:00
93,93,43.579103333333336,10.305763333333337,2023-10-13 04:34:09.707377886,0.1,2023-10-13 04:30:00
93,93,43.57908666666666,10.305798333333334,2023-10-13 05:04:10.617523887,0.1,2023-10-13 05:00:00
93,93,43.57908833333333,10.305768333333331,2023-10-13 05:31:10.217376696,0.1,2023-10-13 05:30:00
93,93,43.57909,10.305745,2023-10-13 05:55:08.827310529,0.1,2023-10-13 06:00:00
93,93,43.57907333333333,10.30579,2023-10-13 07:43:10.112527844,0.1,2023-10-13 07:45:00
93,93,43.57907166666666,10.305796666666668,2023-10-13 08:04:10.100802620,0.1,2023-10-13 08:00:00
93,93,43.57908833333333,10.305773333333333,2023-10-13 08:37:10.531062632,0.1,2023-10-13 08:30:00
93,93,43.57908333333333,10.305778333333334,2023-10-13 08:52:10.574272580,0.1,2023-10-13 08:45:00
93,93,43.57908333333333,10.305771666666669,2023-10-13 09:40:09.337413784,0.1,2023-10-13 09:45:00
93,93,43.579076666666666,10.305788333333334,2023-10-13 09:49:10.657364528,0.1,2023-10-13 09:45:00
93,93,43.57909333333334,10.305761666666664,2023-10-13 10:37:10.476647387,0.1,2023-10-13 10:30:00
93,93,43.57908166666667,10.305773333333333,2023-10-13 11:04:10.841078362,0.1,2023-10-13 11:00:00
93,93,43.57909833333333,10.305761666666664,2023-10-13 11:40:10.724959957,0.1,2023-10-13 11:45:00
93,93,43.579101666666666,10.305751666666668,2023-10-13 11:49:09.261809255,0.1,2023-10-13 11:45:00
93,93,43.57912,10.30577,2023-10-13 13:07:10.543496724,0.1,2023-10-13 13:00:00
93,93,43.57910833333334,10.305784999999998,2023-10-13 13:22:10.175684051,0.1,2023-10-13 13:15:00
93,93,43.5791,10.305791666666666,2023-10-13 14:10:09.570187277,0.1,2023-10-13 14:15:00
93,93,43.57909666666667,10.305773333333333,2023-10-13 14:19:09.234333762,0.1,2023-10-13 14:15:00
93,93,43.57908333333333,10.305791666666666,2023-10-13 14:46:09.081959735,0.1,2023-10-13 14:45:00
93,93,43.57913333333333,10.305784999999998,2023-10-13 15:37:10.372665007,0.1,2023-10-13 15:30:00
93,93,43.57911666666666,10.305825,2023-10-13 15:52:09.838782145,0.1,2023-10-13 15:45:00
93,93,43.57913333333333,10.305796666666668,2023-10-13 16:43:10.173523757,0.1,2023-10-13 16:45:00
93,93,43.57912833333333,10.305803333333332,2023-10-13 16:52:09.978864185,0.1,2023-10-13 16:45:00
93,93,43.579103333333336,10.305776666666668,2023-10-13 17:28:10.301925090,0.1,2023-10-13 17:30:00
93,93,43.57908833333333,10.305801666666667,2023-10-13 18:13:09.970567529,0.1,2023-10-13 18:15:00
93,93,43.57907333333333,10.305811666666669,2023-10-13 18:16:09.422472893,0.1,2023-10-13 18:15:00
93,93,43.57913,10.30581,2023-10-13 19:28:09.136680567,0.1,2023-10-13 19:30:00
93,93,43.57341,10.3058,2023-10-13 20:01:03.586364475,3.8,2023-10-13 20:00:00
93,93,43.55688166666666,10.293893333333331,2023-10-13 20:21:47.116109873,6.2,2023-10-13 20:15:00
93,93,43.44744333333333,10.160816666666667,2023-10-13 21:07:08.913352153,17.3,2023-10-13 21:00:00
93,93,43.39174,10.156836666666669,2023-10-13 21:18:38.573078060,17.5,2023-10-13 21:15:00
94,94,43.39994166666667,10.147693333333333,2023-10-15 09:10:49.493624789,8.7,2023-10-15 09:15:00
94,94,43.41587166666667,10.163358333333331,2023-10-15 09:18:37.899367148,9.3,2023-10-15 09:15:00
94,94,43.505363333333335,10.261456666666668,2023-10-16 09:12:14.555938654,0.1,2023-10-16 09:15:00
94,94,43.50535333333333,10.261496666666666,2023-10-16 09:33:19.847455393,0.1,2023-10-16 09:30:00
94,94,43.505498333333335,10.261443333333334,2023-10-16 09:51:27.045411443,0.2,2023-10-16 09:45:00
94,94,43.50508333333333,10.261695,2023-10-16 10:24:43.009721481,0.4,2023-10-16 10:30:00
94,94,43.50512333333334,10.261515,2023-10-16 10:57:56.844531661,0.2,2023-10-16 11:00:00
94,94,43.505215,10.261521666666663,2023-10-16 12:01:25.926401900,0.1,2023-10-16 12:00:00
94,94,43.50502,10.26175,2023-10-16 12:46:46.560206382,0.2,2023-10-16 12:45:00
94,94,43.50439333333334,10.26246,2023-10-16 13:29:03.773447086,0.2,2023-10-16 13:30:00
94,94,43.50470333333333,10.262055,2023-10-16 14:02:20.541603911,0.2,2023-10-16 14:00:00
94,94,43.505075000000005,10.261625,2023-10-16 14:35:32.707516933,0.2,2023-10-16 14:30:00
94,94,43.50520166666667,10.26148,2023-10-16 14:56:41.375163972,0.1,2023-10-16 15:00:00
94,94,43.50470333333333,10.261965,2023-10-16 15:23:54.152096463,0.1,2023-10-16 15:30:00
94,94,43.50492666666666,10.261715,2023-10-16 17:12:39.670655160,0.1,2023-10-16 17:15:00
94,94,43.50503166666667,10.261623333333334,2023-10-16 17:15:42.659137306,0.1,2023-10-16 17:15:00
94,94,43.504655,10.262001666666666,2023-10-16 17:51:56.802909881,0.1,2023-10-16 17:45:00
94,94,43.50479333333333,10.261831666666666,2023-10-16 18:28:13.030849066,0.2,2023-10-16 18:30:00
94,94,43.50516,10.261661666666669,2023-10-16 20:38:08.451336986,0.1,2023-10-16 20:45:00
94,94,43.50517333333333,10.26152,2023-10-16 21:05:20.616315033,0.1,2023-10-16 21:00:00
94,94,43.50548666666667,10.261335,2023-10-16 21:20:25.076356855,0.1,2023-10-16 21:15:00
94,94,43.505498333333335,10.261381666666669,2023-10-16 22:02:47.193339925,0.1,2023-10-16 22:00:00
94,94,43.50541833333333,10.261326666666667,2023-10-16 23:03:15.396932481,0.1,2023-10-16 23:00:00
94,94,43.50532666666666,10.261368333333332,2023-10-16 23:30:23.593182363,0.1,2023-10-16 23:30:00
94,94,43.50554833333333,10.261296666666668,2023-10-17 01:40:19.903435885,0.1,2023-10-17 01:45:00
94,94,43.50550166666667,10.261345,2023-10-17 03:01:58.073059717,0.1,2023-10-17 03:00:00
94,94,43.505541666666666,10.261333333333331,2023-10-17 03:59:18.287546416,0.1,2023-10-17 04:00:00
94,94,43.50526333333333,10.261378333333331,2023-10-17 04:41:39.715830397,0.1,2023-10-17 04:45:00
94,94,43.505475,10.261325,2023-10-17 05:08:51.181655572,0.1,2023-10-17 05:15:00
94,94,43.506065,10.262346666666668,2023-10-17 05:29:59.941520279,0.2,2023-10-17 05:30:00
94,94,43.504155,10.266851666666668,2023-10-17 06:04:40.535649784,0.5,2023-10-17 06:00:00
94,94,43.505215,10.262976666666669,2023-10-17 06:18:02.189321136,1.0,2023-10-17 06:15:00
94,94,43.539575,10.287336666666668,2023-10-17 07:07:39.392387607,6.0,2023-10-17 07:15:00
94,94,43.570553333333336,10.307106666666666,2023-10-17 07:35:00.529469094,1.1,2023-10-17 07:30:00
94,94,43.577335,10.303993333333333,2023-10-17 07:51:00.403364966,0.2,2023-10-17 07:45:00
94,94,43.539275,10.283173333333334,2023-10-18 07:01:17.859614465,7.3,2023-10-18 07:00:00
94,94,43.52349,10.220563333333333,2023-10-18 07:22:09.909831924,9.2,2023-10-18 07:15:00
95,95,43.40902833333334,10.150318333333333,2023-10-21 06:39:46.522203266,9.3,2023-10-21 06:45:00
95,95,43.42011,10.161768333333333,2023-10-21 06:45:56.168693852,9.0,2023-10-21 06:45:00
95,95,43.49216833333333,10.213346666666666,2023-10-21 07:27:39.054013598,4.7,2023-10-21 07:30:00
95,95,43.517201666666665,10.247531666666667,2023-10-21 07:55:38.915025476,0.8,2023-10-21 08:00:00
95,95,43.52829833333333,10.266696666666666,2023-10-21 08:38:07.154361588,8.0,2023-10-21 08:45:00
95,95,43.56914833333334,10.306851666666669,2023-10-21 09:10:46.690583236,2.0,2023-10-21 09:15:00
95,95,43.5747,10.304386666666666,2023-10-21 09:31:23.852671188,0.2,2023-10-21 09:30:00
95,95,43.57467,10.304351666666667,2023-10-21 10:19:23.858138114,0.1,2023-10-21 10:15:00
95,95,43.57471,10.304281666666666,2023-10-21 18:31:23.880207768,0.1,2023-10-21 18:30:00
95,95,43.57479666666666,10.304346666666667,2023-10-21 18:58:23.905013434,0.1,2023-10-21 19:00:00
95,95,43.574623333333335,10.304343333333332,2023-10-21 21:34:23.890487186,0.1,2023-10-21 21:30:00
95,95,43.57471,10.304303333333332,2023-10-21 22:16:23.869891384,0.1,2023-10-21 22:15:00
96,96,43.53605833333334,10.26771,2023-10-10 17:14:58.208337896,6.4,2023-10-10 17:15:00
96,96,43.53382333333333,10.262478333333332,2023-10-10 17:17:09.604572777,7.9,2023-10-10 17:15:00
97,97,43.478135,10.293891666666669,2023-10-01 01:14:10.273342573,0.1,2023-10-01 01:15:00
97,97,43.477763333333336,10.294616666666666,2023-10-01 03:44:13.606196647,0.1,2023-10-01 03:45:00
97,97,43.47781666666666,10.294605,2023-10-01 03:56:09.345909119,0.1,2023-10-01 04:00:00
97,97,43.477698333333336,10.294748333333333,2023-10-01 04:17:15.308820336,0.1,2023-10-01 04:15:00
97,97,43.47787166666667,10.29487,2023-10-01 05:14:17.731591863,0.1,2023-10-01 05:15:00
97,97,43.47781333333333,10.295086666666666,2023-10-01 05:26:17.539232646,0.1,2023-10-01 05:30:00
97,97,43.47864666666667,10.294728333333332,2023-10-01 06:44:15.687906465,0.1,2023-10-01 06:45:00
97,97,43.47846666666667,10.294185,2023-10-01 07:14:13.962929819,0.1,2023-10-01 07:15:00
97,97,43.477865,10.293888333333332,2023-10-01 07:38:18.938689126,0.2,2023-10-01 07:45:00
97,97,43.47814833333334,10.29511,2023-10-01 10:14:13.154297910,0.1,2023-10-01 10:15:00
97,97,43.47842833333333,10.294986666666668,2023-10-01 10:32:15.242709618,0.1,2023-10-01 10:30:00
97,97,43.47777333333333,10.294775,2023-10-01 13:02:15.285478554,0.1,2023-10-01 13:00:00
97,97,43.47786666666666,10.29516,2023-10-01 13:44:13.685441790,0.1,2023-10-01 13:45:00
97,97,43.477743333333336,10.294816666666666,2023-10-01 14:08:11.983794897,0.1,2023-10-01 14:15:00
97,97,43.477788333333336,10.294863333333332,2023-10-01 14:44:15.089367986,0.1,2023-10-01 14:45:00
97,97,43.47774166666667,10.294966666666664,2023-10-01 15:56:20.090521749,0.1,2023-10-01 16:00:00
97,97,43.47767,10.294821666666667,2023-10-01 16:44:14.621041849,0.1,2023-10-01 16:45:00
97,97,43.47769,10.29489,2023-10-01 17:05:18.711990377,0.1,2023-10-01 17:00:00
97,97,43.47777833333334,10.294845,2023-10-01 17:44:17.219937717,0.1,2023-10-01 17:45:00
97,97,43.477743333333336,10.29461,2023-10-01 18:35:20.044606580,0.1,2023-10-01 18:30:00
97,97,43.4787,10.294056666666668,2023-10-02 04:14:16.149295117,0.1,2023-10-02 04:15:00
97,97,43.47790333333333,10.294236666666666,2023-10-02 09:56:20.222047731,0.1,2023-10-02 10:00:00
97,97,43.478235000000005,10.295316666666668,2023-10-02 10:44:17.785182452,0.1,2023-10-02 10:45:00
97,97,43.477735,10.294903333333334,2023-10-02 13:17:22.630440217,0.1,2023-10-02 13:15:00
97,97,43.477716666666666,10.295011666666666,2023-10-02 15:08:22.234092349,0.1,2023-10-02 15:15:00
97,97,43.47777,10.294628333333332,2023-10-02 20:35:25.020775702,0.1,2023-10-02 20:30:00
97,97,43.478008333333335,10.294043333333333,2023-10-02 21:14:25.395579745,0.1,2023-10-02 21:15:00
97,97,43.47852833333333,10.295118333333331,2023-10-03 11:41:28.272674756,0.1,2023-10-03 11:45:00
97,97,43.47858333333333,10.294815,2023-10-03 12:14:31.150166576,0.2,2023-10-03 12:15:00
97,97,43.478773333333336,10.29498,2023-10-03 12:26:31.606427269,0.1,2023-10-03 12:30:00
97,97,43.47866,10.294965,2023-10-03 13:32:25.907006650,0.1,2023-10-03 13:30:00
97,97,43.47812166666667,10.295075,2023-10-03 18:23:30.371805077,0.1,2023-10-03 18:30:00
97,97,43.478185,10.29519,2023-10-03 20:44:31.864345119,0.1,2023-10-03 20:45:00
97,97,43.47832,10.295296666666667,2023-10-03 20:53:27.855644196,0.1,2023-10-03 21:00:00
97,97,43.4784,10.295255,2023-10-03 22:08:34.305010728,0.1,2023-10-03 22:15:00
97,97,43.478253333333335,10.295335,2023-10-03 22:44:32.140805709,0.1,2023-10-03 22:45:00
97,97,43.478341666666665,10.29537,2023-10-03 22:53:30.685141672,0.1,2023-10-03 23:00:00
97,97,43.47860333333333,10.295268333333333,2023-10-04 01:32:33.303457466,0.1,2023-10-04 01:30:00
97,97,43.478773333333336,10.29366,2023-10-04 04:14:36.195800782,0.1,2023-10-04 04:15:00
97,97,43.47898166666666,10.294155,2023-10-04 05:14:34.735578196,0.1,2023-10-04 05:15:00
97,97,43.47898333333333,10.29397,2023-10-04 05:20:34.890234868,0.1,2023-10-04 05:15:00
97,97,43.46940166666666,10.270796666666666,2023-10-04 06:08:54.365108304,6.7,2023-10-04 06:15:00
97,97,43.50232833333334,10.237153333333334,2023-10-04 06:44:56.142382467,7.2,2023-10-04 06:45:00
97,97,43.55439833333333,10.292736666666666,2023-10-04 07:14:54.435795779,6.7,2023-10-04 07:15:00
97,97,43.557901666666666,10.295075,2023-10-04 07:17:04.919218681,6.4,2023-10-04 07:15:00
97,97,43.55348333333333,10.29285,2023-10-05 00:07:46.380622726,7.1,2023-10-05 00:15:00
97,97,43.52155333333334,10.156985,2023-10-05 00:44:59.766613042,14.0,2023-10-05 00:45:00
97,97,43.52438333333334,10.135446666666668,2023-10-05 00:49:04.766277345,14.1,2023-10-05 00:45:00
98,98,43.48010166666666,10.207628333333334,2023-10-11 19:44:51.983035533,7.8,2023-10-11 19:45:00
98,98,43.480305,10.224021666666664,2023-10-11 19:51:51.295693291,5.3,2023-10-11 19:45:00
98,98,43.49499,10.265911666666666,2023-10-11 20:18:31.846684955,2.5,2023-10-11 20:15:00
98,98,43.49726333333333,10.270594999999998,2023-10-11 21:13:25.600641148,0.1,2023-10-11 21:15:00
98,98,43.556565,10.297308333333332,2023-10-12 10:44:48.210531291,0.2,2023-10-12 10:45:00
98,98,43.55663333333334,10.297298333333334,2023-10-12 21:05:26.892571322,0.1,2023-10-12 21:00:00
98,98,43.55528833333334,10.294135,2023-10-13 04:41:29.521639640,1.1,2023-10-13 04:45:00
98,98,43.55520333333333,10.293333333333331,2023-10-13 04:47:22.547268576,1.0,2023-10-13 04:45:00
98,98,43.563265,10.302811666666663,2023-10-13 05:17:25.058976045,0.2,2023-10-13 05:15:00
98,98,43.56298833333334,10.302956666666669,2023-10-13 08:08:28.692512381,0.2,2023-10-13 08:15:00
98,98,43.56296333333333,10.302941666666667,2023-10-13 11:41:31.132937448,0.1,2023-10-13 11:45:00
98,98,43.56296666666666,10.302941666666667,2023-10-14 19:59:36.073666769,0.1,2023-10-14 20:00:00
98,98,43.562983333333335,10.302923333333332,2023-10-18 07:18:06.325868618,0.1,2023-10-18 07:15:00
98,98,43.56301,10.302951666666669,2023-10-20 12:51:16.060129646,0.1,2023-10-20 12:45:00
98,98,43.53919833333334,10.280051666666669,2023-10-25 14:05:58.136532564,5.0,2023-10-25 14:00:00
98,98,43.501911666666665,10.218421666666668,2023-10-25 14:38:19.169309769,8.3,2023-10-25 14:45:00
98,98,43.40924,10.198918333333332,2023-10-25 15:14:08.659719469,11.2,2023-10-25 15:15:00
98,98,43.40622333333333,10.197983333333331,2023-10-25 15:15:08.318885975,11.0,2023-10-25 15:15:00
99,99,43.471705,10.25969,2023-10-21 14:43:20.448015904,5.8,2023-10-21 14:45:00
99,99,43.48220833333333,10.27444,2023-10-21 14:56:19.342254212,2.4,2023-10-21 15:00:00
99,99,43.48583833333333,10.276285,2023-10-21 15:44:26.355172472,0.5,2023-10-21 15:45:00
99,99,43.485805,10.276776666666668,2023-10-21 15:59:25.038800405,0.5,2023-10-21 16:00:00
99,99,43.48563,10.277301666666666,2023-10-21 16:35:27.134122668,0.3,2023-10-21 16:30:00
99,99,43.48585,10.276803333333334,2023-10-21 16:59:24.940259231,0.2,2023-10-21 17:00:00
99,99,43.48554333333333,10.277413333333334,2023-10-21 17:41:26.311119977,0.2,2023-10-21 17:45:00
99,99,43.485623333333336,10.277303333333332,2023-10-21 17:59:26.290244301,0.3,2023-10-21 18:00:00
99,99,43.485528333333335,10.277538333333332,2023-10-21 18:17:25.028408934,0.5,2023-10-21 18:15:00
99,99,43.485525,10.277488333333334,2023-10-21 18:56:25.688382745,0.2,2023-10-21 19:00:00
99,99,43.485415,10.278075,2023-10-21 20:08:26.434638888,0.1,2023-10-21 20:15:00
99,99,43.485315,10.278168333333332,2023-10-21 20:41:26.511728829,0.1,2023-10-21 20:45:00
99,99,43.485265,10.27823,2023-10-21 20:50:24.553985572,0.2,2023-10-21 20:45:00
99,99,43.485235,10.27842,2023-10-21 21:38:26.457965953,0.3,2023-10-21 21:45:00
99,99,43.48515,10.27871,2023-10-21 22:08:25.995257103,0.3,2023-10-21 22:15:00
99,99,43.55189666666667,10.296988333333331,2023-10-26 03:36:28.470919390,0.1,2023-10-26 03:30:00
99,99,43.55186166666667,10.296948333333336,2023-10-26 04:06:30.021388210,0.1,2023-10-26 04:00:00
99,99,43.551858333333335,10.296961666666666,2023-10-27 08:27:31.879208649,0.1,2023-10-27 08:30:00
99,99,43.55188333333333,10.29699,2023-10-27 08:48:32.150237023,0.3,2023-10-27 08:45:00
99,99,43.55188666666666,10.296976666666666,2023-10-27 09:21:32.858389376,0.2,2023-10-27 09:15:00
99,99,43.55186166666667,10.296946666666663,2023-10-27 09:54:31.956654742,0.1,2023-10-27 10:00:00
99,99,43.55184,10.296956666666668,2023-10-27 10:21:31.350465299,0.1,2023-10-27 10:15:00
99,99,43.55189333333333,10.29697,2023-10-27 11:09:31.581956430,0.1,2023-10-27 11:15:00
99,99,43.55186333333334,10.29695,2023-10-27 11:36:32.614918437,0.2,2023-10-27 11:30:00
99,99,43.55187166666666,10.296948333333336,2023-10-27 12:45:32.768995383,0.1,2023-10-27 12:45:00
99,99,43.551876666666665,10.296958333333333,2023-10-27 13:36:32.549336637,0.2,2023-10-27 13:30:00
99,99,43.551860000000005,10.29695,2023-10-27 15:18:33.564854847,0.1,2023-10-27 15:15:00
99,99,43.551865,10.296948333333336,2023-10-27 16:03:31.658987185,0.1,2023-10-27 16:00:00
99,99,43.55186666666667,10.296965,2023-10-27 16:33:33.399024098,0.1,2023-10-27 16:30:00
99,99,43.55187,10.296955,2023-10-27 17:42:33.797427086,0.1,2023-10-27 17:45:00
99,99,43.551878333333335,10.296963333333334,2023-10-27 17:57:32.418395043,0.2,2023-10-27 18:00:00
99,99,43.551875,10.296958333333333,2023-10-27 19:09:33.373097683,0.2,2023-10-27 19:15:00
99,99,43.55190666666667,10.296956666666668,2023-10-27 19:42:32.727724972,0.1,2023-10-27 19:45:00
99,99,43.55188666666666,10.296948333333336,2023-10-27 20:00:32.312658824,0.2,2023-10-27 20:00:00
99,99,43.5519,10.29697,2023-10-27 20:15:32.486502525,0.1,2023-10-27 20:15:00
99,99,43.55186833333333,10.296935,2023-10-27 20:45:32.732788211,0.1,2023-10-27 20:45:00
99,99,43.55188833333333,10.296968333333332,2023-10-27 21:51:33.379468928,0.1,2023-10-27 21:45:00
99,99,43.55188666666666,10.296973333333334,2023-10-27 22:51:32.588340726,0.1,2023-10-27 22:45:00
99,99,43.551860000000005,10.296961666666666,2023-10-27 23:15:33.819485181,0.2,2023-10-27 23:15:00
99,99,43.55188333333333,10.296936666666666,2023-10-27 23:48:32.597525977,0.1,2023-10-27 23:45:00
99,99,43.55188833333333,10.296943333333331,2023-10-28 00:48:35.098340471,0.1,2023-10-28 00:45:00
99,99,43.55188333333333,10.296945,2023-10-28 01:24:32.663970956,0.1,2023-10-28 01:30:00
99,99,43.55189666666667,10.296985,2023-10-28 03:45:33.286106279,0.1,2023-10-28 03:45:00
99,99,43.54001,10.279525,2023-10-28 17:52:33.433742872,5.5,2023-10-28 18:00:00
99,99,43.52202333333333,10.22865,2023-10-28 18:34:12.115566174,1.7,2023-10-28 18:30:00
99,99,43.51709166666667,10.233436666666668,2023-10-28 18:46:53.739480307,1.9,2023-10-28 18:45:00
99,99,43.50525666666667,10.268741666666669,2023-10-28 19:42:32.864474527,1.7,2023-10-28 19:45:00
99,99,43.50432833333333,10.271773333333334,2023-10-28 19:47:52.751347972,1.0,2023-10-28 19:45:00
99,99,43.50531,10.275866666666667,2023-10-28 20:20:31.187174689,0.3,2023-10-28 20:15:00
99,99,43.50527,10.275771666666666,2023-10-28 21:44:30.904956902,0.1,2023-10-28 21:45:00
99,99,43.50530833333333,10.275685,2023-10-28 21:47:30.444706603,0.2,2023-10-28 21:45:00
99,99,43.505541666666666,10.275381666666668,2023-10-28 22:41:30.971844109,0.2,2023-10-28 22:45:00
99,99,43.50575,10.275146666666666,2023-10-28 23:02:31.738247135,0.1,2023-10-28 23:00:00
99,99,43.505625,10.275288333333332,2023-10-28 23:38:31.339777241,0.1,2023-10-28 23:45:00
99,99,43.505785,10.275128333333331,2023-10-28 23:53:31.563099690,0.2,2023-10-29 00:00:00
99,99,43.50570666666667,10.275115,2023-10-29 00:23:30.957194736,0.1,2023-10-29 00:30:00
99,99,43.505943333333335,10.274236666666669,2023-10-29 01:05:31.637323646,0.3,2023-10-29 01:00:00
99,99,43.505955,10.27386,2023-10-29 01:44:31.587284088,0.4,2023-10-29 01:45:00
99,99,43.50595666666666,10.274061666666666,2023-10-29 02:05:31.147531438,0.1,2023-10-29 02:00:00
99,99,43.505941666666665,10.273961666666668,2023-10-29 02:32:30.560061961,0.1,2023-10-29 02:30:00
99,99,43.505925000000005,10.273795,2023-10-29 02:50:32.045487352,0.1,2023-10-29 02:45:00
99,99,43.50593333333334,10.27357,2023-10-29 03:44:31.474226644,0.2,2023-10-29 03:45:00
99,99,43.505943333333335,10.273495,2023-10-29 03:59:31.555310375,0.2,2023-10-29 04:00:00
99,99,43.50594666666667,10.273361666666666,2023-10-29 04:23:31.670756547,0.2,2023-10-29 04:30:00
99,99,43.50595333333333,10.273435,2023-10-29 05:11:31.542696239,0.2,2023-10-29 05:15:00
99,99,43.50598,10.273506666666666,2023-10-29 05:20:31.106942238,0.1,2023-10-29 05:15:00
99,99,43.505935,10.273076666666666,2023-10-29 05:50:31.271007645,0.4,2023-10-29 05:45:00
99,99,43.50349333333334,10.27407,2023-10-29 06:23:08.305399804,3.4,2023-10-29 06:30:00
99,99,43.477755,10.208576666666666,2023-10-29 06:49:01.789056219,10.1,2023-10-29 06:45:00
100,100,43.48583333333333,10.249063333333334,2023-10-03 19:53:58.486577424,3.4,2023-10-03 20:00:00
100,100,43.49063666666667,10.252785,2023-10-03 20:44:32.531129506,0.1,2023-10-03 20:45:00
100,100,43.49105166666666,10.252923333333332,2023-10-03 20:59:33.545332775,0.2,2023-10-03 21:00:00
100,100,43.490645,10.255176666666667,2023-10-03 21:44:33.138154431,0.2,2023-10-03 21:45:00
100,100,43.49053166666667,10.254673333333333,2023-10-03 22:08:32.447296468,0.3,2023-10-03 22:15:00
100,100,43.49044333333333,10.25499,2023-10-03 22:44:34.839097291,0.1,2023-10-03 22:45:00
100,100,43.49048166666667,10.2547,2023-10-03 22:53:33.269604175,0.1,2023-10-03 23:00:00
100,100,43.49059,10.254969999999998,2023-10-03 23:44:33.077851476,0.1,2023-10-03 23:45:00
100,100,43.490651666666665,10.255056666666666,2023-10-04 00:14:33.342769102,0.1,2023-10-04 00:15:00
100,100,43.490995,10.254898333333331,2023-10-04 01:32:32.454266488,0.1,2023-10-04 01:30:00
100,100,43.49170333333333,10.253826666666669,2023-10-04 02:14:32.863758120,0.1,2023-10-04 02:15:00
100,100,43.49172333333333,10.253725,2023-10-04 02:17:34.345627663,0.1,2023-10-04 02:15:00
100,100,43.491753333333335,10.25342,2023-10-04 03:02:33.634738443,0.1,2023-10-04 03:00:00
100,100,43.49160666666667,10.254343333333331,2023-10-04 03:44:33.347428615,0.1,2023-10-04 03:45:00
100,100,43.49152,10.254501666666666,2023-10-04 04:14:33.897555000,0.1,2023-10-04 04:15:00
100,100,43.49138666666667,10.254635,2023-10-04 05:14:32.733207675,0.1,2023-10-04 05:15:00
100,100,43.491295,10.254705,2023-10-04 05:20:34.278604760,0.2,2023-10-04 05:15:00
100,100,43.53028166666666,10.268985,2023-10-04 06:08:49.705411734,5.4,2023-10-04 06:15:00
100,100,43.57018166666667,10.30648,2023-10-04 06:44:21.256435873,1.9,2023-10-04 06:45:00
100,100,43.58084,10.305508333333334,2023-10-04 10:14:26.232165683,0.1,2023-10-04 10:15:00
100,100,43.58079833333333,10.305511666666666,2023-10-04 12:44:25.097822158,0.1,2023-10-04 12:45:00
100,100,43.58081166666667,10.305501666666666,2023-10-04 14:05:25.867829062,0.1,2023-10-04 14:00:00
100,100,43.5808,10.305505,2023-10-04 14:29:25.062300738,0.1,2023-10-04 14:30:00
100,100,43.58081666666667,10.305515000000002,2023-10-04 20:14:27.100104344,0.1,2023-10-04 20:15:00
100,100,43.58081833333333,10.305498333333333,2023-10-04 22:14:25.768513389,0.1,2023-10-04 22:15:00
100,100,43.580823333333335,10.30552,2023-10-04 23:14:25.054766231,0.1,2023-10-04 23:15:00
100,100,43.58081,10.305503333333332,2023-10-05 00:44:25.058358521,0.1,2023-10-05 00:45:00
100,100,43.58081666666667,10.305496666666668,2023-10-05 02:14:25.055885849,0.1,2023-10-05 02:15:00
100,100,43.580821666666665,10.305495,2023-10-05 08:44:25.819553771,0.1,2023-10-05 08:45:00
100,100,43.58081,10.305503333333332,2023-10-05 10:05:25.104926560,0.1,2023-10-05 10:00:00
100,100,43.58082666666667,10.305516666666668,2023-10-05 11:44:25.086729706,0.1,2023-10-05 11:45:00
100,100,43.58080833333334,10.305525,2023-10-05 13:59:25.246968165,0.1,2023-10-05 14:00:00
100,100,43.580828333333336,10.305555,2023-10-06 03:05:25.101630793,0.1,2023-10-06 03:00:00
100,100,43.580785,10.305483333333331,2023-10-06 04:44:27.188731833,0.1,2023-10-06 04:45:00
100,100,43.580823333333335,10.305525,2023-10-06 09:47:25.075117534,0.1,2023-10-06 09:45:00
100,100,43.58083333333333,10.305493333333336,2023-10-06 11:41:25.108617436,0.1,2023-10-06 11:45:00
100,100,43.580835,10.305586666666668,2023-10-06 12:44:25.111588094,0.1,2023-10-06 12:45:00
100,100,43.580801666666666,10.305478333333332,2023-10-06 15:23:25.211521987,0.1,2023-10-06 15:30:00
101,101,43.524865,10.262341666666666,2023-10-09 09:44:13.449965962,3.8,2023-10-09 09:45:00
101,101,43.53183833333333,10.27313,2023-10-09 09:54:13.795598295,4.6,2023-10-09 10:00:00
101,101,43.57929,10.30535,2023-10-09 10:39:25.028988781,0.2,2023-10-09 10:45:00
101,101,43.57274833333334,10.305941666666666,2023-10-09 18:35:53.562986159,3.0,2023-10-09 18:30:00
101,101,43.55693,10.293875000000002,2023-10-09 19:00:26.949072150,3.1,2023-10-09 19:00:00
101,101,43.49784,10.195541666666664,2023-10-09 19:44:30.785022128,14.2,2023-10-09 19:45:00
101,101,43.48023833333333,10.181628333333332,2023-10-09 19:49:24.184465638,15.3,2023-10-09 19:45:00
102,102,43.48386166666667,10.28762,2023-10-09 06:14:53.085049057,0.1,2023-10-09 06:15:00
102,102,43.484186666666666,10.287128333333332,2023-10-09 06:23:53.148353822,0.1,2023-10-09 06:30:00
102,102,43.521615,10.267785,2023-10-09 06:49:00.908231183,5.6,2023-10-09 06:45:00
102,102,43.5704,10.310738333333337,2023-10-09 07:44:02.991275558,1.4,2023-10-09 07:45:00
102,102,43.58015833333333,10.318046666666667,2023-10-09 08:03:00.716764191,2.3,2023-10-09 08:00:00
102,102,43.58418833333334,10.319013333333334,2023-10-09 09:53:57.253675448,0.1,2023-10-09 10:00:00
102,102,43.58417,10.319001666666669,2023-10-09 10:38:57.283179003,0.1,2023-10-09 10:45:00
102,102,43.58421,10.319003333333336,2023-10-09 11:23:57.280810878,0.1,2023-10-09 11:30:00
102,102,43.58419,10.318961666666668,2023-10-09 12:23:57.358234818,0.1,2023-10-09 12:30:00
102,102,43.58421333333333,10.319053333333333,2023-10-09 15:11:57.244929143,0.1,2023-10-09 15:15:00
102,102,43.58419,10.319035,2023-10-09 18:14:57.362811451,0.2,2023-10-09 18:15:00
102,102,43.584201666666665,10.31908,2023-10-09 18:35:57.242019383,0.1,2023-10-09 18:30:00
102,102,43.58421166666667,10.319021666666666,2023-10-09 18:59:16.244130581,0.1,2023-10-09 19:00:00
102,102,43.58418833333334,10.319056666666668,2023-10-09 20:35:31.704166391,0.2,2023-10-09 20:30:00
102,102,43.584225,10.319003333333336,2023-10-09 21:11:31.681521316,0.2,2023-10-09 21:15:00
102,102,43.58416666666667,10.319028333333334,2023-10-09 22:35:31.597245769,0.2,2023-10-09 22:30:00
102,102,43.58418166666667,10.319018333333334,2023-10-10 01:26:31.499902447,0.1,2023-10-10 01:30:00
102,102,43.58419333333333,10.319041666666667,2023-10-10 02:29:31.549649516,0.1,2023-10-10 02:30:00
102,102,43.58420666666667,10.318918333333333,2023-10-10 03:11:31.782135115,0.2,2023-10-10 03:15:00
102,102,43.58416333333333,10.31901,2023-10-10 03:20:31.520140311,0.1,2023-10-10 03:15:00
102,102,43.584175,10.319028333333334,2023-10-10 05:56:31.670193895,0.1,2023-10-10 06:00:00
102,102,43.584175,10.319066666666666,2023-10-10 08:14:31.537711407,0.1,2023-10-10 08:15:00
102,102,43.584185000000005,10.319056666666668,2023-10-10 08:20:31.764129181,0.2,2023-10-10 08:15:00
102,102,43.58419,10.319045,2023-10-10 09:14:31.487472076,0.1,2023-10-10 09:15:00
102,102,43.55841,10.295428333333332,2023-10-10 09:44:55.096893231,5.9,2023-10-10 09:45:00
102,102,43.55563333333334,10.292961666666669,2023-10-10 09:46:55.218549739,5.9,2023-10-10 09:45:00
102,102,43.44072333333334,10.166898333333334,2023-10-10 10:44:55.352133946,14.1,2023-10-10 10:45:00
102,102,43.43354,10.164588333333334,2023-10-10 10:46:47.158865737,14.1,2023-10-10 10:45:00
103,103,43.42955,10.132981666666666,2023-10-17 02:44:26.500473348,7.0,2023-10-17 02:45:00
103,103,43.45415,10.167216666666668,2023-10-17 03:02:16.632818180,6.9,2023-10-17 03:00:00
103,103,43.48250333333333,10.205153333333334,2023-10-17 03:22:55.921590630,6.8,2023-10-17 03:30:00
103,103,43.50393333333333,10.219146666666669,2023-10-17 04:00:07.617265643,6.1,2023-10-17 04:00:00
103,103,43.47973666666667,10.189718333333332,2023-10-17 04:16:07.201069014,7.3,2023-10-17 04:15:00
103,103,43.42827333333333,10.179955,2023-10-17 05:08:07.308295752,0.6,2023-10-17 05:15:00
103,103,43.42457,10.17047,2023-10-17 05:34:07.612553717,1.1,2023-10-17 05:30:00
103,103,43.41985,10.158485,2023-10-17 06:04:07.907047982,1.3,2023-10-17 06:00:00
103,103,43.41902666666667,10.151555,2023-10-17 06:18:08.235489155,1.3,2023-10-17 06:15:00
103,103,43.41653,10.12646,2023-10-17 07:07:26.203803596,1.1,2023-10-17 07:00:00
103,103,43.41619666666666,10.122391666666664,2023-10-17 07:15:46.626117274,1.3,2023-10-17 07:15:00
103,103,43.42332333333333,10.122355,2023-10-17 08:11:56.815651120,8.2,2023-10-17 08:15:00
103,103,43.45072666666667,10.169863333333332,2023-10-17 08:33:26.253218417,5.5,2023-10-17 08:30:00
103,103,43.45362333333333,10.184575,2023-10-17 08:51:45.464463089,0.8,2023-10-17 08:45:00
103,103,43.45076666666667,10.181543333333334,2023-10-17 09:34:16.702557961,0.5,2023-10-17 09:30:00
103,103,43.450116666666666,10.178891666666669,2023-10-17 09:48:07.787091647,0.5,2023-10-17 09:45:00
103,103,43.48852,10.222186666666666,2023-10-17 10:16:17.546999155,12.4,2023-10-17 10:15:00
103,103,43.53967333333333,10.28719,2023-10-17 11:01:48.450750455,5.8,2023-10-17 11:00:00
103,103,43.56549666666667,10.304723333333332,2023-10-17 11:21:45.318991852,4.6,2023-10-17 11:15:00
103,103,43.56760333333333,10.307065,2023-10-18 06:06:36.834432542,3.5,2023-10-18 06:00:00
103,103,43.54870666666667,10.291363333333331,2023-10-18 06:20:27.718597758,5.0,2023-10-18 06:15:00
103,103,43.50075,10.176645,2023-10-18 07:01:27.118335956,10.2,2023-10-18 07:00:00
104,104,43.56412,10.302966666666666,2023-10-25 10:37:20.173011149,4.8,2023-10-25 10:30:00
104,104,43.53929,10.283356666666666,2023-10-25 11:01:02.186519321,4.9,2023-10-25 11:00:00
104,104,43.50207666666667,10.182886666666668,2023-10-25 11:33:36.315368397,11.9,2023-10-25 11:30:00
104,104,43.50069333333333,10.125271666666666,2023-10-25 11:46:10.539450204,11.8,2023-10-25 11:45:00
105,105,43.49440666666667,10.227886666666668,2023-10-05 17:44:56.239945829,6.7,2023-10-05 17:45:00
105,105,43.49937333333333,10.23336,2023-10-05 17:48:34.282270197,5.9,2023-10-05 17:45:00
105,105,43.513086666666666,10.25419,2023-10-05 18:34:15.726187309,0.7,2023-10-05 18:30:00
105,105,43.56428,10.303135,2023-10-05 19:14:55.672671484,5.9,2023-10-05 19:15:00
106,106,43.507421666666666,10.182331666666666,2023-10-18 18:35:14.250027989,11.6,2023-10-18 18:30:00
106,106,43.52782833333333,10.2586,2023-10-18 18:54:45.041889092,8.1,2023-10-18 19:00:00
106,106,43.571133333333336,10.31164,2023-10-18 19:32:32.693038474,2.8,2023-10-18 19:30:00
106,106,43.57735666666667,10.316523333333333,2023-10-18 19:47:25.438020662,0.7,2023-10-18 19:45:00
106,106,43.57780666666667,10.316545,2023-10-19 04:16:25.612637040,0.1,2023-10-19 04:15:00
106,106,43.575135,10.30981,2023-10-20 01:24:35.665579768,0.1,2023-10-20 01:30:00
106,106,43.57511833333333,10.309808333333333,2023-10-20 19:18:34.538769350,0.1,2023-10-20 19:15:00
106,106,43.57513166666667,10.30982,2023-10-20 21:09:33.707927155,0.1,2023-10-20 21:15:00
106,106,43.57514166666667,10.30982,2023-10-20 23:27:36.051752338,0.1,2023-10-20 23:30:00
106,106,43.57512666666666,10.30984,2023-10-21 04:18:33.473600039,0.1,2023-10-21 04:15:00
106,106,43.55149666666667,10.291718333333334,2023-10-21 06:39:27.835315187,4.3,2023-10-21 06:45:00
106,106,43.54234,10.291296666666666,2023-10-21 06:45:47.515703668,5.2,2023-10-21 06:45:00
106,106,43.43655,10.167683333333336,2023-10-21 07:36:45.834332714,11.5,2023-10-21 07:30:00
106,106,43.40803666666667,10.15424,2023-10-21 07:46:17.438462864,11.6,2023-10-21 07:45:00
106,106,43.417595,10.122221666666666,2023-10-28 17:41:41.421938412,5.5,2023-10-28 17:45:00
106,106,43.43052333333333,10.141113333333331,2023-10-28 17:53:20.853080894,5.9,2023-10-28 18:00:00
106,106,43.47952166666666,10.20757,2023-10-28 18:33:22.137634667,5.3,2023-10-28 18:30:00
106,106,43.49277333333334,10.226995,2023-10-28 18:46:30.062248571,5.4,2023-10-28 18:45:00
106,106,43.57840166666666,10.317391666666667,2023-10-28 19:42:10.632124947,2.2,2023-10-28 19:45:00
106,106,43.57922333333333,10.317128333333333,2023-10-28 19:47:42.429091644,0.5,2023-10-28 19:45:00
106,106,43.57905,10.316961666666666,2023-10-29 00:23:11.370671657,0.1,2023-10-29 00:30:00
106,106,43.57906333333334,10.316993333333333,2023-10-29 03:59:11.305346358,0.1,2023-10-29 04:00:00
106,106,43.579075,10.316978333333331,2023-10-29 07:56:10.069557527,0.1,2023-10-29 08:00:00
106,106,43.57904333333333,10.316991666666668,2023-10-29 09:35:11.514541577,0.1,2023-10-29 09:30:00
106,106,43.57906666666667,10.316983333333331,2023-10-29 16:17:10.767955263,0.1,2023-10-29 16:15:00
106,106,43.57904333333333,10.316998333333334,2023-10-29 17:14:11.338536437,0.2,2023-10-29 17:15:00
106,106,43.579085,10.317013333333334,2023-10-29 17:23:13.136386723,0.1,2023-10-29 17:30:00
106,106,43.57904,10.317,2023-10-29 18:26:10.412794625,0.1,2023-10-29 18:30:00
106,106,43.579035,10.316963333333332,2023-10-29 18:47:11.810710078,0.1,2023-10-29 18:45:00
106,106,43.54619666666667,10.291311666666669,2023-10-29 20:03:39.617233842,9.6,2023-10-29 20:00:00
106,106,43.524705,10.234181666666666,2023-10-29 20:21:30.286779211,10.4,2023-10-29 20:15:00
106,106,43.40373833333333,10.26098,2023-10-29 21:08:12.602412304,9.8,2023-10-29 21:15:00
107,107,43.45469666666667,10.17115,2023-10-26 11:23:03.148871619,9.8,2023-10-26 11:30:00
107,107,43.50996,10.244685,2023-10-26 12:12:03.260472025,3.4,2023-10-26 12:15:00
107,107,43.52719833333333,10.263881666666666,2023-10-26 12:44:42.953228545,1.2,2023-10-26 12:45:00
107,107,43.530636666666666,10.269871666666669,2023-10-26 12:57:26.099048882,3.7,2023-10-26 13:00:00
107,107,43.5574,10.294198333333332,2023-10-26 13:15:53.383857900,6.5,2023-10-26 13:15:00
107,107,43.575741666666666,10.305871666666668,2023-10-26 13:46:53.689889333,0.8,2023-10-26 13:45:00
107,107,43.56767166666667,10.30707,2023-10-29 13:18:07.229903573,3.3,2023-10-29 13:15:00
107,107,43.52283333333333,10.232518333333331,2023-10-29 14:03:58.367077863,12.2,2023-10-29 14:00:00
107,107,43.478901666666665,10.12162,2023-10-29 14:25:51.287634841,15.5,2023-10-29 14:30:00
108,108,43.41158333333333,10.26465,2023-10-17 20:11:51.245441204,1.2,2023-10-17 20:15:00
108,108,43.41525,10.271483333333332,2023-10-17 20:44:03.631543115,0.3,2023-10-17 20:45:00
108,108,43.41543333333333,10.271383333333334,2023-10-17 20:45:03.374378213,0.3,2023-10-17 20:45:00
108,108,43.42658333333333,10.26325,2023-10-17 21:44:52.780960182,7.4,2023-10-17 21:45:00
108,108,43.42888333333334,10.2629,2023-10-17 21:45:52.103914919,8.2,2023-10-17 21:45:00
108,108,43.480133333333335,10.242766666666666,2023-10-17 22:29:34.596329872,0.9,2023-10-17 22:30:00
108,108,43.48153333333333,10.229816666666666,2023-10-17 22:56:23.145347611,1.3,2023-10-17 23:00:00
108,108,43.50031666666666,10.23285,2023-10-17 23:44:32.925868257,5.2,2023-10-17 23:45:00
108,108,43.50773333333333,10.240483333333334,2023-10-17 23:55:24.044167484,2.3,2023-10-18 00:00:00
108,108,43.54085,10.288283333333334,2023-10-18 00:41:42.821819546,8.1,2023-10-18 00:45:00
108,108,43.57035,10.306033333333334,2023-10-18 01:02:22.181322600,4.7,2023-10-18 01:00:00
108,108,43.57899999999999,10.305566666666666,2023-10-18 11:59:23.860108241,0.3,2023-10-18 12:00:00
108,108,43.56688333333333,10.306133333333332,2023-10-18 12:16:47.536994467,3.2,2023-10-18 12:15:00
108,108,43.52596666666667,10.2409,2023-10-18 12:59:46.166508486,8.6,2023-10-18 13:00:00
108,108,43.50551666666667,10.182033333333331,2023-10-18 13:16:15.603946328,12.9,2023-10-18 13:15:00
109,109,43.538755,10.28107,2023-10-16 20:42:39.737028709,5.6,2023-10-16 20:45:00
109,109,43.52573666666667,10.233776666666667,2023-10-16 21:01:07.411185281,7.7,2023-10-16 21:00:00
109,109,43.50814666666667,10.176041666666666,2023-10-16 21:21:58.183019452,7.8,2023-10-16 21:15:00
110,110,43.42120333333333,10.274338333333333,2023-10-28 09:29:16.655168102,11.3,2023-10-28 09:30:00
110,110,43.38901,10.183126666666668,2023-10-29 05:07:18.661567045,1.8,2023-10-29 05:00:00
110,110,43.39852333333333,10.186073333333333,2023-10-29 05:27:09.777584819,1.7,2023-10-29 05:30:00
110,110,43.41000833333333,10.181518333333337,2023-10-29 06:00:33.718159353,4.9,2023-10-29 06:00:00
110,110,43.47750666666666,10.212353333333336,2023-10-29 06:22:49.442772571,14.5,2023-10-29 06:30:00
110,110,43.538671666666666,10.284936666666663,2023-10-29 06:49:36.201130388,9.2,2023-10-29 06:45:00
110,110,43.578285,10.305415,2023-10-29 07:21:26.393261203,0.5,2023-10-29 07:15:00
111,111,43.49308833333334,10.296198333333331,2023-10-25 08:31:13.629988844,0.2,2023-10-25 08:30:00
111,111,43.493545000000005,10.295793333333334,2023-10-25 09:10:18.617656894,0.1,2023-10-25 09:15:00
111,111,43.493635000000005,10.295691666666666,2023-10-25 09:34:18.808004174,0.2,2023-10-25 09:30:00
111,111,43.49382166666667,10.295516666666666,2023-10-25 09:49:21.849858234,0.1,2023-10-25 09:45:00
111,111,43.49333166666667,10.294616666666666,2023-10-25 10:31:14.255545798,0.3,2023-10-25 10:30:00
111,111,43.492581666666666,10.272588333333337,2023-10-25 11:00:51.880407555,6.2,2023-10-25 11:00:00
111,111,43.53431333333333,10.273286666666667,2023-10-25 11:33:51.836598654,9.5,2023-10-25 11:30:00
111,111,43.56859333333333,10.307821666666666,2023-10-25 12:02:48.080775300,1.5,2023-10-25 12:00:00
111,111,43.58257,10.319325,2023-10-25 12:32:40.886125848,0.1,2023-10-25 12:30:00
111,111,43.561886666666666,10.299978333333334,2023-10-28 09:00:58.283286572,6.2,2023-10-28 09:00:00
111,111,43.50312,10.228568333333332,2023-10-28 09:43:59.711343889,9.9,2023-10-28 09:45:00
111,111,43.510711666666666,10.244546666666668,2023-10-28 09:50:55.803249067,7.2,2023-10-28 09:45:00
111,111,43.47127666666667,10.187665,2023-10-28 10:33:10.077765844,8.2,2023-10-28 10:30:00
111,111,43.404095,10.141215,2023-10-28 10:58:49.527817098,10.8,2023-10-28 11:00:00
112,112,43.43981833333333,10.137683333333332,2023-10-18 13:10:14.167419462,4.7,2023-10-18 13:15:00
112,112,43.44414833333334,10.14265,2023-10-18 13:15:44.274142205,2.7,2023-10-18 13:15:00
112,112,43.47518166666667,10.175785,2023-10-18 14:02:25.439152172,6.1,2023-10-18 14:00:00
112,112,43.48910833333333,10.205996666666666,2023-10-18 14:18:26.613367372,5.6,2023-10-18 14:15:00
112,112,43.513090000000005,10.246768333333334,2023-10-18 14:51:16.040666412,1.4,2023-10-18 14:45:00
112,112,43.53084333333334,10.272373333333332,2023-10-18 15:28:24.202940175,6.2,2023-10-18 15:30:00
112,112,43.56789333333334,10.306755,2023-10-18 15:53:21.320511900,5.4,2023-10-18 16:00:00
112,112,43.57509666666667,10.305391666666669,2023-10-21 11:48:04.444765783,3.2,2023-10-21 11:45:00
112,112,43.531525,10.252005,2023-10-21 12:31:05.544466522,10.1,2023-10-21 12:30:00
112,112,43.4548,10.135845,2023-10-21 13:01:31.554663317,16.5,2023-10-21 13:00:00
113,113,43.39351666666666,10.193016666666669,2023-10-21 09:10:11.090799210,11.4,2023-10-21 09:15:00
113,113,43.45,10.2021,2023-10-21 09:31:00.991835128,3.9,2023-10-21 09:30:00
113,113,43.45763333333333,10.195316666666669,2023-10-21 09:45:02.200726802,2.8,2023-10-21 09:45:00
113,113,43.50735,10.242833333333332,2023-10-21 10:35:52.852331268,4.1,2023-10-21 10:30:00
113,113,43.52686666666667,10.267033333333334,2023-10-21 10:55:03.460288230,5.1,2023-10-21 11:00:00
113,113,43.560233333333336,10.297783333333332,2023-10-21 11:18:43.311115464,5.8,2023-10-21 11:15:00
113,113,43.576816666666666,10.31625,2023-10-21 11:48:33.280073871,0.4,2023-10-21 11:45:00
113,113,43.57698333333334,10.316233333333336,2023-10-21 12:35:08.164189710,0.2,2023-10-21 12:30:00
113,113,43.577,10.316233333333336,2023-10-21 13:02:06.451219073,0.1,2023-10-21 13:00:00
113,113,43.577,10.316233333333336,2023-10-21 13:17:07.338230700,0.1,2023-10-21 13:15:00
113,113,43.577,10.3162,2023-10-21 13:50:10.098826488,0.2,2023-10-21 13:45:00
113,113,43.57698333333334,10.316233333333336,2023-10-21 14:26:07.426405983,0.1,2023-10-21 14:30:00
113,113,43.577,10.316233333333336,2023-10-21 15:35:08.113241886,0.3,2023-10-21 15:30:00
113,113,43.57696666666666,10.316233333333336,2023-10-21 16:05:06.333178154,0.1,2023-10-21 16:00:00
113,113,43.577,10.316216666666666,2023-10-21 16:29:07.953596813,0.2,2023-10-21 16:30:00
113,113,43.57696666666666,10.3162,2023-10-21 16:47:06.817486629,0.1,2023-10-21 16:45:00
113,113,43.57,10.31055,2023-10-21 17:43:38.287696357,6.4,2023-10-21 17:45:00
113,113,43.54031666666666,10.2834,2023-10-21 18:06:39.759098179,5.6,2023-10-21 18:00:00
113,113,43.50393333333333,10.20505,2023-10-21 18:30:59.223250824,10.6,2023-10-21 18:30:00
113,113,43.43391666666666,10.182533333333334,2023-10-21 18:55:59.838252501,10.3,2023-10-21 19:00:00
114,114,43.411386666666665,10.18587,2023-10-13 06:53:39.562813857,17.3,2023-10-13 07:00:00
114,114,43.53647,10.278635,2023-10-13 07:43:21.558923961,2.5,2023-10-13 07:45:00
114,114,43.56252833333333,10.30062,2023-10-13 08:08:03.080508823,5.3,2023-10-13 08:15:00
114,114,43.57069166666667,10.306635,2023-10-13 08:20:41.991433310,1.2,2023-10-13 08:15:00
114,114,43.57615166666667,10.305841666666668,2023-10-14 16:26:45.320741383,1.2,2023-10-14 16:30:00
114,114,43.54208833333333,10.290486666666668,2023-10-14 17:07:34.961880406,3.9,2023-10-14 17:15:00
114,114,43.5166,10.208921666666669,2023-10-14 17:44:55.544907406,7.0,2023-10-14 17:45:00
114,114,43.51648166666666,10.208555,2023-10-14 17:45:05.737242000,6.9,2023-10-14 17:45:00
114,114,43.50870166666667,10.130303333333334,2023-10-14 18:15:35.777543314,7.0,2023-10-14 18:15:00
115,115,43.54616166666666,10.291328333333333,2023-10-11 16:14:28.632369479,6.2,2023-10-11 16:15:00
115,115,43.537670000000006,10.27704,2023-10-11 16:24:17.060935612,6.4,2023-10-11 16:30:00
115,115,43.49628,10.141728333333331,2023-10-11 17:02:26.128415622,9.9,2023-10-11 17:00:00
116,116,43.413466666666665,10.18739,2023-10-28 04:13:52.333864418,11.6,2023-10-28 04:15:00
116,116,43.471585,10.197601666666666,2023-10-28 04:34:22.292656445,10.1,2023-10-28 04:30:00
116,116,43.429025,10.187231666666666,2023-10-28 05:11:21.767900797,7.1,2023-10-28 05:15:00
116,116,43.38736166666667,10.162638333333332,2023-10-28 05:35:48.216833441,4.5,2023-10-28 05:30:00
116,116,43.47912,10.160593333333331,2023-10-28 14:09:33.344228005,7.2,2023-10-28 14:15:00
116,116,43.502098333333336,10.214656666666666,2023-10-28 14:36:13.627511256,7.1,2023-10-28 14:30:00
116,116,43.500005,10.248211666666666,2023-10-28 15:04:53.195348642,5.2,2023-10-28 15:00:00
116,116,43.486115000000005,10.24365,2023-10-28 15:17:32.823228453,3.8,2023-10-28 15:15:00
116,116,43.47116333333334,10.23295,2023-10-28 16:04:52.566926032,3.9,2023-10-28 16:00:00
116,116,43.496205,10.244656666666666,2023-10-28 16:22:03.336626489,5.5,2023-10-28 16:15:00
116,116,43.543925,10.291046666666666,2023-10-28 16:51:29.545117055,7.2,2023-10-28 16:45:00
116,116,43.57901833333334,10.305873333333333,2023-10-28 18:34:08.035080448,0.1,2023-10-28 18:30:00
116,116,43.57907333333333,10.305808333333331,2023-10-28 22:19:07.251734691,0.2,2023-10-28 22:15:00
116,116,43.538945,10.282766666666667,2023-10-28 22:58:39.202194536,5.9,2023-10-28 23:00:00
116,116,43.46489333333333,10.140448333333334,2023-10-28 23:38:30.102806195,16.0,2023-10-28 23:45:00
117,117,43.556455,10.29706,2023-10-16 10:58:38.250637455,0.1,2023-10-16 11:00:00
117,117,43.556448333333336,10.297063333333334,2023-10-16 12:19:40.753277085,0.1,2023-10-16 12:15:00
117,117,43.55622,10.297293333333332,2023-10-16 18:28:30.488476118,0.6,2023-10-16 18:30:00
117,117,43.53638166666666,10.273191666666666,2023-10-16 18:54:32.148695638,8.0,2023-10-16 19:00:00
117,117,43.50543,10.217568333333332,2023-10-16 19:17:01.966631541,8.5,2023-10-16 19:15:00
117,117,43.40583333333333,10.176906666666667,2023-10-16 20:01:19.822542549,8.4,2023-10-16 20:00:00
118,118,43.546575,10.295203333333337,2023-10-05 17:24:37.282624378,0.1,2023-10-05 17:30:00
118,118,43.54638666666666,10.29502,2023-10-05 17:49:12.751796109,0.1,2023-10-05 17:45:00
118,118,43.54634166666666,10.295056666666666,2023-10-05 18:25:12.666212188,0.1,2023-10-05 18:30:00
119,119,43.44473666666667,10.27988,2023-10-28 19:42:47.099038069,6.2,2023-10-28 19:45:00
119,119,43.46497333333333,10.301153333333334,2023-10-28 20:01:25.787781772,2.7,2023-10-28 20:00:00
119,119,43.475805,10.299695000000002,2023-10-28 20:32:51.536844505,0.4,2023-10-28 20:30:00
119,119,43.47571000000001,10.299523333333331,2023-10-28 21:14:51.921197060,0.2,2023-10-28 21:15:00
119,119,43.475678333333335,10.299433333333331,2023-10-28 22:11:49.905506784,0.1,2023-10-28 22:15:00
119,119,43.47579833333334,10.299163333333333,2023-10-28 22:47:50.709124126,0.1,2023-10-28 22:45:00
119,119,43.47595333333334,10.299056666666669,2023-10-28 23:38:49.525815213,0.1,2023-10-28 23:45:00
119,119,43.47591333333333,10.29888,2023-10-29 00:23:50.510736260,0.1,2023-10-29 00:30:00
119,119,43.47613166666667,10.298418333333332,2023-10-29 00:47:52.187314806,0.1,2023-10-29 00:45:00
119,119,43.476295,10.298143333333334,2023-10-29 01:32:50.035415401,0.1,2023-10-29 01:30:00
119,119,43.476445,10.297486666666666,2023-10-29 02:53:51.102638959,0.1,2023-10-29 03:00:00
119,119,43.47643666666667,10.297005,2023-10-29 03:44:51.810309590,0.1,2023-10-29 03:45:00
119,119,43.47641166666666,10.29684,2023-10-29 04:59:51.476667593,0.2,2023-10-29 05:00:00
119,119,43.47635833333333,10.296041666666667,2023-10-29 06:59:50.209128429,0.1,2023-10-29 07:00:00
119,119,43.47654166666667,10.29683,2023-10-29 07:20:49.696413959,0.1,2023-10-29 07:15:00
119,119,43.476545,10.296463333333332,2023-10-29 07:56:51.076517068,0.1,2023-10-29 08:00:00
119,119,43.476505,10.296591666666666,2023-10-29 08:26:52.050177795,0.1,2023-10-29 08:30:00
119,119,43.47672,10.297411666666669,2023-10-29 08:59:50.271109478,0.1,2023-10-29 09:00:00
119,119,43.47668166666666,10.297768333333332,2023-10-29 09:35:51.430816288,0.3,2023-10-29 09:30:00
119,119,43.476708333333335,10.297371666666669,2023-10-29 10:14:50.882263928,0.2,2023-10-29 10:15:00
119,119,43.47671166666667,10.297421666666668,2023-10-29 10:38:51.686702717,0.1,2023-10-29 10:45:00
119,119,43.47666666666667,10.29745,2023-10-29 11:05:51.525418334,0.1,2023-10-29 11:00:00
119,119,43.47668333333333,10.297551666666669,2023-10-29 11:29:52.563319142,0.3,2023-10-29 11:30:00
119,119,43.47668166666666,10.297841666666669,2023-10-29 11:47:52.118987083,0.1,2023-10-29 11:45:00
119,119,43.476725,10.297525,2023-10-29 12:44:50.327353108,0.2,2023-10-29 12:45:00
119,119,43.47674166666666,10.29755,2023-10-29 13:05:55.360189172,0.2,2023-10-29 13:00:00
119,119,43.476713333333336,10.297208333333334,2023-10-29 13:17:51.677770572,0.1,2023-10-29 13:15:00
119,119,43.47672833333333,10.297271666666669,2023-10-29 14:02:50.238262050,0.1,2023-10-29 14:00:00
119,119,43.476715,10.297615,2023-10-29 14:29:49.007571670,0.2,2023-10-29 14:30:00
119,119,43.476725,10.297776666666666,2023-10-29 14:50:49.852190266,0.1,2023-10-29 14:45:00
119,119,43.47669833333334,10.297501666666667,2023-10-29 15:44:49.209399896,0.2,2023-10-29 15:45:00
119,119,43.476713333333336,10.29782,2023-10-29 15:47:50.698598542,0.3,2023-10-29 15:45:00
119,119,43.47663166666667,10.297713333333332,2023-10-29 16:38:50.434766178,0.2,2023-10-29 16:45:00
119,119,43.47660666666666,10.297795,2023-10-29 16:50:51.934657962,0.4,2023-10-29 16:45:00
119,119,43.47665166666666,10.297508333333331,2023-10-29 17:23:53.350564864,0.3,2023-10-29 17:30:00
119,119,43.47673666666667,10.29772,2023-10-29 18:02:52.112902078,0.2,2023-10-29 18:00:00
119,119,43.476745,10.296911666666666,2023-10-29 18:38:54.359887766,0.2,2023-10-29 18:45:00
119,119,43.476715,10.297521666666666,2023-10-29 19:02:52.092636568,0.1,2023-10-29 19:00:00
119,119,43.476695,10.297348333333334,2023-10-29 20:02:49.792542383,0.4,2023-10-29 20:00:00
119,119,43.47658,10.296851666666669,2023-10-29 20:20:51.651896963,0.1,2023-10-29 20:15:00
119,119,43.47683,10.29702,2023-10-29 21:08:55.198679832,0.4,2023-10-29 21:15:00
119,119,43.47675166666667,10.296753333333331,2023-10-29 21:41:50.761142324,0.1,2023-10-29 21:45:00
119,119,43.47682333333333,10.29655,2023-10-29 22:02:50.170988616,0.1,2023-10-29 22:00:00
119,119,43.47669,10.296186666666667,2023-10-29 22:20:49.278549182,0.1,2023-10-29 22:15:00
119,119,43.476753333333335,10.296056666666669,2023-10-29 22:56:49.638945204,0.3,2023-10-29 23:00:00
119,119,43.47680833333333,10.296146666666669,2023-10-29 23:41:51.613959029,0.3,2023-10-29 23:45:00
119,119,43.47674833333333,10.295873333333333,2023-10-30 00:11:49.478420290,0.5,2023-10-30 00:15:00
119,119,43.47669,10.29544,2023-10-30 00:38:52.484381631,0.1,2023-10-30 00:45:00
119,119,43.47687166666666,10.296311666666666,2023-10-30 01:02:49.863594336,0.5,2023-10-30 01:00:00
119,119,43.47674,10.295443333333331,2023-10-30 07:59:50.675380664,0.1,2023-10-30 08:00:00
119,119,43.47671666666667,10.295406666666668,2023-10-30 08:44:52.662728925,0.1,2023-10-30 08:45:00
119,119,43.47671,10.295425,2023-10-30 09:14:51.107982360,0.1,2023-10-30 09:15:00
119,119,43.476615,10.295196666666667,2023-10-30 09:38:52.927532945,0.2,2023-10-30 09:45:00
119,119,43.47670166666667,10.29545,2023-10-30 09:50:52.492248249,0.4,2023-10-30 09:45:00
119,119,43.476686666666666,10.295271666666668,2023-10-30 10:32:50.366931860,0.4,2023-10-30 10:30:00
119,119,43.47684666666667,10.295876666666668,2023-10-30 11:08:49.592720972,0.1,2023-10-30 11:15:00
119,119,43.476668333333336,10.29529,2023-10-30 11:26:49.108519362,0.1,2023-10-30 11:30:00
119,119,43.47648166666667,10.295183333333334,2023-10-30 12:08:51.515451779,0.4,2023-10-30 12:15:00
119,119,43.477471666666666,10.295126666666668,2023-10-30 12:44:50.983002635,0.5,2023-10-30 12:45:00
119,119,43.47747666666667,10.295068333333337,2023-10-30 13:17:52.486471708,0.2,2023-10-30 13:15:00
119,119,43.477471666666666,10.295265,2023-10-30 13:50:51.684724154,0.1,2023-10-30 13:45:00
119,119,43.477340000000005,10.294853333333332,2023-10-30 14:23:53.205193394,0.6,2023-10-30 14:30:00
119,119,43.477505,10.295403333333333,2023-10-30 14:47:50.075090254,0.4,2023-10-30 14:45:00
119,119,43.47736166666667,10.295115,2023-10-30 15:17:50.450436086,0.5,2023-10-30 15:15:00
119,119,43.477335,10.294833333333337,2023-10-30 15:47:50.904938226,0.1,2023-10-30 15:45:00
119,119,43.47745833333333,10.295095,2023-10-30 16:32:51.556862897,0.1,2023-10-30 16:30:00
119,119,43.47745833333333,10.295156666666664,2023-10-30 17:14:50.867048769,0.1,2023-10-30 17:15:00
119,119,43.47737666666667,10.294928333333331,2023-10-30 17:23:49.331375370,0.3,2023-10-30 17:30:00
119,119,43.47744,10.295095,2023-10-30 17:59:53.502694439,0.4,2023-10-30 18:00:00
119,119,43.47739333333333,10.294958333333334,2023-10-30 18:26:52.056643685,0.1,2023-10-30 18:30:00
119,119,43.477493333333335,10.295263333333333,2023-10-30 18:50:50.776080548,0.1,2023-10-30 18:45:00
119,119,43.477515,10.296636666666666,2023-10-30 19:41:52.375723559,0.2,2023-10-30 19:45:00
119,119,43.477426666666666,10.297223333333331,2023-10-30 19:59:52.286288442,0.1,2023-10-30 20:00:00
119,119,43.47701833333333,10.297859999999998,2023-10-30 20:23:52.251756222,0.4,2023-10-30 20:30:00
119,119,43.47689,10.298541666666669,2023-10-30 21:02:52.926946716,0.6,2023-10-30 21:00:00
119,119,43.47611,10.299275,2023-10-30 21:32:50.790754386,0.4,2023-10-30 21:30:00
119,119,43.47665,10.29893,2023-10-30 22:11:51.529651869,0.5,2023-10-30 22:15:00
119,119,43.476505,10.298918333333337,2023-10-30 22:17:53.532680189,0.5,2023-10-30 22:15:00
119,119,43.47613,10.29933,2023-10-30 22:56:51.153055863,0.3,2023-10-30 23:00:00
119,119,43.47659833333333,10.298926666666668,2023-10-30 23:41:50.385775290,0.2,2023-10-30 23:45:00
120,120,43.39122,10.178125,2023-10-17 06:14:34.440719578,8.3,2023-10-17 06:15:00
120,120,43.398805,10.182481666666666,2023-10-17 06:17:42.722731067,10.1,2023-10-17 06:15:00
120,120,43.517165,10.253943333333332,2023-10-17 07:07:22.132337557,5.6,2023-10-17 07:00:00
120,120,43.54929,10.290933333333331,2023-10-17 07:35:17.434138069,3.7,2023-10-17 07:30:00
120,120,43.555985,10.29667,2023-10-17 07:50:42.833113576,0.5,2023-10-17 07:45:00
120,120,43.55596,10.297178333333331,2023-10-20 10:58:42.940178146,1.6,2023-10-20 11:00:00
120,120,43.54871833333333,10.291481666666666,2023-10-20 11:15:32.315692358,5.0,2023-10-20 11:15:00
120,120,43.48570166666666,10.178091666666669,2023-10-20 11:58:53.158234614,12.3,2023-10-20 12:00:00
120,120,43.397288333333336,10.12964,2023-10-20 12:26:45.293827698,13.3,2023-10-20 12:30:00
121,121,43.56975,10.3071,2023-10-13 14:21:21.803211136,1.6,2023-10-13 14:15:00
121,121,43.52633333333333,10.240716666666666,2023-10-13 15:09:15.988114060,9.4,2023-10-13 15:15:00
121,121,43.51165,10.197933333333332,2023-10-13 15:18:57.593402325,14.9,2023-10-13 15:15:00
122,122,43.57878,10.305758333333332,2023-10-01 03:07:52.599048091,0.1,2023-10-01 03:15:00
122,122,43.578790000000005,10.305796666666668,2023-10-01 03:43:52.555676669,0.1,2023-10-01 03:45:00
122,122,43.578745000000005,10.30576,2023-10-01 07:40:52.597025718,0.1,2023-10-01 07:45:00
122,122,43.578815,10.305793333333334,2023-10-01 08:01:52.556219122,0.1,2023-10-01 08:00:00
122,122,43.57880333333333,10.305686666666666,2023-10-01 09:13:52.576377182,0.1,2023-10-01 09:15:00
122,122,43.578808333333335,10.305791666666666,2023-10-01 09:28:52.538343384,0.1,2023-10-01 09:30:00
122,122,43.578825,10.305753333333334,2023-10-01 10:13:52.629353052,0.1,2023-10-01 10:15:00
122,122,43.578786666666666,10.305766666666669,2023-10-01 10:31:52.580054556,0.1,2023-10-01 10:30:00
122,122,43.57880166666666,10.30576,2023-10-01 12:16:52.578939977,0.1,2023-10-01 12:15:00
122,122,43.578805,10.305763333333337,2023-10-01 15:34:52.546272306,0.1,2023-10-01 15:30:00
122,122,43.57881,10.305748333333334,2023-10-01 15:58:52.564064793,0.1,2023-10-01 16:00:00
122,122,43.57876666666667,10.305811666666669,2023-10-01 19:43:52.573460417,0.1,2023-10-01 19:45:00
122,122,43.57887333333333,10.305693333333332,2023-10-01 22:25:52.575046792,0.1,2023-10-01 22:30:00
122,122,43.578805,10.305798333333334,2023-10-01 23:10:52.613040750,0.1,2023-10-01 23:15:00
122,122,43.57878,10.30577,2023-10-02 01:04:52.563603410,0.1,2023-10-02 01:00:00
122,122,43.57876666666667,10.305786666666668,2023-10-02 02:37:52.580554973,0.1,2023-10-02 02:45:00
122,122,43.578805,10.30581,2023-10-02 05:44:19.564341679,0.1,2023-10-02 05:45:00
122,122,43.57879833333333,10.30577,2023-10-02 06:44:19.598415550,0.1,2023-10-02 06:45:00
122,122,43.57880333333333,10.305783333333332,2023-10-02 08:26:20.819376208,0.1,2023-10-02 08:30:00
122,122,43.57881333333333,10.305766666666669,2023-10-02 11:02:19.534247185,0.1,2023-10-02 11:00:00
122,122,43.578795,10.30577,2023-10-02 12:14:19.618795783,0.1,2023-10-02 12:15:00
122,122,43.578806666666665,10.305746666666666,2023-10-02 13:14:19.568032571,0.1,2023-10-02 13:15:00
122,122,43.57881333333333,10.305758333333332,2023-10-02 13:17:19.534692358,0.1,2023-10-02 13:15:00
122,122,43.57877666666666,10.305763333333337,2023-10-02 14:02:19.548925302,0.1,2023-10-02 14:00:00
122,122,43.578786666666666,10.305753333333334,2023-10-02 14:44:19.546097662,0.1,2023-10-02 14:45:00
122,122,43.57877333333333,10.305783333333332,2023-10-02 16:44:19.548611297,0.1,2023-10-02 16:45:00
122,122,43.56208333333333,10.300276666666669,2023-10-02 17:59:04.257916625,3.8,2023-10-02 18:00:00
122,122,43.55968833333333,10.299055,2023-10-02 20:33:43.111130786,0.1,2023-10-02 20:30:00
122,122,43.55971,10.299061666666669,2023-10-03 07:57:43.194659243,0.1,2023-10-03 08:00:00
122,122,43.5597,10.299053333333337,2023-10-03 10:12:43.140251489,0.1,2023-10-03 10:15:00
122,122,43.55972166666666,10.299051666666664,2023-10-03 10:33:43.135570882,0.1,2023-10-03 10:30:00
122,122,43.5597,10.299066666666668,2023-10-03 11:12:43.186918185,0.1,2023-10-03 11:15:00
122,122,43.559695000000005,10.298976666666666,2023-10-03 12:12:43.148129108,0.1,2023-10-03 12:15:00
122,122,43.55980666666667,10.298883333333333,2023-10-03 12:24:43.281597326,0.1,2023-10-03 12:30:00
122,122,43.559738333333335,10.299021666666668,2023-10-03 14:12:43.137197497,0.1,2023-10-03 14:15:00
122,122,43.559666666666665,10.299045,2023-10-03 15:12:42.484778331,0.1,2023-10-03 15:15:00
122,122,43.55632333333333,10.293656666666667,2023-10-03 19:09:34.204018499,3.4,2023-10-03 19:15:00
122,122,43.53113166666667,10.258675,2023-10-03 19:32:23.085714333,8.4,2023-10-03 19:30:00
122,122,43.50187833333334,10.189461666666666,2023-10-03 19:54:54.160329957,10.9,2023-10-03 20:00:00
123,123,43.46404833333334,10.214073333333332,2023-10-14 14:43:51.143835191,14.8,2023-10-14 14:45:00
123,123,43.51984,10.258251666666666,2023-10-14 15:05:17.258490236,8.0,2023-10-14 15:00:00
123,123,43.566518333333335,10.305978333333334,2023-10-14 15:37:05.628782301,4.1,2023-10-14 15:30:00
123,123,43.57752333333334,10.304108333333334,2023-10-14 17:45:20.029964357,0.1,2023-10-14 17:45:00
123,123,43.57745333333333,10.304131666666668,2023-10-14 18:33:20.170395810,0.1,2023-10-14 18:30:00
123,123,43.577891666666666,10.304093333333332,2023-10-14 20:00:20.055476012,0.1,2023-10-14 20:00:00
123,123,43.5776,10.304058333333334,2023-10-14 23:15:21.263681912,0.1,2023-10-14 23:15:00
123,123,43.57778833333334,10.304223333333336,2023-10-15 01:54:19.999239447,0.1,2023-10-15 02:00:00
123,123,43.57745333333333,10.304033333333331,2023-10-15 05:06:21.044028525,0.1,2023-10-15 05:00:00
123,123,43.577511666666666,10.304136666666666,2023-10-15 05:18:21.034408151,0.1,2023-10-15 05:15:00
123,123,43.57754,10.304056666666666,2023-10-15 08:21:23.734693202,0.1,2023-10-15 08:15:00
123,123,43.57754,10.304045,2023-10-15 09:12:20.193715421,0.1,2023-10-15 09:15:00
124,124,43.41812166666667,10.172991666666666,2023-10-29 08:14:03.037056168,12.2,2023-10-29 08:15:00
124,124,43.42362666666667,10.17852,2023-10-29 08:16:03.248994146,12.2,2023-10-29 08:15:00
124,124,43.50362333333333,10.239673333333334,2023-10-29 08:53:01.810491318,1.6,2023-10-29 09:00:00
124,124,43.53328833333333,10.278193333333332,2023-10-29 09:36:02.421511118,7.4,2023-10-29 09:30:00
124,124,43.57359333333333,10.30481,2023-10-29 10:13:12.504171821,0.5,2023-10-29 10:15:00
124,124,43.57373166666666,10.304695,2023-10-29 10:38:07.089160241,0.1,2023-10-29 10:45:00
124,124,43.573791666666665,10.304616666666668,2023-10-29 11:35:05.704236598,0.1,2023-10-29 11:30:00
124,124,43.57372333333333,10.304696666666668,2023-10-29 12:26:05.644409454,0.1,2023-10-29 12:30:00
124,124,43.57371833333333,10.304675,2023-10-29 14:02:08.028978666,0.1,2023-10-29 14:00:00
124,124,43.573715,10.304651666666668,2023-10-29 15:38:06.778518754,0.1,2023-10-29 15:45:00
124,124,43.573695,10.304725,2023-10-29 17:14:05.655243044,0.1,2023-10-29 17:15:00
124,124,43.57375,10.304663333333334,2023-10-29 21:08:07.685793611,0.1,2023-10-29 21:15:00
124,124,43.57373666666667,10.304665,2023-10-29 22:56:06.906061050,0.1,2023-10-29 23:00:00
124,124,43.57373,10.304651666666668,2023-10-30 00:17:06.731711380,0.1,2023-10-30 00:15:00
124,124,43.57373333333333,10.304673333333334,2023-10-30 09:38:05.612576836,0.1,2023-10-30 09:45:00
124,124,43.573706666666666,10.304716666666668,2023-10-30 09:47:05.622921930,0.1,2023-10-30 09:45:00
124,124,43.57371166666667,10.304705,2023-10-30 10:26:07.327410378,0.1,2023-10-30 10:30:00
124,124,43.573715,10.304698333333333,2023-10-30 13:17:05.632404522,0.1,2023-10-30 13:15:00
124,124,43.57375,10.304626666666667,2023-10-30 15:08:05.648127620,0.1,2023-10-30 15:15:00
124,124,43.57363,10.304746666666666,2023-10-30 18:50:05.614080376,0.1,2023-10-30 18:45:00
124,124,43.57372166666666,10.304695,2023-10-30 19:32:05.834941850,0.1,2023-10-30 19:30:00
124,124,43.57367166666667,10.30472,2023-10-30 20:02:05.668367245,0.1,2023-10-30 20:00:00
124,124,43.573753333333336,10.304673333333334,2023-10-30 20:23:05.624185016,0.1,2023-10-30 20:30:00
124,124,43.573746666666665,10.304681666666664,2023-10-30 20:59:05.761799445,0.1,2023-10-30 21:00:00
125,125,43.559825,10.297156666666666,2023-10-01 06:44:11.271036955,2.6,2023-10-01 06:45:00
125,125,43.52677833333333,10.241923333333334,2023-10-01 07:14:02.085798851,8.9,2023-10-01 07:15:00
125,125,43.499541666666666,10.14061,2023-10-01 07:40:41.658963820,11.8,2023-10-01 07:45:00
126,126,43.43002833333333,10.153505,2023-10-13 19:08:27.189176749,10.0,2023-10-13 19:15:00
126,126,43.45238166666666,10.19756,2023-10-13 19:27:38.858505015,5.4,2023-10-13 19:30:00
126,126,43.47143833333334,10.254785,2023-10-13 20:00:46.144216208,5.0,2023-10-13 20:00:00
126,126,43.48388,10.28179,2023-10-13 20:22:17.263385962,2.8,2023-10-13 20:15:00
126,126,43.49668833333333,10.28661,2023-10-13 20:55:42.517077269,0.1,2023-10-13 21:00:00
126,126,43.497150000000005,10.285374999999998,2023-10-13 21:25:42.572212604,0.2,2023-10-13 21:30:00
126,126,43.49817333333333,10.285046666666666,2023-10-13 22:01:43.320016193,0.1,2023-10-13 22:00:00
126,126,43.49875166666666,10.285443333333337,2023-10-13 22:25:43.961370262,0.1,2023-10-13 22:30:00
126,126,43.499275,10.285908333333332,2023-10-13 23:31:42.594771322,0.1,2023-10-13 23:30:00
126,126,43.49922166666667,10.285688333333333,2023-10-13 23:58:44.278068103,0.1,2023-10-14 00:00:00
126,126,43.49951833333333,10.285741666666668,2023-10-14 01:10:44.234006216,0.1,2023-10-14 01:15:00
126,126,43.49966833333334,10.285705,2023-10-14 02:37:42.516783401,0.1,2023-10-14 02:45:00
126,126,43.49971,10.285481666666668,2023-10-14 02:52:42.818786323,0.1,2023-10-14 03:00:00
126,126,43.49933333333333,10.285423333333334,2023-10-14 04:01:42.533132853,0.1,2023-10-14 04:00:00
126,126,43.49942,10.2853,2023-10-14 04:19:43.732672793,0.1,2023-10-14 04:15:00
126,126,43.49931166666667,10.285013333333334,2023-10-14 05:07:42.533791348,0.1,2023-10-14 05:15:00
126,126,43.49910333333333,10.284981666666663,2023-10-14 05:16:42.523092888,0.1,2023-10-14 05:15:00
126,126,43.49921833333334,10.28492,2023-10-14 05:46:42.506224304,0.1,2023-10-14 05:45:00
126,126,43.49980666666667,10.286085000000002,2023-10-14 06:19:42.493102073,0.1,2023-10-14 06:15:00
126,126,43.499586666666666,10.286108333333337,2023-10-14 07:52:43.477789246,0.2,2023-10-14 08:00:00
126,126,43.499678333333335,10.285783333333336,2023-10-14 08:37:42.496598207,0.1,2023-10-14 08:45:00
126,126,43.499835,10.285815,2023-10-14 09:01:42.508211705,0.1,2023-10-14 09:00:00
126,126,43.499786666666665,10.285613333333334,2023-10-14 09:34:42.560799231,0.1,2023-10-14 09:30:00
126,126,43.49985,10.285948333333332,2023-10-14 10:34:42.497589954,0.1,2023-10-14 10:30:00
126,126,43.499946666666666,10.286323333333334,2023-10-14 11:04:42.501308917,0.1,2023-10-14 11:00:00
126,126,43.49991833333333,10.28636,2023-10-14 11:34:42.643308316,0.1,2023-10-14 11:30:00
126,126,43.49995333333333,10.286833333333334,2023-10-14 12:31:42.686092986,0.1,2023-10-14 12:30:00
126,126,43.499965,10.286735,2023-10-14 12:49:42.599719801,0.1,2023-10-14 12:45:00
126,126,43.49975,10.287773333333332,2023-10-14 13:28:43.038441138,0.1,2023-10-14 13:30:00
126,126,43.49921666666667,10.288545,2023-10-14 14:43:42.702375574,0.1,2023-10-14 14:45:00
126,126,43.49908666666667,10.288751666666666,2023-10-14 17:07:44.050892773,0.1,2023-10-14 17:15:00
126,126,43.49929166666666,10.288618333333334,2023-10-14 17:34:43.366716088,0.1,2023-10-14 17:30:00
126,126,43.498845,10.28896,2023-10-14 18:04:42.965982050,0.1,2023-10-14 18:00:00
126,126,43.498945000000006,10.288941666666666,2023-10-14 18:22:42.542127476,0.1,2023-10-14 18:30:00
126,126,43.49892333333333,10.288791666666668,2023-10-14 18:46:43.618256782,0.1,2023-10-14 18:45:00
126,126,43.49917166666667,10.288655,2023-10-14 20:01:42.510863315,0.1,2023-10-14 20:00:00
126,126,43.49904333333333,10.288798333333334,2023-10-14 20:40:42.521775787,0.1,2023-10-14 20:45:00
126,126,43.499451666666666,10.288388333333334,2023-10-14 21:07:44.344223308,0.2,2023-10-14 21:15:00
126,126,43.49928166666667,10.288488333333332,2023-10-14 21:52:42.527465213,0.1,2023-10-14 22:00:00
126,126,43.49997,10.287591666666666,2023-10-14 22:31:42.540584749,0.1,2023-10-14 22:30:00
126,126,43.500056666666666,10.287175,2023-10-14 22:52:42.515544080,0.1,2023-10-14 23:00:00
126,126,43.500315,10.287655,2023-10-14 23:40:44.175755819,0.4,2023-10-14 23:45:00
126,126,43.50029333333334,10.28795,2023-10-15 00:01:44.802642115,0.4,2023-10-15 00:00:00
126,126,43.5004,10.287558333333331,2023-10-15 01:22:44.579281028,0.3,2023-10-15 01:30:00
126,126,43.50013666666667,10.288793333333333,2023-10-15 02:01:43.219332296,0.5,2023-10-15 02:00:00
126,126,43.49978166666666,10.28944,2023-10-15 02:16:42.525837748,0.1,2023-10-15 02:15:00
126,126,43.49953333333334,10.289776666666668,2023-10-15 02:49:42.921753017,0.3,2023-10-15 02:45:00
126,126,43.49923166666667,10.290011666666668,2023-10-15 03:25:44.037437920,0.1,2023-10-15 03:30:00
126,126,43.49981666666667,10.289356666666666,2023-10-15 04:01:43.504380853,0.5,2023-10-15 04:00:00
126,126,43.499635,10.289513333333334,2023-10-15 04:19:43.157852279,0.5,2023-10-15 04:15:00
126,126,43.499575,10.289683333333333,2023-10-15 04:49:42.547602848,0.6,2023-10-15 04:45:00
126,126,43.49931333333333,10.290008333333333,2023-10-15 05:31:42.545000503,0.5,2023-10-15 05:30:00
126,126,43.49964833333333,10.289713333333331,2023-10-15 05:55:43.052808834,0.4,2023-10-15 06:00:00
126,126,43.499,10.290291666666668,2023-10-15 06:34:42.598496508,0.3,2023-10-15 06:30:00
126,126,43.49874666666666,10.290466666666669,2023-10-15 07:40:43.229295820,0.1,2023-10-15 07:45:00
126,126,43.49958,10.28993,2023-10-15 08:04:44.582311462,0.4,2023-10-15 08:00:00
126,126,43.49947333333333,10.290026666666668,2023-10-15 08:25:42.552517800,0.5,2023-10-15 08:30:00
126,126,43.49962833333333,10.289988333333334,2023-10-15 09:10:44.067604992,0.4,2023-10-15 09:15:00
126,126,43.49868,10.29063,2023-10-15 09:34:43.439835163,0.5,2023-10-15 09:30:00
126,126,43.49660666666667,10.285005,2023-10-16 09:13:42.527825952,0.1,2023-10-16 09:15:00
126,126,43.49652833333334,10.284996666666666,2023-10-16 09:55:42.528003092,0.2,2023-10-16 10:00:00
126,126,43.496805,10.28471,2023-10-16 10:58:42.565557009,0.3,2023-10-16 11:00:00
126,126,43.496811666666666,10.284656666666669,2023-10-16 11:34:42.509665663,0.2,2023-10-16 11:30:00
126,126,43.496555,10.284875,2023-10-16 12:31:42.529023834,0.1,2023-10-16 12:30:00
126,126,43.49637333333333,10.285151666666668,2023-10-16 12:46:42.516830709,0.1,2023-10-16 12:45:00
126,126,43.49645666666667,10.285083333333334,2023-10-16 13:58:42.502038191,0.3,2023-10-16 14:00:00
126,126,43.49664333333333,10.284921666666666,2023-10-16 14:43:43.671612234,0.1,2023-10-16 14:45:00
126,126,43.49686833333333,10.284641666666666,2023-10-16 14:55:42.624291033,0.2,2023-10-16 15:00:00
126,126,43.496478333333336,10.285055,2023-10-16 15:28:42.559039089,0.1,2023-10-16 15:30:00
126,126,43.49648333333334,10.285011666666666,2023-10-16 15:46:42.638587954,0.1,2023-10-16 15:45:00
126,126,43.49650333333333,10.285111666666667,2023-10-16 16:40:42.594545121,0.1,2023-10-16 16:45:00
126,126,43.496433333333336,10.285086666666666,2023-10-16 17:22:43.310566148,0.1,2023-10-16 17:30:00
126,126,43.49619,10.28536,2023-10-16 17:52:44.369097921,0.1,2023-10-16 18:00:00
126,126,43.49641333333333,10.28517,2023-10-16 18:28:42.534917050,0.1,2023-10-16 18:30:00
126,126,43.49644166666667,10.285186666666668,2023-10-16 18:55:43.499247731,0.1,2023-10-16 19:00:00
126,126,43.49643833333334,10.28512,2023-10-16 19:46:42.641209509,0.1,2023-10-16 19:45:00
126,126,43.49657333333334,10.284955,2023-10-16 20:25:45.587220251,0.1,2023-10-16 20:30:00
126,126,43.49675666666667,10.284816666666668,2023-10-16 21:10:44.772513539,0.2,2023-10-16 21:15:00
126,126,43.49693,10.284746666666669,2023-10-16 21:19:43.257013655,0.1,2023-10-16 21:15:00
126,126,43.49650666666666,10.284943333333333,2023-10-16 22:13:43.813149484,0.2,2023-10-16 22:15:00
126,126,43.49671,10.284833333333331,2023-10-16 23:40:44.872930444,0.2,2023-10-16 23:45:00
126,126,43.49677833333333,10.284745,2023-10-17 00:07:45.527340470,0.1,2023-10-17 00:15:00
126,126,43.49705666666667,10.284588333333334,2023-10-17 00:28:43.726576207,0.1,2023-10-17 00:30:00
126,126,43.49708666666667,10.284666666666668,2023-10-17 00:55:42.501316770,0.2,2023-10-17 01:00:00
126,126,43.496775,10.284716666666666,2023-10-17 01:25:42.645812413,0.1,2023-10-17 01:30:00
126,126,43.49680833333333,10.284758333333334,2023-10-17 02:01:43.075473774,0.1,2023-10-17 02:00:00
126,126,43.49674666666667,10.284818333333334,2023-10-17 02:19:44.302121608,0.1,2023-10-17 02:15:00
126,126,43.49680833333333,10.284768333333334,2023-10-17 03:25:42.842343175,0.1,2023-10-17 03:30:00
126,126,43.49678166666667,10.284786666666667,2023-10-17 04:01:42.491438510,0.1,2023-10-17 04:00:00
126,126,43.49678166666667,10.284793333333331,2023-10-17 04:52:42.541128459,0.1,2023-10-17 05:00:00
126,126,43.49684833333333,10.284766666666666,2023-10-17 06:04:42.492058526,0.1,2023-10-17 06:00:00
126,126,43.49686833333333,10.284713333333334,2023-10-17 06:37:42.565886105,0.1,2023-10-17 06:45:00
126,126,43.49699833333333,10.284561666666669,2023-10-17 07:34:42.503842359,0.1,2023-10-17 07:30:00
126,126,43.496541666666666,10.284983333333336,2023-10-17 08:31:43.407680301,0.1,2023-10-17 08:30:00
126,126,43.49660333333334,10.284908333333334,2023-10-17 08:46:44.321401683,0.1,2023-10-17 08:45:00
126,126,43.49632999999999,10.28522,2023-10-17 09:16:42.664489601,0.1,2023-10-17 09:15:00
126,126,43.496408333333335,10.285403333333331,2023-10-17 10:04:42.595261046,0.1,2023-10-17 10:00:00
126,126,43.496445,10.28529,2023-10-17 10:16:42.505119922,0.1,2023-10-17 10:15:00
126,126,43.49781333333333,10.28512,2023-10-17 11:34:42.516556537,0.2,2023-10-17 11:30:00
126,126,43.498736666666666,10.286295,2023-10-17 11:55:42.719179881,0.2,2023-10-17 12:00:00
126,126,43.498445,10.28833,2023-10-17 12:19:42.498174321,0.2,2023-10-17 12:15:00
126,126,43.497195000000005,10.288083333333333,2023-10-17 12:55:43.695377664,0.1,2023-10-17 13:00:00
126,126,43.51941166666666,10.262083333333331,2023-10-17 13:31:32.236824993,5.3,2023-10-17 13:30:00
126,126,43.54164166666667,10.290355,2023-10-17 13:51:31.858979886,3.6,2023-10-17 13:45:00
126,126,43.56121333333333,10.29702,2023-10-17 14:23:41.219917042,0.2,2023-10-17 14:30:00
126,126,43.56157,10.296748333333332,2023-10-17 17:59:36.496257010,0.1,2023-10-17 18:00:00
126,126,43.56169833333333,10.296753333333331,2023-10-17 21:08:35.961827171,0.1,2023-10-17 21:15:00
126,126,43.561535000000006,10.296735,2023-10-17 21:20:35.061139964,0.1,2023-10-17 21:15:00
126,126,43.56152,10.296721666666668,2023-10-18 01:02:37.938185477,0.1,2023-10-18 01:00:00
126,126,43.56154833333333,10.29675,2023-10-18 01:53:35.647894536,0.1,2023-10-18 02:00:00
126,126,43.56151333333333,10.29669,2023-10-18 05:50:36.554613824,0.1,2023-10-18 05:45:00
126,126,43.561575,10.296743333333334,2023-10-18 14:32:36.613098127,0.1,2023-10-18 14:30:00
126,126,43.56156333333333,10.296755,2023-10-18 15:53:37.649258819,0.1,2023-10-18 16:00:00
126,126,43.56157833333334,10.296778333333332,2023-10-18 17:44:37.295149921,0.1,2023-10-18 17:45:00
126,126,43.561515,10.29675,2023-10-18 19:32:36.026410582,0.1,2023-10-18 19:30:00
126,126,43.56148833333334,10.296728333333334,2023-10-18 21:17:36.628871775,0.1,2023-10-18 21:15:00
126,126,43.56154166666667,10.296785,2023-10-19 18:34:04.780593152,0.1,2023-10-19 18:30:00
126,126,43.561545,10.29675,2023-10-20 02:04:02.369789808,0.1,2023-10-20 02:00:00
126,126,43.56157,10.296775,2023-10-20 03:10:03.651967680,0.1,2023-10-20 03:15:00
126,126,43.56156666666666,10.296768333333334,2023-10-20 12:50:18.231235104,0.1,2023-10-20 12:45:00
126,126,43.56156666666666,10.296761666666669,2023-10-20 16:14:18.002665698,0.1,2023-10-20 16:15:00
126,126,43.561553333333336,10.296786666666666,2023-10-20 17:50:18.181657751,0.1,2023-10-20 17:45:00
126,126,43.54403166666667,10.291556666666668,2023-10-21 10:55:56.495254764,5.5,2023-10-21 11:00:00
126,126,43.52657833333333,10.240285,2023-10-21 11:18:57.562361774,9.9,2023-10-21 11:15:00
126,126,43.46884666666666,10.18944,2023-10-21 11:48:37.606182303,7.3,2023-10-21 11:45:00
126,126,43.40148333333333,10.175199999999998,2023-10-21 12:17:49.206222910,10.7,2023-10-21 12:15:00
127,127,43.556505,10.293281666666669,2023-10-10 12:32:34.279386286,0.6,2023-10-10 12:30:00
127,127,43.536276666666666,10.272996666666668,2023-10-10 12:56:27.245490988,7.5,2023-10-10 13:00:00
127,127,43.462716666666665,10.179765,2023-10-10 13:30:37.041113720,11.9,2023-10-10 13:30:00
128,128,43.57183333333333,10.30579,2023-10-17 06:17:57.803293355,3.6,2023-10-17 06:15:00
128,128,43.523678333333336,10.234578333333332,2023-10-17 07:06:55.918679904,11.0,2023-10-17 07:00:00
128,128,43.49623333333333,10.127631666666668,2023-10-17 07:26:37.836894920,18.5,2023-10-17 07:30:00
129,129,43.47034833333333,10.28166,2023-10-01 03:09:46.406714891,5.0,2023-10-01 03:15:00
129,129,43.50073833333333,10.209926666666666,2023-10-01 03:44:23.411992262,10.0,2023-10-01 03:45:00
129,129,43.517175,10.168216666666666,2023-10-01 03:56:33.462417043,10.7,2023-10-01 04:00:00
129,129,43.47886166666667,10.202935,2023-10-03 03:14:21.121465106,5.9,2023-10-03 03:15:00
129,129,43.48028333333333,10.21943,2023-10-03 03:23:20.575515185,4.7,2023-10-03 03:30:00
129,129,43.48723833333334,10.253351666666669,2023-10-03 04:11:20.991348933,0.1,2023-10-03 04:15:00
129,129,43.48699333333333,10.255573333333333,2023-10-03 04:35:30.500335311,2.8,2023-10-03 04:30:00
129,129,43.45609,10.216416666666667,2023-10-03 04:54:01.575203214,12.3,2023-10-03 05:00:00
130,130,43.41334166666666,10.168081666666666,2023-10-30 08:44:25.214936997,14.0,2023-10-30 08:45:00
130,130,43.47178,10.203213333333334,2023-10-30 09:14:48.904386857,8.1,2023-10-30 09:15:00
130,130,43.433725,10.16347,2023-10-30 09:38:51.426966369,5.3,2023-10-30 09:45:00
130,130,43.42497166666667,10.154511666666668,2023-10-30 09:46:09.882474264,5.2,2023-10-30 09:45:00
130,130,43.408303333333336,10.128083333333333,2023-10-30 10:15:11.350575374,2.5,2023-10-30 10:15:00
131,131,43.46324333333334,10.251528333333331,2023-10-06 09:14:11.706665076,7.0,2023-10-06 09:15:00
131,131,43.49534166666667,10.283251666666668,2023-10-06 09:44:12.077301244,1.8,2023-10-06 09:45:00
131,131,43.497461666666666,10.28478,2023-10-06 09:49:22.735811749,1.4,2023-10-06 09:45:00
131,131,43.49675333333333,10.285891666666666,2023-10-06 10:27:31.414583256,0.1,2023-10-06 10:30:00
131,131,43.49688666666667,10.286086666666668,2023-10-06 11:05:21.145389119,0.1,2023-10-06 11:00:00
131,131,43.49690833333333,10.286221666666668,2023-10-06 12:44:03.230523881,0.1,2023-10-06 12:45:00
131,131,43.49688666666667,10.286141666666667,2023-10-06 13:14:14.144898820,0.1,2023-10-06 13:15:00
131,131,43.49681833333333,10.286165,2023-10-06 15:08:28.251269023,0.1,2023-10-06 15:15:00
131,131,43.49686833333333,10.28605,2023-10-06 17:32:28.315613665,0.1,2023-10-06 17:30:00
132,132,43.49646666666667,10.235683333333332,2023-10-03 02:14:29.125592401,7.0,2023-10-03 02:15:00
132,132,43.51376666666667,10.26025,2023-10-03 02:36:16.454621922,2.3,2023-10-03 02:30:00
132,132,43.511966666666666,10.2711,2023-10-03 03:14:07.990923571,0.1,2023-10-03 03:15:00
132,132,43.512033333333335,10.272966666666669,2023-10-03 13:35:08.038603805,0.1,2023-10-03 13:30:00
132,132,43.511516666666665,10.273456666666668,2023-10-03 14:41:09.388419512,0.1,2023-10-03 14:45:00
132,132,43.51225,10.27185,2023-10-04 02:14:08.009798727,0.1,2023-10-04 02:15:00
132,132,43.51221666666667,10.271783333333332,2023-10-04 02:17:07.968695882,0.1,2023-10-04 02:15:00
132,132,43.51218333333334,10.2717,2023-10-04 03:02:08.198378978,0.1,2023-10-04 03:00:00
132,132,43.51215,10.273133333333334,2023-10-04 04:14:07.985317241,0.1,2023-10-04 04:15:00
132,132,43.51125,10.273983333333332,2023-10-04 05:14:09.311238677,0.1,2023-10-04 05:15:00
132,132,43.51073333333333,10.273966666666666,2023-10-04 09:32:08.008546392,0.1,2023-10-04 09:30:00
132,132,43.5106,10.274116666666666,2023-10-04 11:02:07.986000706,0.1,2023-10-04 11:00:00
132,132,43.510866666666665,10.273783333333334,2023-10-04 11:26:07.970118735,0.2,2023-10-04 11:30:00
132,132,43.5103,10.274,2023-10-04 14:05:08.010748246,0.1,2023-10-04 14:00:00
132,132,43.51005,10.274033333333334,2023-10-04 16:47:09.310141810,0.1,2023-10-04 16:45:00
132,132,43.5095,10.272583333333332,2023-10-04 22:44:08.024353063,0.1,2023-10-04 22:45:00
132,132,43.50931666666667,10.272066666666666,2023-10-04 23:14:07.958872099,0.1,2023-10-04 23:15:00
132,132,43.50955,10.272716666666668,2023-10-05 00:05:07.968734157,0.1,2023-10-05 00:00:00
132,132,43.51045,10.273816666666669,2023-10-05 00:44:09.399610810,0.1,2023-10-05 00:45:00
132,132,43.51085,10.273916666666668,2023-10-05 00:53:09.021004876,0.2,2023-10-05 01:00:00
132,132,43.51011666666667,10.273616666666667,2023-10-05 02:14:07.963596328,0.1,2023-10-05 02:15:00
132,132,43.51025,10.273683333333334,2023-10-05 07:20:08.057131928,0.1,2023-10-05 07:15:00
132,132,43.51058333333334,10.274783333333334,2023-10-05 08:08:08.074479868,0.1,2023-10-05 08:15:00
132,132,43.510533333333335,10.274183333333331,2023-10-05 20:05:07.961015078,0.1,2023-10-05 20:00:00
132,132,43.50996666666666,10.273833333333332,2023-10-05 23:11:07.976269849,0.1,2023-10-05 23:15:00
132,132,43.51061666666667,10.274066666666666,2023-10-06 01:44:08.044945408,0.1,2023-10-06 01:45:00
132,132,43.5096,10.273433333333331,2023-10-06 03:05:08.047425851,0.1,2023-10-06 03:00:00
132,132,43.53533333333333,10.271766666666668,2023-10-06 05:50:29.885138601,6.4,2023-10-06 05:45:00
132,132,43.58263333333333,10.318583333333333,2023-10-06 06:44:59.390992711,2.6,2023-10-06 06:45:00
133,133,43.510575,10.277831666666666,2023-10-01 01:13:16.765940280,0.1,2023-10-01 01:15:00
133,133,43.51054666666666,10.277773333333332,2023-10-01 01:37:18.686645999,0.1,2023-10-01 01:30:00
133,133,43.51064833333333,10.277835,2023-10-01 02:13:22.058409810,0.1,2023-10-01 02:15:00
133,133,43.510596666666665,10.27782,2023-10-01 02:22:23.574403888,0.1,2023-10-01 02:15:00
133,133,43.51038166666667,10.27796,2023-10-01 03:43:30.956209308,0.1,2023-10-01 03:45:00
133,133,43.510353333333335,10.278121666666667,2023-10-01 04:19:34.011539831,0.1,2023-10-01 04:15:00
133,133,43.510525,10.277871666666666,2023-10-01 05:14:49.220778712,0.1,2023-10-01 05:15:00
133,133,43.51051,10.277825,2023-10-01 05:26:52.737539082,0.1,2023-10-01 05:30:00
133,133,43.51070333333333,10.277888333333332,2023-10-01 06:11:54.885449551,0.1,2023-10-01 06:15:00
133,133,43.51053,10.277825,2023-10-01 06:44:58.176984610,0.1,2023-10-01 06:45:00
133,133,43.51043,10.277943333333331,2023-10-01 07:39:03.653812389,0.1,2023-10-01 07:45:00
133,133,43.510403333333336,10.278075,2023-10-01 08:00:06.927311591,0.1,2023-10-01 08:00:00
133,133,43.510515000000005,10.27865,2023-10-01 08:42:50.452994164,0.1,2023-10-01 08:45:00
133,133,43.51079,10.278793333333336,2023-10-01 09:27:56.291459262,0.1,2023-10-01 09:30:00
133,133,43.51068,10.27885,2023-10-01 10:13:03.056268791,0.1,2023-10-01 10:15:00
133,133,43.510285,10.278745,2023-10-01 10:31:06.715805021,0.1,2023-10-01 10:30:00
133,133,43.51027666666666,10.27873,2023-10-01 11:13:15.247279797,0.1,2023-10-01 11:15:00
133,133,43.510241666666666,10.278666666666668,2023-10-01 11:34:18.497933882,0.1,2023-10-01 11:30:00
133,133,43.51023166666666,10.278565,2023-10-01 12:13:26.284495101,0.2,2023-10-01 12:15:00
133,133,43.51018,10.278538333333334,2023-10-01 12:16:26.864430137,0.1,2023-10-01 12:15:00
133,133,43.51024333333333,10.278666666666668,2023-10-01 13:01:37.923604428,0.1,2023-10-01 13:00:00
133,133,43.51023,10.278638333333332,2023-10-01 14:07:55.587145084,0.1,2023-10-01 14:15:00
133,133,43.510216666666665,10.278638333333332,2023-10-01 14:35:03.800478080,0.1,2023-10-01 14:30:00
133,133,43.51020666666667,10.27855,2023-10-01 14:50:08.663581754,0.1,2023-10-01 14:45:00
133,133,43.510216666666665,10.278581666666666,2023-10-01 15:29:22.168459864,0.1,2023-10-01 15:30:00
133,133,43.51021333333333,10.278443333333334,2023-10-01 15:53:30.463091520,0.1,2023-10-01 16:00:00
133,133,43.51025666666667,10.278388333333334,2023-10-01 17:05:50.950521212,0.1,2023-10-01 17:00:00
133,133,43.51028166666666,10.278403333333332,2023-10-01 17:44:59.505910475,0.1,2023-10-01 17:45:00
133,133,43.51026333333333,10.278423333333334,2023-10-01 17:51:00.132830585,0.1,2023-10-01 17:45:00
133,133,43.51029166666667,10.278388333333334,2023-10-01 18:36:10.589749346,0.1,2023-10-01 18:30:00
133,133,43.510486666666665,10.277905,2023-10-01 19:12:04.404502723,0.1,2023-10-01 19:15:00
133,133,43.510756666666666,10.27782,2023-10-01 19:42:09.861481185,0.1,2023-10-01 19:45:00
133,133,43.510686666666665,10.27796,2023-10-01 20:30:17.797839416,0.2,2023-10-01 20:30:00
133,133,43.51070833333333,10.277881666666667,2023-10-01 21:12:24.937842183,0.1,2023-10-01 21:15:00
133,133,43.51068333333333,10.277898333333331,2023-10-01 22:27:33.383164882,0.1,2023-10-01 22:30:00
133,133,43.510825,10.277856666666668,2023-10-01 23:12:37.156222979,0.1,2023-10-01 23:15:00
133,133,43.51070166666667,10.277846666666669,2023-10-01 23:42:40.115661583,0.1,2023-10-01 23:45:00
133,133,43.510596666666665,10.277816666666666,2023-10-02 01:06:48.689106850,0.1,2023-10-02 01:00:00
133,133,43.51056833333334,10.277805,2023-10-02 01:27:51.503311470,0.1,2023-10-02 01:30:00
133,133,43.51069833333334,10.277835,2023-10-02 02:12:54.458973363,0.1,2023-10-02 02:15:00
133,133,43.51067666666667,10.27786,2023-10-02 02:15:55.457528255,0.1,2023-10-02 02:15:00
133,133,43.510758333333335,10.277828333333334,2023-10-02 03:43:03.372692225,0.1,2023-10-02 03:45:00
133,133,43.51083166666667,10.278011666666666,2023-10-02 04:13:06.528563341,0.1,2023-10-02 04:15:00
133,133,43.51062,10.277845,2023-10-02 04:34:09.865763752,0.1,2023-10-02 04:30:00
133,133,43.510595,10.277816666666666,2023-10-02 04:58:12.722794014,0.1,2023-10-02 05:00:00
133,133,43.51057166666667,10.277873333333334,2023-10-02 05:43:16.412959454,0.1,2023-10-02 05:45:00
133,133,43.510605000000005,10.277891666666669,2023-10-02 06:07:18.755695615,0.1,2023-10-02 06:00:00
133,133,43.51070833333333,10.27782,2023-10-02 06:43:23.545245263,0.1,2023-10-02 06:45:00
133,133,43.510756666666666,10.277823333333334,2023-10-02 07:10:27.027160758,0.1,2023-10-02 07:15:00
133,133,43.51065833333334,10.277873333333334,2023-10-02 07:40:30.492218831,0.1,2023-10-02 07:45:00
133,133,43.51050666666666,10.277918333333334,2023-10-02 08:04:33.610009344,0.1,2023-10-02 08:00:00
133,133,43.51038166666667,10.27806,2023-10-02 08:25:36.735993718,0.1,2023-10-02 08:30:00
133,133,43.51032,10.278323333333333,2023-10-02 09:09:37.224077377,0.1,2023-10-02 09:15:00
133,133,43.510445,10.278786666666669,2023-10-02 09:33:41.985564184,0.1,2023-10-02 09:30:00
133,133,43.51058666666667,10.278911666666666,2023-10-02 09:57:46.755553053,0.1,2023-10-02 10:00:00
133,133,43.51046,10.27883,2023-10-02 10:18:49.619462684,0.1,2023-10-02 10:15:00
133,133,43.51038833333334,10.278806666666666,2023-10-02 11:03:58.812838361,0.1,2023-10-02 11:00:00
133,133,43.51031833333333,10.278761666666666,2023-10-02 11:25:02.005649382,0.1,2023-10-02 11:30:00
133,133,43.51028333333333,10.278696666666669,2023-10-02 12:13:12.244130842,0.2,2023-10-02 12:15:00
133,133,43.51023666666666,10.278646666666669,2023-10-02 12:34:16.526683172,0.1,2023-10-02 12:30:00
133,133,43.51031,10.27867,2023-10-02 13:13:26.064229730,0.1,2023-10-02 13:15:00
133,133,43.51029833333334,10.278673333333334,2023-10-02 13:16:26.633688313,0.1,2023-10-02 13:15:00
133,133,43.51017,10.278466666666668,2023-10-02 14:44:22.876682256,0.1,2023-10-02 14:45:00
133,133,43.51021,10.278416666666669,2023-10-02 15:07:43.057558523,0.1,2023-10-02 15:15:00
133,133,43.51019166666666,10.278338333333332,2023-10-02 15:44:21.914355069,0.1,2023-10-02 15:45:00
133,133,43.51020166666667,10.278503333333331,2023-10-02 16:08:18.359944652,0.1,2023-10-02 16:15:00
133,133,43.510185,10.278436666666666,2023-10-02 16:43:10.494388268,0.1,2023-10-02 16:45:00
133,133,43.51028333333333,10.27832,2023-10-02 17:13:24.323771772,0.1,2023-10-02 17:15:00
133,133,43.51025,10.278323333333333,2023-10-02 17:16:24.752905525,0.1,2023-10-02 17:15:00
133,133,43.51214333333333,10.277891666666669,2023-10-02 17:58:45.120929097,0.6,2023-10-02 18:00:00
133,133,43.52051166666667,10.261633333333332,2023-10-02 18:42:56.685730514,3.5,2023-10-02 18:45:00
133,133,43.56744666666667,10.306408333333334,2023-10-02 19:14:49.615633956,4.2,2023-10-02 19:15:00
133,133,43.57343,10.306125,2023-10-02 19:26:04.429839158,2.3,2023-10-02 19:30:00
133,133,43.577641666666665,10.3061,2023-10-02 20:10:11.845569231,0.1,2023-10-02 20:15:00
133,133,43.577641666666665,10.3061,2023-10-02 22:10:22.155647919,0.1,2023-10-02 22:15:00
133,133,43.57759833333333,10.306093333333331,2023-10-02 22:25:23.424639521,0.1,2023-10-02 22:30:00
133,133,43.57761166666667,10.306103333333336,2023-10-02 23:10:29.205585318,0.1,2023-10-02 23:15:00
133,133,43.57763666666666,10.30611,2023-10-02 23:31:31.170422169,0.1,2023-10-02 23:30:00
133,133,43.57761833333333,10.306096666666669,2023-10-03 00:13:34.263315598,0.1,2023-10-03 00:15:00
133,133,43.577601666666666,10.306078333333334,2023-10-03 01:10:39.994636164,0.1,2023-10-03 01:15:00
133,133,43.57759833333333,10.306118333333334,2023-10-03 01:19:39.808478389,0.1,2023-10-03 01:15:00
133,133,43.577601666666666,10.306131666666666,2023-10-03 02:13:43.730967861,0.1,2023-10-03 02:15:00
133,133,43.577595,10.306096666666669,2023-10-03 02:34:46.339035489,0.1,2023-10-03 02:30:00
133,133,43.577601666666666,10.306088333333332,2023-10-03 03:22:50.748237182,0.1,2023-10-03 03:30:00
133,133,43.57763833333333,10.306151666666668,2023-10-03 05:10:57.172817749,0.1,2023-10-03 05:15:00
133,133,43.57761833333333,10.306075,2023-10-03 07:35:06.424720818,0.1,2023-10-03 07:30:00
133,133,43.57763833333333,10.306091666666669,2023-10-03 07:53:08.105277304,0.1,2023-10-03 08:00:00
133,133,43.57761,10.306145,2023-10-03 09:23:17.645599769,0.1,2023-10-03 09:30:00
133,133,43.57761333333334,10.306115,2023-10-03 10:11:22.121398424,0.1,2023-10-03 10:15:00
133,133,43.577615,10.306096666666669,2023-10-03 12:26:34.740100934,0.1,2023-10-03 12:30:00
133,133,43.57762666666667,10.306103333333336,2023-10-03 13:35:40.737741117,0.1,2023-10-03 13:30:00
133,133,43.57762833333334,10.306105,2023-10-03 14:14:44.577058457,0.1,2023-10-03 14:15:00
133,133,43.57761666666667,10.306096666666669,2023-10-03 14:41:46.924558687,0.1,2023-10-03 14:45:00
133,133,43.577615,10.30611,2023-10-03 15:11:48.260492434,0.1,2023-10-03 15:15:00
133,133,43.577615,10.306106666666668,2023-10-03 16:32:56.163234945,0.1,2023-10-03 16:30:00
133,133,43.57761833333333,10.306093333333331,2023-10-03 19:09:08.636573104,0.1,2023-10-03 19:15:00
133,133,43.57757,10.306123333333334,2023-10-03 19:30:09.288356054,0.1,2023-10-03 19:30:00
133,133,43.57764333333333,10.306121666666666,2023-10-03 19:54:11.091729355,0.1,2023-10-03 20:00:00
133,133,43.57763333333333,10.306103333333336,2023-10-03 20:42:13.286838812,0.1,2023-10-03 20:45:00
133,133,43.577595,10.306103333333336,2023-10-03 21:00:16.127030802,0.1,2023-10-03 21:00:00
133,133,43.577621666666666,10.306096666666669,2023-10-03 21:42:17.730364262,0.1,2023-10-03 21:45:00
133,133,43.57759833333333,10.306075,2023-10-03 21:45:18.375722925,0.1,2023-10-03 21:45:00
133,133,43.54195166666667,10.29031,2023-10-03 22:44:29.267579927,7.5,2023-10-03 22:45:00
133,133,43.53322166666667,10.264028333333332,2023-10-03 22:53:59.977364679,11.9,2023-10-03 23:00:00
133,133,43.47172,10.177393333333333,2023-10-03 23:17:21.944538233,15.9,2023-10-03 23:15:00
133,133,43.41593,10.142641666666666,2023-10-13 03:21:39.503081940,13.0,2023-10-13 03:15:00
133,133,43.45238333333334,10.233743333333331,2023-10-13 04:00:57.978514863,4.8,2023-10-13 04:00:00
133,133,43.459865,10.252306666666668,2023-10-13 04:40:29.169815418,0.7,2023-10-13 04:45:00
133,133,43.45919333333333,10.251701666666666,2023-10-13 04:47:07.955277946,0.4,2023-10-13 04:45:00
133,133,43.45883333333334,10.24869,2023-10-13 05:17:17.182167850,0.2,2023-10-13 05:15:00
133,133,43.516915,10.256156666666667,2023-10-13 05:55:38.727904809,8.7,2023-10-13 06:00:00
133,133,43.57198666666667,10.31355,2023-10-13 06:40:07.381563122,3.5,2023-10-13 06:45:00
133,133,43.577995,10.317726666666664,2023-10-13 07:41:52.115714214,0.1,2023-10-13 07:45:00
133,133,43.578015,10.317685,2023-10-13 07:56:58.389265651,0.1,2023-10-13 08:00:00
133,133,43.57802166666667,10.31771,2023-10-13 09:03:02.711812418,0.1,2023-10-13 09:00:00
133,133,43.57800666666667,10.317695,2023-10-13 10:12:06.776834864,0.1,2023-10-13 10:15:00
133,133,43.57803166666667,10.317691666666668,2023-10-13 11:00:11.497905512,0.1,2023-10-13 11:00:00
133,133,43.57801666666667,10.31772,2023-10-13 11:42:13.123112448,0.1,2023-10-13 11:45:00
133,133,43.577983333333336,10.317736666666669,2023-10-13 11:45:15.307602677,0.1,2023-10-13 11:45:00
133,133,43.57803,10.317708333333334,2023-10-13 12:15:16.208698299,0.1,2023-10-13 12:15:00
133,133,43.57805833333334,10.317708333333334,2023-10-13 12:48:18.400974729,0.1,2023-10-13 12:45:00
133,133,43.57803666666667,10.31768,2023-10-13 13:54:22.776009158,0.1,2023-10-13 14:00:00
133,133,43.578025,10.31773,2023-10-13 14:21:26.736832414,0.1,2023-10-13 14:15:00
133,133,43.57798,10.317735,2023-10-13 15:09:28.982349591,0.1,2023-10-13 15:15:00
133,133,43.577981666666666,10.317753333333334,2023-10-13 15:15:31.276178722,0.1,2023-10-13 15:15:00
133,133,43.577995,10.317745,2023-10-13 15:51:32.556260148,0.1,2023-10-13 15:45:00
133,133,43.56501166666667,10.30416,2023-10-13 17:44:29.330519760,6.7,2023-10-13 17:45:00
133,133,43.52326166666667,10.236616666666666,2023-10-13 18:13:50.153175193,12.9,2023-10-13 18:15:00
133,133,43.479056666666665,10.177061666666669,2023-10-13 18:29:07.223434957,15.9,2023-10-13 18:30:00
133,133,43.43491166666667,10.154828333333334,2023-10-18 03:35:38.685043316,11.1,2023-10-18 03:30:00
133,133,43.49886833333333,10.233855,2023-10-18 04:08:29.982954138,1.9,2023-10-18 04:15:00
133,133,43.500515,10.242245,2023-10-18 04:29:37.925472540,1.1,2023-10-18 04:30:00
133,133,43.553536666666666,10.292561666666668,2023-10-18 05:14:39.562257503,6.9,2023-10-18 05:15:00
133,133,43.56700166666667,10.30638,2023-10-18 05:24:59.107491662,5.0,2023-10-18 05:30:00
133,133,43.578026666666666,10.317693333333333,2023-10-18 06:06:12.989044738,0.1,2023-10-18 06:00:00
133,133,43.57803666666667,10.317735,2023-10-18 07:06:19.770225949,0.1,2023-10-18 07:00:00
133,133,43.578,10.317751666666668,2023-10-18 07:18:21.184917675,0.1,2023-10-18 07:15:00
133,133,43.57803166666667,10.317678333333332,2023-10-18 07:48:23.309163294,0.1,2023-10-18 07:45:00
133,133,43.578035,10.317683333333331,2023-10-18 08:24:25.223749506,0.1,2023-10-18 08:30:00
133,133,43.57801666666667,10.317736666666669,2023-10-18 08:57:27.593336035,0.1,2023-10-18 09:00:00
133,133,43.57803166666667,10.317736666666669,2023-10-18 10:27:32.629422559,0.1,2023-10-18 10:30:00
133,133,43.57802166666667,10.31774,2023-10-18 11:09:35.477645144,0.1,2023-10-18 11:15:00
133,133,43.577985,10.317763333333334,2023-10-18 11:24:36.429996671,0.1,2023-10-18 11:30:00
133,133,43.57806,10.317686666666669,2023-10-18 11:45:37.830103846,0.1,2023-10-18 11:45:00
133,133,43.57804166666666,10.317703333333332,2023-10-18 13:15:43.717996305,0.1,2023-10-18 13:15:00
133,133,43.57803,10.317745,2023-10-18 14:00:46.478314983,0.1,2023-10-18 14:00:00
133,133,43.57801166666666,10.317701666666666,2023-10-18 14:18:47.419478083,0.1,2023-10-18 14:15:00
133,133,43.577938333333336,10.317818333333332,2023-10-18 14:54:50.029823013,0.1,2023-10-18 15:00:00
133,133,43.57799333333333,10.317705,2023-10-18 15:33:53.041960922,0.1,2023-10-18 15:30:00
133,133,43.578035,10.317736666666669,2023-10-18 16:18:55.420694464,0.1,2023-10-18 16:15:00
133,133,43.578046666666665,10.317708333333334,2023-10-18 16:51:58.085822419,0.1,2023-10-18 16:45:00
133,133,43.56253,10.301028333333331,2023-10-18 17:44:03.570295733,6.4,2023-10-18 17:45:00
133,133,43.548895,10.29152,2023-10-18 17:51:42.134813129,7.8,2023-10-18 17:45:00
133,133,43.45451666666667,10.130485,2023-10-18 18:35:43.397353497,15.8,2023-10-18 18:30:00
133,133,43.457591666666666,10.204806666666666,2023-10-28 15:43:06.004373053,14.9,2023-10-28 15:45:00
133,133,43.48354333333334,10.282875,2023-10-28 16:04:22.446038596,3.8,2023-10-28 16:00:00
133,133,43.485035,10.287536666666666,2023-10-28 16:21:41.858799557,0.4,2023-10-28 16:15:00
133,133,43.485,10.28744,2023-10-28 17:10:25.829976144,0.2,2023-10-28 17:15:00
133,133,43.48493166666666,10.287403333333334,2023-10-28 17:40:29.450925342,0.1,2023-10-28 17:45:00
133,133,43.48504666666667,10.28749,2023-10-28 17:52:30.252965838,0.3,2023-10-28 18:00:00
133,133,43.48494333333333,10.28773,2023-10-28 18:19:32.668141081,0.6,2023-10-28 18:15:00
133,133,43.48541166666666,10.287483333333334,2023-10-28 18:47:08.781059991,0.4,2023-10-28 18:45:00
133,133,43.48583833333333,10.286908333333336,2023-10-28 19:23:14.563844957,0.1,2023-10-28 19:30:00
133,133,43.48580833333333,10.286395,2023-10-28 19:47:18.264768688,0.1,2023-10-28 19:45:00
133,133,43.48580666666667,10.286633333333333,2023-10-28 20:17:18.734338456,0.1,2023-10-28 20:15:00
133,133,43.48580166666667,10.286686666666666,2023-10-28 21:14:26.560943771,0.1,2023-10-28 21:15:00
133,133,43.485618333333335,10.286783333333334,2023-10-28 21:44:26.767382593,0.1,2023-10-28 21:45:00
133,133,43.48560666666666,10.286843333333334,2023-10-28 22:11:29.229154809,0.1,2023-10-28 22:15:00
133,133,43.485815,10.286158333333333,2023-10-28 22:41:32.566283688,0.1,2023-10-28 22:45:00
133,133,43.485816666666665,10.28609,2023-10-28 23:02:33.357766555,0.1,2023-10-28 23:00:00
133,133,43.48584833333334,10.286418333333334,2023-10-28 23:38:38.318426499,0.2,2023-10-28 23:45:00
133,133,43.485755000000005,10.285965,2023-10-28 23:53:37.622816338,0.1,2023-10-29 00:00:00
133,133,43.485816666666665,10.286106666666663,2023-10-29 00:23:39.700641381,0.1,2023-10-29 00:30:00
133,133,43.485625,10.285653333333332,2023-10-29 00:59:43.136302883,0.1,2023-10-29 01:00:00
133,133,43.48556166666666,10.285468333333334,2023-10-29 01:32:46.376956031,0.1,2023-10-29 01:30:00
133,133,43.48569833333333,10.285548333333333,2023-10-29 02:11:47.590177052,0.1,2023-10-29 02:15:00
133,133,43.485623333333336,10.285471666666666,2023-10-29 02:32:48.901490783,0.1,2023-10-29 02:30:00
133,133,43.48559333333333,10.285565,2023-10-29 02:53:51.102078490,0.1,2023-10-29 03:00:00
133,133,43.48526666666667,10.285188333333334,2023-10-29 03:38:52.746617998,0.4,2023-10-29 03:45:00
133,133,43.48547833333334,10.284318333333331,2023-10-29 03:59:55.836341229,0.1,2023-10-29 04:00:00
133,133,43.52494833333333,10.270698333333334,2023-10-29 04:44:33.164951856,1.5,2023-10-29 04:45:00
133,133,43.55118333333333,10.291266666666669,2023-10-29 05:11:36.605751639,6.1,2023-10-29 05:15:00
133,133,43.57079333333333,10.311565,2023-10-29 05:32:38.378592595,2.9,2023-10-29 05:30:00
133,133,43.57796333333333,10.317653333333334,2023-10-29 06:21:36.893855489,0.1,2023-10-29 06:15:00
133,133,43.57790166666667,10.317686666666669,2023-10-29 07:21:41.840198428,0.1,2023-10-29 07:15:00
133,133,43.57785,10.317696666666668,2023-10-29 07:48:43.710138338,0.1,2023-10-29 07:45:00
133,133,43.57787,10.31768,2023-10-29 08:21:47.939168626,0.1,2023-10-29 08:15:00
133,133,43.57788166666667,10.317623333333334,2023-10-29 09:30:53.864922902,0.1,2023-10-29 09:30:00
133,133,43.57790666666666,10.317666666666666,2023-10-29 10:12:57.228030525,0.1,2023-10-29 10:15:00
133,133,43.5779,10.317661666666668,2023-10-29 10:34:01.037263390,0.1,2023-10-29 10:30:00
133,133,43.577825,10.317701666666666,2023-10-29 10:55:01.469032536,0.1,2023-10-29 11:00:00
133,133,43.577893333333336,10.317706666666668,2023-10-29 12:37:13.212533835,0.1,2023-10-29 12:30:00
133,133,43.57791833333333,10.31762,2023-10-29 12:55:14.921461303,0.1,2023-10-29 13:00:00
133,133,43.575898333333335,10.31674,2023-10-29 13:17:59.290185383,2.3,2023-10-29 13:15:00
133,133,43.53953666666666,10.281701666666669,2023-10-29 14:04:08.866427237,5.1,2023-10-29 14:00:00
133,133,43.514066666666665,10.220646666666664,2023-10-29 14:26:37.968027693,9.6,2023-10-29 14:30:00
133,133,43.45276,10.155426666666669,2023-10-29 14:49:39.433209312,14.2,2023-10-29 14:45:00
134,134,43.455435,10.254648333333334,2023-10-14 04:35:37.214825599,5.5,2023-10-14 04:30:00
134,134,43.478495,10.277536666666666,2023-10-14 05:08:18.731814865,0.2,2023-10-14 05:15:00
134,134,43.47815833333333,10.277281666666664,2023-10-14 05:16:31.293457248,0.1,2023-10-14 05:15:00
134,134,43.48128666666666,10.28137,2023-10-15 00:28:29.232928143,0.1,2023-10-15 00:30:00
134,134,43.48061499999999,10.282706666666666,2023-10-15 02:49:27.733225307,0.1,2023-10-15 02:45:00
134,134,43.48030666666667,10.283546666666666,2023-10-15 03:34:29.285391655,0.1,2023-10-15 03:30:00
134,134,43.480665,10.283343333333333,2023-10-15 04:58:27.748675056,0.1,2023-10-15 05:00:00
134,134,43.48035333333333,10.28359,2023-10-15 06:01:28.185900951,0.1,2023-10-15 06:00:00
134,134,43.559491666666666,10.294061666666666,2023-10-16 11:49:23.413949225,0.7,2023-10-16 11:45:00
134,134,43.55950333333333,10.29406,2023-10-16 12:19:24.685507479,0.7,2023-10-16 12:15:00
134,134,43.55951666666667,10.294091666666668,2023-10-16 12:46:21.977889476,0.4,2023-10-16 12:45:00
134,134,43.55948166666667,10.294066666666668,2023-10-16 13:22:21.880085595,1.0,2023-10-16 13:15:00
134,134,43.55950166666666,10.294058333333334,2023-10-16 13:58:21.528681223,0.7,2023-10-16 14:00:00
134,134,43.55949666666667,10.294056666666668,2023-10-16 14:28:20.886785093,0.2,2023-10-16 14:30:00
134,134,43.559495,10.29406,2023-10-16 14:46:21.545886637,0.7,2023-10-16 14:45:00
134,134,43.559491666666666,10.294075,2023-10-16 15:28:21.043760973,0.6,2023-10-16 15:30:00
134,134,43.55948833333333,10.29408,2023-10-16 15:58:24.386829176,0.4,2023-10-16 16:00:00
134,134,43.55950166666666,10.294099999999998,2023-10-16 16:34:20.750186301,0.2,2023-10-16 16:30:00
134,134,43.55945666666666,10.294085,2023-10-16 17:46:22.624865920,0.3,2023-10-16 17:45:00
134,134,43.559475,10.294128333333331,2023-10-16 18:28:23.353005950,0.1,2023-10-16 18:30:00
134,134,43.55296166666667,10.291785,2023-10-18 16:19:24.664143437,5.0,2023-10-18 16:15:00
134,134,43.507105,10.195215,2023-10-18 17:00:52.394783974,10.6,2023-10-18 17:00:00
134,134,43.444955,10.126643333333334,2023-10-18 17:31:02.762683998,9.2,2023-10-18 17:30:00
135,135,43.457366666666665,10.16475,2023-10-01 03:44:09.869661297,0.8,2023-10-01 03:45:00
135,135,43.45955,10.16685,2023-10-01 03:56:29.336546074,0.2,2023-10-01 04:00:00
135,135,43.46241666666666,10.172866666666666,2023-10-01 04:19:11.085604601,1.9,2023-10-01 04:15:00
135,135,43.46321666666667,10.175583333333332,2023-10-01 05:14:28.830160970,0.1,2023-10-01 05:15:00
135,135,43.46366666666667,10.174633333333333,2023-10-01 05:27:10.402840298,0.2,2023-10-01 05:30:00
135,135,43.467416666666665,10.183266666666666,2023-10-01 06:12:30.875817990,6.7,2023-10-01 06:15:00
135,135,43.511833333333335,10.24655,2023-10-01 06:44:09.249819533,6.7,2023-10-01 06:45:00
135,135,43.53848333333334,10.284483333333332,2023-10-01 07:14:31.229099986,8.9,2023-10-01 07:15:00
135,135,43.57143333333333,10.305516666666668,2023-10-01 07:40:31.357147923,2.6,2023-10-01 07:45:00
135,135,43.54335,10.291183333333333,2023-10-01 15:36:41.604794728,8.2,2023-10-01 15:30:00
135,135,43.5206,10.22085,2023-10-01 15:58:42.521462452,12.5,2023-10-01 16:00:00
135,135,43.45848333333333,10.176783333333333,2023-10-01 16:16:42.762883758,15.1,2023-10-01 16:15:00
136,136,43.48852333333333,10.282156666666667,2023-10-10 07:13:19.537517909,0.1,2023-10-10 07:15:00
136,136,43.493948333333336,10.274001666666669,2023-10-10 09:44:14.410744863,5.5,2023-10-10 09:45:00
136,136,43.49965666666667,10.272785,2023-10-10 09:47:15.432985593,7.0,2023-10-10 09:45:00
136,136,43.57421166666666,10.31563,2023-10-10 10:44:55.352942048,3.2,2023-10-10 10:45:00
136,136,43.57505166666667,10.316051666666668,2023-10-10 10:45:55.587649272,3.1,2023-10-10 10:45:00
136,136,43.53883666666666,10.27938,2023-10-12 07:44:51.738267158,5.2,2023-10-12 07:45:00
136,136,43.53583166666667,10.266483333333332,2023-10-12 07:51:12.084524110,7.5,2023-10-12 07:45:00
137,137,43.453495,10.122895,2023-10-17 23:18:18.229191290,8.9,2023-10-17 23:15:00
138,138,43.43333,10.157626666666664,2023-10-09 00:44:26.575167106,10.5,2023-10-09 00:45:00
138,138,43.47917833333334,10.237155,2023-10-09 01:14:18.281994038,4.1,2023-10-09 01:15:00
138,138,43.482265,10.242665,2023-10-09 01:20:27.865324603,1.7,2023-10-09 01:15:00
138,138,43.498313333333336,10.267723333333333,2023-10-09 01:59:27.096820456,0.5,2023-10-09 02:00:00
138,138,43.498125,10.2675,2023-10-09 05:43:55.456175019,0.1,2023-10-09 05:45:00
138,138,43.49796,10.267918333333334,2023-10-09 08:22:56.503456823,0.1,2023-10-09 08:30:00
138,138,43.49813666666667,10.26834,2023-10-09 08:58:56.070429732,0.1,2023-10-09 09:00:00
138,138,43.498445,10.268535000000002,2023-10-09 11:13:56.793953477,0.1,2023-10-09 11:15:00
138,138,43.49851666666667,10.268786666666667,2023-10-09 12:58:55.744761110,0.1,2023-10-09 13:00:00
138,138,43.498603333333335,10.268841666666669,2023-10-09 14:13:55.037617603,0.1,2023-10-09 14:15:00
138,138,43.49869,10.268928333333331,2023-10-09 14:22:55.665832383,0.1,2023-10-09 14:30:00
138,138,43.49874666666666,10.269138333333332,2023-10-09 15:10:56.784691203,0.2,2023-10-09 15:15:00
138,138,43.498866666666665,10.269246666666668,2023-10-09 15:46:55.220383609,0.1,2023-10-09 15:45:00
138,138,43.49883,10.269328333333334,2023-10-09 16:43:56.724683265,0.1,2023-10-09 16:45:00
138,138,43.498675000000006,10.269325,2023-10-09 16:58:55.794035036,0.1,2023-10-09 17:00:00
138,138,43.49851666666667,10.26943,2023-10-09 17:34:56.953123889,0.1,2023-10-09 17:30:00
138,138,43.498333333333335,10.269308333333331,2023-10-09 18:13:55.197337284,0.1,2023-10-09 18:15:00
138,138,43.49856666666667,10.269346666666667,2023-10-09 18:58:55.132730903,0.1,2023-10-09 19:00:00
138,138,43.49869666666667,10.2693,2023-10-09 19:43:55.061169449,0.1,2023-10-09 19:45:00
138,138,43.49863333333334,10.269231666666666,2023-10-09 19:49:55.628115035,0.1,2023-10-09 19:45:00
138,138,43.49859333333333,10.269325,2023-10-09 20:37:58.468567237,0.1,2023-10-09 20:45:00
138,138,43.49870333333333,10.269356666666663,2023-10-09 21:37:56.697640307,0.1,2023-10-09 21:45:00
138,138,43.49856833333333,10.269275,2023-10-09 22:01:55.985311394,0.1,2023-10-09 22:00:00
138,138,43.498540000000006,10.26932,2023-10-09 22:34:56.651579428,0.1,2023-10-09 22:30:00
138,138,43.49849833333334,10.269315,2023-10-09 22:58:56.041021465,0.2,2023-10-09 23:00:00
138,138,43.498621666666665,10.269376666666666,2023-10-09 23:22:56.147974872,0.1,2023-10-09 23:30:00
138,138,43.49884833333333,10.269261666666669,2023-10-10 01:25:56.351282052,0.1,2023-10-10 01:30:00
138,138,43.498666666666665,10.269361666666668,2023-10-10 02:04:56.310507439,0.1,2023-10-10 02:00:00
138,138,43.498648333333335,10.269368333333334,2023-10-10 02:28:57.339846788,0.1,2023-10-10 02:30:00
138,138,43.49857833333333,10.269305,2023-10-10 03:13:57.182287354,0.1,2023-10-10 03:15:00
138,138,43.49856166666667,10.26909,2023-10-10 03:19:55.084716976,0.1,2023-10-10 03:15:00
138,138,43.49866833333333,10.269166666666669,2023-10-10 04:13:56.703766136,0.1,2023-10-10 04:15:00
138,138,43.49883666666666,10.26905,2023-10-10 05:34:56.981637000,0.1,2023-10-10 05:30:00
138,138,43.499095,10.268665,2023-10-10 05:58:55.067179066,0.4,2023-10-10 06:00:00
138,138,43.51512666666667,10.259815,2023-10-10 06:43:53.886625726,0.2,2023-10-10 06:45:00
138,138,43.515256666666666,10.259746666666668,2023-10-10 06:46:12.384296233,0.3,2023-10-10 06:45:00
138,138,43.56618,10.305345,2023-10-10 07:34:12.919125246,5.1,2023-10-10 07:30:00
138,138,43.57897333333334,10.305755,2023-10-10 08:46:52.241012186,0.1,2023-10-10 08:45:00
139,139,43.458895,10.198668333333334,2023-10-25 09:10:25.406498873,1.0,2023-10-25 09:15:00
139,139,43.460495,10.201925,2023-10-25 09:20:23.926157987,1.0,2023-10-25 09:15:00
139,139,43.43244333333334,10.141643333333333,2023-10-25 10:03:05.527427592,0.7,2023-10-25 10:00:00
139,139,43.43989666666666,10.152336666666669,2023-10-25 10:36:43.880496609,1.4,2023-10-25 10:30:00
139,139,43.44617,10.162986666666663,2023-10-25 11:01:45.030057337,1.5,2023-10-25 11:00:00
139,139,43.45450833333334,10.176025,2023-10-25 11:33:46.879991207,1.4,2023-10-25 11:30:00
139,139,43.46167333333334,10.18715,2023-10-25 12:03:05.154998297,1.2,2023-10-25 12:00:00
139,139,43.458486666666666,10.17837,2023-10-25 12:32:45.352866072,7.9,2023-10-25 12:30:00
139,139,43.429445,10.13856,2023-10-25 12:55:24.721880845,1.8,2023-10-25 13:00:00
139,139,43.43869333333334,10.140245,2023-10-25 13:25:15.899074771,1.7,2023-10-25 13:30:00
139,139,43.44861333333333,10.161893333333332,2023-10-25 14:05:35.749206787,1.5,2023-10-25 14:00:00
139,139,43.45318833333333,10.18014,2023-10-25 14:39:15.706428133,1.4,2023-10-25 14:45:00
139,139,43.45716,10.198993333333334,2023-10-25 15:14:35.694959665,1.3,2023-10-25 15:15:00
139,139,43.45724166666666,10.199666666666667,2023-10-25 15:15:57.782710748,1.3,2023-10-25 15:15:00
139,139,43.45878666666667,10.215575,2023-10-25 15:48:05.552522985,1.3,2023-10-25 15:45:00
139,139,43.45467333333333,10.193273333333334,2023-10-25 16:43:57.049183555,8.2,2023-10-25 16:45:00
139,139,43.43317666666667,10.139721666666668,2023-10-25 17:09:56.786870707,1.1,2023-10-25 17:15:00
139,139,43.432786666666665,10.142171666666666,2023-10-25 17:18:45.822619514,1.3,2023-10-25 17:15:00
139,139,43.44593666666666,10.166968333333331,2023-10-25 18:04:34.658916697,1.7,2023-10-25 18:00:00
139,139,43.452778333333335,10.182448333333332,2023-10-25 18:30:44.819958680,1.9,2023-10-25 18:30:00
139,139,43.457838333333335,10.194825,2023-10-25 18:50:45.759800574,1.8,2023-10-25 18:45:00
139,139,43.46336833333333,10.220108333333334,2023-10-25 19:31:56.361597255,2.8,2023-10-25 19:30:00
139,139,43.47399833333333,10.21113,2023-10-25 19:46:26.096407972,3.5,2023-10-25 19:45:00
139,139,43.46722,10.204073333333334,2023-10-25 20:40:35.463990468,0.7,2023-10-25 20:45:00
139,139,43.47132,10.212815,2023-10-25 21:03:26.126245050,1.5,2023-10-25 21:00:00
139,139,43.47812,10.2175,2023-10-25 21:23:25.536593204,1.3,2023-10-25 21:30:00
139,139,43.503795,10.23972,2023-10-25 22:07:55.869545915,7.8,2023-10-25 22:15:00
139,139,43.56373,10.30265,2023-10-25 22:44:26.922387756,5.8,2023-10-25 22:45:00
139,139,43.56823333333333,10.307011666666666,2023-10-25 22:49:16.362647807,1.6,2023-10-25 22:45:00
139,139,43.57733333333333,10.303798333333331,2023-10-26 00:15:04.501502990,0.1,2023-10-26 00:15:00
139,139,43.577533333333335,10.303823333333334,2023-10-26 00:45:04.143545231,0.2,2023-10-26 00:45:00
139,139,43.57749,10.303845,2023-10-26 01:27:05.542997397,0.1,2023-10-26 01:30:00
139,139,43.57749,10.303856666666666,2023-10-26 01:51:03.518900140,0.1,2023-10-26 01:45:00
139,139,43.56872833333333,10.30703,2023-10-26 08:37:07.217222447,3.7,2023-10-26 08:30:00
139,139,43.53878,10.276025,2023-10-26 09:06:44.309894655,4.8,2023-10-26 09:00:00
139,139,43.51504333333333,10.17354,2023-10-26 09:30:40.396421741,14.6,2023-10-26 09:30:00
140,140,43.57550833333333,10.306341666666668,2023-10-01 00:28:11.550547041,0.1,2023-10-01 00:30:00
140,140,43.575475,10.306351666666666,2023-10-01 04:19:13.798603463,0.1,2023-10-01 04:15:00
140,140,43.57546833333333,10.306301666666666,2023-10-01 05:25:11.605659674,0.1,2023-10-01 05:30:00
140,140,43.57550666666667,10.306308333333334,2023-10-01 08:43:11.683662682,0.1,2023-10-01 08:45:00
140,140,43.55735666666667,10.294135,2023-10-01 09:14:23.315285248,5.6,2023-10-01 09:15:00
140,140,43.53933166666666,10.28433,2023-10-01 09:29:05.688533953,5.2,2023-10-01 09:30:00
140,140,43.48719166666667,10.15923,2023-10-01 10:14:04.116421703,12.3,2023-10-01 10:15:00
140,140,43.48632,10.131336666666666,2023-10-01 10:20:12.800521836,12.1,2023-10-01 10:15:00
141,141,43.46453666666666,10.167768333333331,2023-10-15 08:26:42.383443092,11.5,2023-10-15 08:30:00
141,141,43.50046833333333,10.230396666666667,2023-10-15 09:10:02.739220295,2.2,2023-10-15 09:15:00
141,141,43.50212833333333,10.23758,2023-10-15 09:19:30.193634697,2.1,2023-10-15 09:15:00
141,141,43.57564833333333,10.306346666666666,2023-10-16 09:14:14.764567609,0.1,2023-10-16 09:15:00
141,141,43.57566333333333,10.306295,2023-10-16 10:32:13.890957575,0.1,2023-10-16 10:30:00
141,141,43.57559333333334,10.306416666666667,2023-10-16 10:59:12.877455312,0.1,2023-10-16 11:00:00
141,141,43.57567333333333,10.30629,2023-10-16 12:11:15.001164141,0.1,2023-10-16 12:15:00
141,141,43.575651666666666,10.306305,2023-10-16 12:47:15.430629461,0.1,2023-10-16 12:45:00
141,141,43.575625,10.306308333333334,2023-10-16 13:26:13.506483606,0.1,2023-10-16 13:30:00
141,141,43.575665,10.306298333333332,2023-10-16 16:38:13.429369566,0.1,2023-10-16 16:45:00
141,141,43.57567166666667,10.306328333333331,2023-10-16 17:23:14.745106919,0.1,2023-10-16 17:30:00
141,141,43.57561833333333,10.306311666666666,2023-10-16 18:56:12.700185638,0.1,2023-10-16 19:00:00
141,141,43.575645,10.30632,2023-10-16 19:17:13.773074864,0.1,2023-10-16 19:15:00
141,141,43.57567166666667,10.30632,2023-10-16 21:20:14.693842765,0.1,2023-10-16 21:15:00
141,141,43.57565666666667,10.306291666666668,2023-10-16 22:02:16.138987318,0.1,2023-10-16 22:00:00
141,141,43.57565,10.306333333333331,2023-10-16 22:29:14.485651491,0.1,2023-10-16 22:30:00
141,141,43.57567166666667,10.306323333333332,2023-10-17 01:56:16.138235039,0.1,2023-10-17 02:00:00
141,141,43.57560166666666,10.30625,2023-10-17 02:44:15.093018206,0.1,2023-10-17 02:45:00
141,141,43.57565833333333,10.306355,2023-10-17 04:41:16.057685109,0.1,2023-10-17 04:45:00
141,141,43.575665,10.306261666666668,2023-10-17 05:35:14.547562876,0.1,2023-10-17 05:30:00
141,141,43.56930833333333,10.307791666666668,2023-10-17 06:04:40.536617255,1.2,2023-10-17 06:00:00
141,141,43.55920666666667,10.2968,2023-10-17 06:17:41.193260160,4.9,2023-10-17 06:15:00
141,141,43.50124666666667,10.161373333333334,2023-10-17 07:07:11.420051936,12.1,2023-10-17 07:00:00
141,141,43.50498666666667,10.123203333333333,2023-10-17 07:15:41.504202753,12.1,2023-10-17 07:15:00
142,142,43.491695,10.264633333333334,2023-10-01 03:44:08.576686847,0.1,2023-10-01 03:45:00
142,142,43.491488333333336,10.264988333333331,2023-10-01 03:56:10.123179149,0.1,2023-10-01 04:00:00
142,142,43.49117,10.265925,2023-10-01 04:17:10.479868464,0.1,2023-10-01 04:15:00
142,142,43.49125,10.26625,2023-10-01 07:11:08.778792341,0.1,2023-10-01 07:15:00
142,142,43.49138333333334,10.266313333333333,2023-10-01 09:11:09.421884810,0.1,2023-10-01 09:15:00
142,142,43.491290000000006,10.266651666666666,2023-10-01 11:11:08.618586188,0.1,2023-10-01 11:15:00
142,142,43.491906666666665,10.264483333333336,2023-10-01 19:14:08.610146938,0.1,2023-10-01 19:15:00
142,142,43.49339,10.265011666666668,2023-10-02 04:35:08.748564774,0.1,2023-10-02 04:30:00
142,142,43.49633666666667,10.268045,2023-10-03 06:08:10.152022404,3.3,2023-10-03 06:15:00
142,142,43.50641,10.251423333333332,2023-10-03 06:44:29.172954689,0.2,2023-10-03 06:45:00
142,142,43.508425,10.249803333333334,2023-10-03 07:13:00.016375676,0.5,2023-10-03 07:15:00
142,142,43.537795,10.282581666666664,2023-10-03 07:35:40.915186043,9.5,2023-10-03 07:30:00
142,142,43.568025,10.307446666666667,2023-10-03 07:58:10.221370108,1.6,2023-10-03 08:00:00
142,142,43.566136666666665,10.30596,2023-10-04 16:01:51.487816738,5.7,2023-10-04 16:00:00
142,142,43.51988833333333,10.223536666666666,2023-10-04 16:44:20.373382091,10.1,2023-10-04 16:45:00
142,142,43.51409,10.209191666666667,2023-10-04 16:48:21.745418784,11.0,2023-10-04 16:45:00
142,142,43.392505,10.16382,2023-10-21 18:37:48.506265553,14.7,2023-10-21 18:45:00
142,142,43.43412,10.22984,2023-10-21 18:56:27.520799914,11.3,2023-10-21 19:00:00
142,142,43.45997666666666,10.287541666666668,2023-10-21 19:22:58.674820508,0.6,2023-10-21 19:30:00
142,142,43.460906666666666,10.290513333333331,2023-10-21 19:57:30.668159156,0.1,2023-10-21 20:00:00
142,142,43.46097333333333,10.290858333333334,2023-10-21 21:03:31.809789930,0.1,2023-10-21 21:00:00
142,142,43.46091166666667,10.291178333333333,2023-10-21 21:36:31.153661255,0.1,2023-10-21 21:30:00
142,142,43.46116666666667,10.291165,2023-10-21 22:06:30.779933172,0.2,2023-10-21 22:00:00
142,142,43.46123333333333,10.291056666666666,2023-10-21 22:15:30.338741876,0.2,2023-10-21 22:15:00
142,142,43.55755333333333,10.294403333333332,2023-10-25 09:10:27.310446899,5.8,2023-10-25 09:15:00
142,142,43.540425,10.2856,2023-10-25 09:19:46.348059537,6.6,2023-10-25 09:15:00
142,142,43.45719999999999,10.186215,2023-10-25 10:02:47.343333321,14.0,2023-10-25 10:00:00
142,142,43.39454833333333,10.175275,2023-10-25 10:18:42.321108519,14.2,2023-10-25 10:15:00
143,143,43.46313333333333,10.2514,2023-10-28 06:10:24.714623021,12.3,2023-10-28 06:15:00
143,143,43.492266666666666,10.2976,2023-10-28 06:28:54.668759053,6.1,2023-10-28 06:30:00
143,143,43.49953333333334,10.285816666666667,2023-10-28 06:46:46.668812507,4.0,2023-10-28 06:45:00
143,143,43.49695,10.28705,2023-10-28 07:31:46.535677170,0.3,2023-10-28 07:30:00
143,143,43.49693333333333,10.287133333333331,2023-10-28 08:22:25.205848927,0.1,2023-10-28 08:15:00
143,143,43.497166666666665,10.287033333333332,2023-10-28 09:43:06.392204239,0.1,2023-10-28 09:45:00
143,143,43.49671666666666,10.28725,2023-10-28 09:50:53.015728326,0.1,2023-10-28 09:45:00
143,143,43.49686666666666,10.28715,2023-10-28 11:30:46.416877777,0.2,2023-10-28 11:30:00
143,143,43.496766666666666,10.287216666666666,2023-10-28 12:18:45.469441682,0.1,2023-10-28 12:15:00
143,143,43.49678333333333,10.2872,2023-10-28 12:45:44.265550685,0.1,2023-10-28 12:45:00
143,143,43.49666666666667,10.287233333333337,2023-10-28 13:27:44.507462533,0.1,2023-10-28 13:30:00
143,143,43.49638333333333,10.287233333333337,2023-10-28 14:09:45.773197715,0.2,2023-10-28 14:15:00
143,143,43.496433333333336,10.287266666666666,2023-10-28 14:36:46.113285367,0.1,2023-10-28 14:30:00
143,143,43.496433333333336,10.2872,2023-10-28 15:03:45.248777800,0.2,2023-10-28 15:00:00
143,143,43.49633333333334,10.287183333333331,2023-10-28 16:21:45.834354545,0.2,2023-10-28 16:15:00
143,143,43.49623333333333,10.287233333333337,2023-10-28 17:00:45.312296341,0.1,2023-10-28 17:00:00
143,143,43.49623333333333,10.287266666666666,2023-10-28 18:33:43.513914553,0.1,2023-10-28 18:30:00
143,143,43.49718333333333,10.286766666666669,2023-10-28 20:57:43.068229938,0.1,2023-10-28 21:00:00
143,143,43.49775,10.2859,2023-10-29 00:03:44.240215664,0.1,2023-10-29 00:00:00
143,143,43.49796666666667,10.2854,2023-10-29 02:07:49.608235383,0.1,2023-10-29 02:15:00
143,143,43.49798333333333,10.285133333333333,2023-10-29 02:19:47.157860762,0.1,2023-10-29 02:15:00
143,143,43.498016666666665,10.285016666666667,2023-10-29 02:49:48.441447982,0.1,2023-10-29 02:45:00
143,143,43.498000000000005,10.28485,2023-10-29 03:58:47.969219141,0.1,2023-10-29 04:00:00
143,143,43.49811666666667,10.283783333333334,2023-10-29 08:22:49.038087423,0.1,2023-10-29 08:30:00
143,143,43.4982,10.284716666666666,2023-10-29 08:52:49.562749773,0.1,2023-10-29 09:00:00
143,143,43.49821666666666,10.285033333333333,2023-10-29 10:13:50.199324417,0.1,2023-10-29 10:15:00
143,143,43.498133333333335,10.2852,2023-10-29 12:13:49.844631600,0.3,2023-10-29 12:15:00
143,143,43.49823333333333,10.28495,2023-10-29 12:25:48.568447134,0.1,2023-10-29 12:30:00
143,143,43.49821666666666,10.28495,2023-10-29 13:34:49.514848685,0.3,2023-10-29 13:30:00
143,143,43.49826666666667,10.284616666666668,2023-10-29 14:13:50.066112627,0.2,2023-10-29 14:15:00
143,143,43.49823333333333,10.28475,2023-10-29 14:25:48.204526581,0.2,2023-10-29 14:30:00
143,143,43.49823333333333,10.284566666666668,2023-10-29 14:49:51.154093389,0.1,2023-10-29 14:45:00
143,143,43.4982,10.2851,2023-10-29 16:04:47.307461862,0.1,2023-10-29 16:00:00
143,143,43.4982,10.285,2023-10-29 17:13:49.770495162,0.2,2023-10-29 17:15:00
143,143,43.49818333333334,10.285133333333333,2023-10-29 17:22:50.549854872,0.2,2023-10-29 17:30:00
143,143,43.49823333333333,10.2845,2023-10-29 18:25:50.961977484,0.1,2023-10-29 18:30:00
143,143,43.49818333333334,10.284666666666668,2023-10-29 18:46:49.803859087,0.2,2023-10-29 18:45:00
143,143,43.49823333333333,10.284483333333332,2023-10-29 19:16:47.713407626,0.1,2023-10-29 19:15:00
143,143,43.498133333333335,10.283816666666668,2023-10-29 19:52:47.371116195,0.1,2023-10-29 20:00:00
143,143,43.49811666666667,10.283733333333334,2023-10-29 20:19:47.236154690,0.1,2023-10-29 20:15:00
143,143,43.49823333333333,10.284633333333334,2023-10-29 21:07:47.869287174,0.1,2023-10-29 21:15:00
143,143,43.4983,10.283916666666666,2023-10-29 21:43:49.736897654,0.1,2023-10-29 21:45:00
143,143,43.498333333333335,10.284516666666669,2023-10-29 22:07:49.712479929,0.2,2023-10-29 22:15:00
143,143,43.49841666666667,10.283666666666669,2023-10-29 22:40:49.414778512,0.5,2023-10-29 22:45:00
143,143,43.49838333333333,10.283383333333337,2023-10-29 22:52:49.463726944,0.2,2023-10-29 23:00:00
143,143,43.498466666666666,10.283866666666666,2023-10-29 23:31:49.118714314,0.2,2023-10-29 23:30:00
143,143,43.49851666666667,10.283916666666666,2023-10-30 01:01:47.001583817,0.1,2023-10-30 01:00:00
143,143,43.49831666666667,10.282666666666668,2023-10-30 08:34:47.112864411,0.2,2023-10-30 08:30:00
143,143,43.49826666666667,10.282566666666666,2023-10-30 09:37:50.799786557,0.1,2023-10-30 09:45:00
143,143,43.498450000000005,10.283083333333334,2023-10-30 09:46:50.933343678,0.1,2023-10-30 09:45:00
143,143,43.498333333333335,10.28285,2023-10-30 10:40:50.169227320,0.3,2023-10-30 10:45:00
143,143,43.49835,10.2827,2023-10-30 10:49:48.766021500,0.1,2023-10-30 10:45:00
143,143,43.49841666666667,10.282766666666667,2023-10-30 12:13:46.999435972,0.4,2023-10-30 12:15:00
143,143,43.49853333333333,10.28305,2023-10-30 12:40:50.603933598,0.4,2023-10-30 12:45:00
143,143,43.49843333333333,10.282916666666669,2023-10-30 13:10:51.042282259,0.5,2023-10-30 13:15:00
143,143,43.4984,10.282566666666666,2023-10-30 13:16:48.547805547,0.5,2023-10-30 13:15:00
143,143,43.49856666666667,10.2832,2023-10-30 15:07:48.706325478,0.2,2023-10-30 15:15:00
143,143,43.498450000000005,10.2828,2023-10-30 15:25:49.115433936,0.4,2023-10-30 15:30:00
143,143,43.4985,10.283,2023-10-30 16:01:47.742725817,0.3,2023-10-30 16:00:00
143,143,43.498333333333335,10.28245,2023-10-30 16:40:49.261375061,0.1,2023-10-30 16:45:00
143,143,43.49843333333333,10.282783333333333,2023-10-30 17:07:47.643093475,0.1,2023-10-30 17:15:00
143,143,43.49843333333333,10.28275,2023-10-30 17:22:48.409000370,0.1,2023-10-30 17:30:00
143,143,43.4985,10.283233333333332,2023-10-30 17:46:50.357743681,0.2,2023-10-30 17:45:00
143,143,43.49943333333333,10.282833333333334,2023-10-30 18:25:49.676394467,0.3,2023-10-30 18:30:00
143,143,43.49856666666667,10.284466666666669,2023-10-30 19:07:48.724517178,0.3,2023-10-30 19:15:00
143,143,43.49888333333333,10.283666666666669,2023-10-30 19:31:50.715007295,0.1,2023-10-30 19:30:00
143,143,43.49888333333333,10.284166666666666,2023-10-30 20:01:48.013234457,0.1,2023-10-30 20:00:00
143,143,43.49815,10.28585,2023-10-30 20:58:48.248563704,0.2,2023-10-30 21:00:00
143,143,43.497733333333336,10.28615,2023-10-30 21:31:49.986154041,0.2,2023-10-30 21:30:00
143,143,43.49805,10.286116666666668,2023-10-30 22:43:51.130011112,0.3,2023-10-30 22:45:00
143,143,43.4974,10.2865,2023-10-30 22:55:47.090734937,0.2,2023-10-30 23:00:00
143,143,43.4978,10.286283333333332,2023-10-30 23:34:49.733781407,0.2,2023-10-30 23:30:00
144,144,43.50913333333333,10.233483333333334,2023-10-02 21:14:14.371122565,7.7,2023-10-02 21:15:00
144,144,43.5166,10.247000000000002,2023-10-02 21:20:24.257548296,7.3,2023-10-02 21:15:00
144,144,43.57525,10.306333333333331,2023-10-02 22:14:33.553389186,1.5,2023-10-02 22:15:00
144,144,43.5503,10.2916,2023-10-03 11:41:51.544877731,6.0,2023-10-03 11:45:00
144,144,43.51853333333334,10.20965,2023-10-03 12:14:51.764662208,9.6,2023-10-03 12:15:00
144,144,43.508383333333335,10.163683333333331,2023-10-03 12:27:13.223814393,11.7,2023-10-03 12:30:00
145,145,43.517716666666665,10.252706666666668,2023-10-17 08:32:41.591072749,4.7,2023-10-17 08:30:00
145,145,43.53511666666667,10.277653333333337,2023-10-17 08:51:21.437524056,6.4,2023-10-17 08:45:00
145,145,43.575075,10.305996666666664,2023-10-17 09:34:32.144564110,2.2,2023-10-17 09:30:00
145,145,43.56979666666667,10.306906666666666,2023-10-18 21:13:26.615051485,1.9,2023-10-18 21:15:00
145,145,43.54822333333333,10.291288333333334,2023-10-18 21:35:35.436718832,4.8,2023-10-18 21:30:00
145,145,43.52098,10.230083333333331,2023-10-18 22:03:26.023518437,10.7,2023-10-18 22:00:00
145,145,43.505390000000006,10.142125,2023-10-18 22:25:33.031343452,10.3,2023-10-18 22:30:00
146,146,43.496833333333335,10.207,2023-10-10 15:14:44.986771648,12.2,2023-10-10 15:15:00
146,146,43.49533333333333,10.271833333333332,2023-10-10 15:44:25.179621039,1.0,2023-10-10 15:45:00
146,146,43.4955,10.274166666666668,2023-10-10 15:54:55.820351180,0.4,2023-10-10 16:00:00
146,146,43.57533333333333,10.304,2023-10-11 16:24:51.756665107,0.1,2023-10-11 16:30:00
146,146,43.54733333333333,10.291166666666667,2023-10-11 21:14:56.728329744,6.0,2023-10-11 21:15:00
146,146,43.525,10.227333333333332,2023-10-11 21:37:36.689043867,12.1,2023-10-11 21:45:00
146,146,43.515166666666666,10.159833333333331,2023-10-11 21:50:42.130794858,14.7,2023-10-11 21:45:00
147,147,43.464515,10.263608333333334,2023-10-05 19:44:51.425548827,4.6,2023-10-05 19:45:00
147,147,43.465986666666666,10.274673333333334,2023-10-05 20:02:11.877532794,0.4,2023-10-05 20:00:00
147,147,43.46577166666667,10.278541666666666,2023-10-05 20:29:13.872894278,0.4,2023-10-05 20:30:00
147,147,43.46601166666667,10.278678333333334,2023-10-05 23:11:11.567259631,0.1,2023-10-05 23:15:00
147,147,43.466235,10.278805,2023-10-05 23:59:12.953916733,0.1,2023-10-06 00:00:00
147,147,43.465900000000005,10.278508333333331,2023-10-06 03:05:11.588158683,0.1,2023-10-06 03:00:00
147,147,43.46558,10.278068333333332,2023-10-06 03:30:09.185374487,0.1,2023-10-06 03:30:00
147,147,43.46557333333333,10.277575,2023-10-06 03:51:20.525670592,0.1,2023-10-06 03:45:00
147,147,43.46510333333333,10.276491666666669,2023-10-06 05:03:29.362383112,0.1,2023-10-06 05:00:00
147,147,43.46512499999999,10.275976666666669,2023-10-06 05:50:30.095917593,0.1,2023-10-06 05:45:00
147,147,43.465135,10.276481666666664,2023-10-06 06:44:28.592156144,0.1,2023-10-06 06:45:00
147,147,43.46503,10.276641666666666,2023-10-06 07:14:29.473664410,0.1,2023-10-06 07:15:00
147,147,43.46502,10.27647,2023-10-06 07:20:30.194681510,0.1,2023-10-06 07:15:00
147,147,43.46510333333333,10.27655,2023-10-06 08:23:29.646467779,0.1,2023-10-06 08:30:00
147,147,43.46516166666667,10.277101666666663,2023-10-06 09:14:30.302304649,0.1,2023-10-06 09:15:00
147,147,43.46524166666666,10.277386666666668,2023-10-06 09:42:21.305589647,0.1,2023-10-06 09:45:00
147,147,43.465445,10.278058333333332,2023-10-06 18:50:44.394653446,0.1,2023-10-06 18:45:00
147,147,43.569955,10.309275,2023-10-13 19:07:35.484968463,1.5,2023-10-13 19:15:00
147,147,43.55845166666666,10.296453333333334,2023-10-13 19:28:16.310121349,0.4,2023-10-13 19:30:00
147,147,43.545703333333336,10.29141,2023-10-14 09:00:50.841314905,5.6,2023-10-14 09:00:00
147,147,43.48007500000001,10.191971666666666,2023-10-14 09:44:38.135599671,12.4,2023-10-14 09:45:00
147,147,43.46298333333333,10.184681666666668,2023-10-14 09:49:48.261386310,12.3,2023-10-14 09:45:00
148,148,43.57565,10.306416666666667,2023-10-19 17:34:17.174059315,0.1,2023-10-19 17:30:00
148,148,43.5758,10.306433333333333,2023-10-19 18:25:18.410011479,0.1,2023-10-19 18:30:00
148,148,43.5758,10.306466666666669,2023-10-19 19:04:20.920407533,0.1,2023-10-19 19:00:00
148,148,43.57576666666667,10.306333333333331,2023-10-19 21:37:17.916540193,0.1,2023-10-19 21:30:00
148,148,43.57558333333333,10.306366666666666,2023-10-19 23:46:17.667587570,0.1,2023-10-19 23:45:00
148,148,43.57576666666667,10.306416666666667,2023-10-20 03:10:21.358629156,0.1,2023-10-20 03:15:00
148,148,43.57566666666666,10.306333333333331,2023-10-20 03:31:18.300027676,0.1,2023-10-20 03:30:00
148,148,43.57565,10.3063,2023-10-20 04:16:17.355695997,0.1,2023-10-20 04:15:00
148,148,43.5757,10.3063,2023-10-20 04:55:18.137693755,0.1,2023-10-20 05:00:00
148,148,43.575116666666666,10.30595,2023-10-20 06:34:18.662090119,0.1,2023-10-20 06:30:00
148,148,43.57573333333333,10.306283333333331,2023-10-20 07:04:18.301246411,0.1,2023-10-20 07:00:00
148,148,43.57575,10.306283333333331,2023-10-20 08:01:20.729619453,0.1,2023-10-20 08:00:00
148,148,43.57586666666667,10.306316666666667,2023-10-20 09:25:20.728207510,0.1,2023-10-20 09:30:00
148,148,43.57576666666667,10.30625,2023-10-20 10:10:20.087560056,0.1,2023-10-20 10:15:00
148,148,43.57558333333333,10.306383333333336,2023-10-20 12:37:18.723332304,0.1,2023-10-20 12:30:00
148,148,43.575833333333335,10.30625,2023-10-20 15:46:17.337634785,0.1,2023-10-20 15:45:00
148,148,43.57561666666666,10.306383333333336,2023-10-20 17:52:20.736148838,0.1,2023-10-20 17:45:00
148,148,43.575833333333335,10.30645,2023-10-20 18:25:18.761203661,0.1,2023-10-20 18:30:00
148,148,43.57571666666667,10.3063,2023-10-20 19:16:18.882540807,0.1,2023-10-20 19:15:00
148,148,43.57593333333333,10.30635,2023-10-20 21:25:17.006808673,0.2,2023-10-20 21:30:00
148,148,43.57568333333334,10.306316666666667,2023-10-20 22:40:16.876731541,0.1,2023-10-20 22:45:00
148,148,43.57555,10.30625,2023-10-21 00:04:19.036924698,0.1,2023-10-21 00:00:00
148,148,43.5756,10.306333333333331,2023-10-21 00:58:17.655826161,0.1,2023-10-21 01:00:00
148,148,43.57575,10.306416666666667,2023-10-21 03:10:17.505848981,0.1,2023-10-21 03:15:00
148,148,43.564,10.302866666666668,2023-10-21 06:40:08.239467133,4.7,2023-10-21 06:45:00
148,148,43.55871666666667,10.295433333333332,2023-10-21 06:45:47.516453090,4.8,2023-10-21 06:45:00
148,148,43.5231,10.211466666666666,2023-10-21 07:26:49.532509664,9.2,2023-10-21 07:30:00
148,148,43.50768333333333,10.143233333333336,2023-10-21 07:46:19.364849521,9.7,2023-10-21 07:45:00
149,149,43.54774833333333,10.291585,2023-10-26 08:11:31.040573554,4.8,2023-10-26 08:15:00
149,149,43.540571666666665,10.289308333333334,2023-10-26 08:17:04.963958256,5.8,2023-10-26 08:15:00
149,149,43.511853333333335,10.165228333333332,2023-10-26 08:52:00.100921363,14.6,2023-10-26 08:45:00
150,150,43.44533333333333,10.2175,2023-10-09 02:44:19.538416659,5.5,2023-10-09 02:45:00
150,150,43.47366666666667,10.241833333333334,2023-10-09 03:06:52.265984964,5.0,2023-10-09 03:00:00
150,150,43.48133333333333,10.250333333333334,2023-10-09 03:33:31.577370380,0.2,2023-10-09 03:30:00
150,150,43.48083333333333,10.252333333333333,2023-10-09 04:00:50.613995930,0.2,2023-10-09 04:00:00
150,150,43.48516666666667,10.2485,2023-10-09 04:40:46.796692573,7.4,2023-10-09 04:45:00
150,150,43.52833333333333,10.268166666666668,2023-10-09 05:06:40.805073870,5.1,2023-10-09 05:00:00
150,150,43.569833333333335,10.3075,2023-10-09 05:44:50.608702572,1.2,2023-10-09 05:45:00
150,150,43.5665,10.305833333333334,2023-10-09 21:38:21.918897908,2.7,2023-10-09 21:45:00
150,150,43.5395,10.283166666666666,2023-10-09 22:01:41.369811429,6.0,2023-10-09 22:00:00
150,150,43.50383333333333,10.170833333333333,2023-10-09 22:37:21.579999214,11.1,2023-10-09 22:30:00
151,151,43.42528,10.13072,2023-10-28 12:12:55.986770292,4.5,2023-10-28 12:15:00
151,151,43.4352,10.140495,2023-10-28 12:21:46.855921466,5.3,2023-10-28 12:15:00
151,151,43.46402333333333,10.170381666666666,2023-10-28 12:46:36.507338578,4.9,2023-10-28 12:45:00
151,151,43.49441333333333,10.217213333333332,2023-10-28 13:28:15.991468510,1.9,2023-10-28 13:30:00
151,151,43.53395,10.276816666666669,2023-10-28 14:10:07.689973793,7.2,2023-10-28 14:15:00
151,151,43.56476833333333,10.303833333333332,2023-10-28 14:36:17.675321718,4.4,2023-10-28 14:30:00
151,151,43.580215,10.30498,2023-10-28 15:04:07.403222673,0.7,2023-10-28 15:00:00
152,152,43.463895,10.257386666666669,2023-10-09 02:44:12.894308338,0.2,2023-10-09 02:45:00
152,152,43.46476,10.257933333333334,2023-10-09 03:05:11.790015258,0.1,2023-10-09 03:00:00
152,152,43.46671333333334,10.248083333333334,2023-10-09 03:33:56.316440928,3.1,2023-10-09 03:30:00
152,152,43.484476666666666,10.200141666666669,2023-10-09 04:00:26.864558682,9.8,2023-10-09 04:00:00
152,152,43.505343333333336,10.225741666666666,2023-10-11 08:27:01.808515523,4.7,2023-10-11 08:30:00
152,152,43.50574833333334,10.26182,2023-10-11 09:02:12.331868451,2.4,2023-10-11 09:00:00
152,152,43.505856666666666,10.261855,2023-10-11 09:44:21.663754660,0.2,2023-10-11 09:45:00
152,152,43.50732833333333,10.261191666666669,2023-10-11 10:14:19.817791983,0.1,2023-10-11 10:15:00
152,152,43.50663,10.260525,2023-10-11 10:44:01.323542440,0.1,2023-10-11 10:45:00
152,152,43.49993666666667,10.263661666666668,2023-10-11 11:01:22.417982720,5.3,2023-10-11 11:00:00
152,152,43.43226,10.21383,2023-10-11 11:25:40.508086254,13.4,2023-10-11 11:30:00
153,153,43.475,10.210666666666668,2023-10-05 07:44:06.756126137,2.8,2023-10-05 07:45:00
153,153,43.4885,10.217,2023-10-05 08:09:18.125154114,1.5,2023-10-05 08:15:00
153,153,43.49783333333333,10.222666666666669,2023-10-05 08:44:28.856842273,0.6,2023-10-05 08:45:00
153,153,43.521,10.254166666666666,2023-10-05 09:14:48.299801049,3.3,2023-10-05 09:15:00
153,153,43.52383333333333,10.259,2023-10-05 09:20:07.343432890,2.8,2023-10-05 09:15:00
153,153,43.543,10.291,2023-10-05 10:08:17.830826259,5.4,2023-10-05 10:15:00
153,153,43.569833333333335,10.307333333333334,2023-10-05 10:32:19.689564536,1.3,2023-10-05 10:30:00
153,153,43.575500000000005,10.306333333333331,2023-10-05 13:12:43.965348133,0.1,2023-10-05 13:15:00
153,153,43.575500000000005,10.306333333333331,2023-10-06 10:27:44.051565134,0.1,2023-10-06 10:30:00
153,153,43.575500000000005,10.306166666666666,2023-10-06 15:09:43.978565409,0.1,2023-10-06 15:15:00
154,154,43.46777833333333,10.25367,2023-10-03 10:34:49.088190772,8.9,2023-10-03 10:30:00
154,154,43.488305,10.278808333333334,2023-10-03 11:12:22.206275383,0.3,2023-10-03 11:15:00
154,154,43.48853333333333,10.279543333333333,2023-10-03 12:12:22.962146062,0.1,2023-10-03 12:15:00
154,154,43.48830833333333,10.279721666666669,2023-10-03 13:36:22.219187427,0.1,2023-10-03 13:30:00
154,154,43.48827333333334,10.279775,2023-10-03 16:12:23.593617105,0.1,2023-10-03 16:15:00
154,154,43.48825333333333,10.279748333333334,2023-10-03 19:54:22.193126817,0.1,2023-10-03 20:00:00
154,154,43.488195000000005,10.279766666666664,2023-10-03 21:00:22.219533959,0.1,2023-10-03 21:00:00
154,154,43.48824333333334,10.279756666666666,2023-10-03 21:42:22.299344439,0.1,2023-10-03 21:45:00
154,154,43.488328333333335,10.279731666666668,2023-10-03 22:09:22.184753272,0.1,2023-10-03 22:15:00
154,154,43.48822333333333,10.280125,2023-10-03 22:42:22.180318810,0.2,2023-10-03 22:45:00
154,154,43.48838833333333,10.279988333333334,2023-10-03 23:15:22.215658421,0.1,2023-10-03 23:15:00
154,154,43.48854166666667,10.278811666666666,2023-10-04 02:12:22.637225657,0.1,2023-10-04 02:15:00
154,154,43.488661666666665,10.278876666666669,2023-10-04 03:42:23.132618772,0.1,2023-10-04 03:45:00
154,154,43.488618333333335,10.278945,2023-10-04 04:36:24.140759809,0.1,2023-10-04 04:30:00
154,154,43.48868,10.2792,2023-10-04 05:12:22.174997973,0.1,2023-10-04 05:15:00
154,154,43.48878333333334,10.279125,2023-10-04 05:21:23.207138231,0.1,2023-10-04 05:15:00
154,154,43.488306666666666,10.27983,2023-10-04 06:42:22.214244444,0.1,2023-10-04 06:45:00
154,154,43.48847666666666,10.279821666666669,2023-10-04 07:12:22.342456562,0.1,2023-10-04 07:15:00
154,154,43.488475,10.27975,2023-10-04 07:15:22.276273361,0.1,2023-10-04 07:15:00
154,154,43.48843,10.279743333333332,2023-10-04 08:00:23.599021695,0.1,2023-10-04 08:00:00
154,154,43.488326666666666,10.279791666666666,2023-10-04 08:42:22.178091691,0.1,2023-10-04 08:45:00
154,154,43.48818666666667,10.279576666666664,2023-10-04 09:12:22.480354795,0.1,2023-10-04 09:15:00
154,154,43.488126666666666,10.279623333333332,2023-10-04 09:30:22.403348052,0.1,2023-10-04 09:30:00
154,154,43.48820833333333,10.279836666666666,2023-10-04 10:42:22.208674280,0.1,2023-10-04 10:45:00
154,154,43.48820833333333,10.279935,2023-10-04 11:03:22.201036936,0.1,2023-10-04 11:00:00
154,154,43.48745,10.279758333333332,2023-10-04 11:24:22.200080927,0.2,2023-10-04 11:30:00
154,154,43.48744,10.2797,2023-10-04 12:42:22.328082675,0.1,2023-10-04 12:45:00
154,154,43.487496666666665,10.279678333333331,2023-10-04 13:12:22.244714471,0.1,2023-10-04 13:15:00
154,154,43.48738,10.279513333333334,2023-10-04 14:06:22.204514265,0.2,2023-10-04 14:00:00
154,154,43.48738333333333,10.279481666666667,2023-10-04 14:30:22.234936368,0.2,2023-10-04 14:30:00
154,154,43.487361666666665,10.279638333333333,2023-10-04 15:12:22.198660755,0.1,2023-10-04 15:15:00
154,154,43.48748333333333,10.279648333333334,2023-10-04 15:39:23.048199730,0.1,2023-10-04 15:45:00
154,154,43.48748,10.279498333333333,2023-10-04 16:00:22.233957524,0.1,2023-10-04 16:00:00
154,154,43.487465,10.279918333333336,2023-10-04 16:42:22.165987340,0.1,2023-10-04 16:45:00
154,154,43.487365,10.279605,2023-10-04 16:48:23.195427442,0.2,2023-10-04 16:45:00
154,154,43.48726833333333,10.279178333333334,2023-10-04 18:12:23.505982386,0.1,2023-10-04 18:15:00
154,154,43.48735333333333,10.279331666666668,2023-10-04 18:24:22.267623423,0.2,2023-10-04 18:30:00
154,154,43.48760333333333,10.278978333333333,2023-10-04 19:12:22.185265128,0.1,2023-10-04 19:15:00
154,154,43.48747166666667,10.279003333333332,2023-10-04 19:42:23.827719246,0.1,2023-10-04 19:45:00
154,154,43.48749333333333,10.278976666666669,2023-10-04 20:12:24.886681780,0.1,2023-10-04 20:15:00
154,154,43.48751333333333,10.278891666666668,2023-10-04 21:12:22.346572268,0.1,2023-10-04 21:15:00
154,154,43.48752666666667,10.278891666666668,2023-10-04 22:42:22.229071501,0.1,2023-10-04 22:45:00
154,154,43.48780666666666,10.280101666666669,2023-10-04 23:12:22.273239138,0.7,2023-10-04 23:15:00
154,154,43.48744166666667,10.280883333333332,2023-10-04 23:18:22.206305953,0.4,2023-10-04 23:15:00
154,154,43.50391,10.232748333333332,2023-10-05 00:07:34.181201104,3.4,2023-10-05 00:15:00
154,154,43.55285166666667,10.291950000000002,2023-10-05 00:44:53.972798698,7.3,2023-10-05 00:45:00
154,154,43.56719833333333,10.306128333333334,2023-10-05 00:54:24.319425208,5.4,2023-10-05 01:00:00
154,154,43.55434666666667,10.292796666666668,2023-10-05 18:33:56.282482156,6.4,2023-10-05 18:30:00
154,154,43.47757333333333,10.164221666666666,2023-10-05 19:14:28.043765408,15.8,2023-10-05 19:15:00
154,154,43.45485666666666,10.139233333333332,2023-10-05 19:21:07.385103541,15.7,2023-10-05 19:15:00
155,155,43.45010166666667,10.159771666666668,2023-10-10 07:14:48.269029876,6.5,2023-10-10 07:15:00
155,155,43.457258333333336,10.171065,2023-10-10 07:34:19.393062484,0.3,2023-10-10 07:30:00
155,155,43.45641166666667,10.18048,2023-10-10 08:14:28.374295219,0.5,2023-10-10 08:15:00
155,155,43.456325,10.18266,2023-10-10 08:22:48.401998475,0.6,2023-10-10 08:30:00
155,155,43.455955,10.188598333333337,2023-10-10 08:46:28.604252972,0.6,2023-10-10 08:45:00
155,155,43.47957,10.215711666666666,2023-10-10 09:44:18.131343683,6.3,2023-10-10 09:45:00
155,155,43.48468333333334,10.219066666666668,2023-10-10 09:47:28.915470594,6.4,2023-10-10 09:45:00
155,155,43.559465,10.29697,2023-10-10 10:44:29.998057917,5.7,2023-10-10 10:45:00
155,155,43.561955,10.300163333333334,2023-10-10 10:46:38.853843255,5.7,2023-10-10 10:45:00
155,155,43.55893833333334,10.29605,2023-10-10 19:56:07.509303546,7.5,2023-10-10 20:00:00
155,155,43.524665,10.226116666666666,2023-10-10 20:32:16.883898134,10.7,2023-10-10 20:30:00
156,156,43.48948666666667,10.217630000000002,2023-10-03 07:13:26.535796237,2.8,2023-10-03 07:15:00
156,156,43.50628833333334,10.235003333333331,2023-10-03 07:36:06.202469850,7.6,2023-10-03 07:30:00
156,156,43.54004333333333,10.288641666666669,2023-10-03 07:57:54.354840446,7.5,2023-10-03 08:00:00
156,156,43.53530833333333,10.266226666666666,2023-10-04 08:44:05.572684681,8.9,2023-10-04 08:45:00
156,156,43.49469,10.163488333333332,2023-10-04 09:14:34.587408456,10.6,2023-10-04 09:15:00
156,156,43.49727666666667,10.130918333333334,2023-10-04 09:22:25.086024690,11.1,2023-10-04 09:15:00
157,157,43.48733333333333,10.2134,2023-10-04 03:44:43.217929938,19.0,2023-10-04 03:45:00
157,157,43.55525,10.292666666666666,2023-10-04 04:14:49.540969312,7.2,2023-10-04 04:15:00
157,157,43.57991666666667,10.317616666666668,2023-10-04 04:35:42.606087507,0.1,2023-10-04 04:30:00
157,157,43.57976666666666,10.317583333333332,2023-10-04 15:39:14.680875554,1.8,2023-10-04 15:45:00
157,157,43.55153333333333,10.291616666666666,2023-10-04 16:02:22.582126196,10.0,2023-10-04 16:00:00
157,157,43.45543333333333,10.185216666666667,2023-10-04 16:33:39.882425247,18.7,2023-10-04 16:30:00
157,157,43.573366666666665,10.315166666666666,2023-10-11 15:34:14.083651412,3.2,2023-10-11 15:30:00
157,157,43.51938333333333,10.2295,2023-10-11 16:14:35.853583912,18.8,2023-10-11 16:15:00
157,157,43.47958333333334,10.1915,2023-10-11 16:24:17.060559497,19.1,2023-10-11 16:30:00
157,157,43.46393333333333,10.200733333333334,2023-10-14 03:43:04.611102093,19.3,2023-10-14 03:45:00
157,157,43.52613333333333,10.262,2023-10-14 04:00:10.420777183,9.4,2023-10-14 04:00:00
157,157,43.57875,10.317583333333332,2023-10-14 04:34:58.222980023,2.8,2023-10-14 04:30:00
157,157,43.57011666666666,10.310316666666669,2023-10-14 16:08:52.334523689,3.6,2023-10-14 16:15:00
157,157,43.54251666666666,10.29075,2023-10-14 16:26:36.604115782,8.7,2023-10-14 16:30:00
157,157,43.4112,10.19025,2023-10-14 17:07:29.335644582,18.3,2023-10-14 17:00:00
157,157,43.48483333333333,10.215616666666667,2023-10-21 06:05:42.300671481,19.4,2023-10-21 06:00:00
157,157,43.533233333333335,10.270283333333332,2023-10-21 06:39:56.420085045,1.4,2023-10-21 06:45:00
157,157,43.52941666666666,10.2654,2023-10-21 06:46:06.118148604,5.5,2023-10-21 06:45:00
157,157,43.565450000000006,10.304933333333334,2023-10-21 07:26:45.626672826,6.3,2023-10-21 07:30:00
157,157,43.57758333333334,10.317333333333332,2023-10-21 15:59:51.921440984,3.6,2023-10-21 16:00:00
157,157,43.557516666666665,10.294316666666669,2023-10-21 16:21:37.417007515,5.7,2023-10-21 16:15:00
157,157,43.513333333333335,10.21225,2023-10-21 16:48:39.145586960,18.0,2023-10-21 16:45:00
157,157,43.566516666666665,10.3059,2023-10-25 17:10:01.841160747,4.6,2023-10-25 17:15:00
157,157,43.55826666666667,10.294866666666667,2023-10-25 17:18:40.053115063,3.6,2023-10-25 17:15:00
157,157,43.473616666666665,10.1961,2023-10-25 18:04:40.756092821,16.9,2023-10-25 18:00:00
157,157,43.39978333333333,10.1755,2023-10-25 18:20:37.069615965,17.5,2023-10-25 18:15:00
157,157,43.43428333333333,10.209283333333332,2023-10-28 05:35:50.298183110,18.7,2023-10-28 05:30:00
157,157,43.453316666666666,10.1292,2023-10-28 06:07:36.486648426,11.3,2023-10-28 06:15:00
157,157,43.45263333333333,10.186666666666667,2023-10-28 07:13:07.492203557,8.5,2023-10-28 07:15:00
157,157,43.46465,10.242766666666666,2023-10-28 07:31:07.870321839,8.4,2023-10-28 07:30:00
157,157,43.46835,10.261483333333333,2023-10-28 07:57:56.341208388,4.1,2023-10-28 08:00:00
157,157,43.469433333333335,10.22515,2023-10-28 08:22:18.236642879,3.8,2023-10-28 08:15:00
157,157,43.471916666666665,10.172466666666669,2023-10-28 09:01:21.551892358,3.1,2023-10-28 09:00:00
157,157,43.468383333333335,10.134183333333334,2023-10-28 09:29:27.197044224,3.9,2023-10-28 09:30:00
157,157,43.468266666666665,10.147816666666667,2023-10-28 11:30:33.479302231,4.5,2023-10-28 11:30:00
157,157,43.47228333333333,10.177716666666669,2023-10-28 11:48:23.566631235,4.4,2023-10-28 11:45:00
157,157,43.50888333333333,10.249283333333333,2023-10-28 12:22:12.109823494,7.7,2023-10-28 12:15:00
157,157,43.55461666666667,10.292,2023-10-28 12:45:40.326623650,6.3,2023-10-28 12:45:00
157,157,43.57953333333333,10.3177,2023-10-28 17:53:22.047612861,2.2,2023-10-28 18:00:00
157,157,43.53001666666667,10.230833333333331,2023-10-28 18:34:13.480066455,16.7,2023-10-28 18:30:00
157,157,43.48231666666666,10.20005,2023-10-28 18:46:14.478300975,17.4,2023-10-28 18:45:00
158,158,43.52023333333333,10.25626,2023-10-18 04:08:54.330203507,5.8,2023-10-18 04:15:00
158,158,43.54353166666667,10.291043333333333,2023-10-18 04:29:14.568025078,6.3,2023-10-18 04:30:00
158,158,43.579368333333335,10.317126666666669,2023-10-18 05:14:16.469045911,0.1,2023-10-18 05:15:00
158,158,43.57937166666667,10.317128333333333,2023-10-18 05:26:03.173185457,0.1,2023-10-18 05:30:00
158,158,43.57937166666667,10.317123333333331,2023-10-18 05:50:01.645386852,0.1,2023-10-18 05:45:00
158,158,43.579368333333335,10.31712,2023-10-18 08:20:01.492114951,0.1,2023-10-18 08:15:00
158,158,43.579365,10.317121666666669,2023-10-18 09:47:01.024815135,0.1,2023-10-18 09:45:00
158,158,43.579368333333335,10.317111666666667,2023-10-18 10:44:01.135625456,0.1,2023-10-18 10:45:00
158,158,43.57938,10.31712,2023-10-18 13:17:01.478192597,0.1,2023-10-18 13:15:00
158,158,43.57937666666667,10.317116666666667,2023-10-18 14:32:02.105751726,0.1,2023-10-18 14:30:00
158,158,43.57744833333334,10.317146666666668,2023-10-18 17:43:43.557991622,3.7,2023-10-18 17:45:00
158,158,43.56959666666667,10.309011666666668,2023-10-18 17:52:26.952882887,3.9,2023-10-18 17:45:00
158,158,43.51421833333333,10.172421666666668,2023-10-18 18:35:51.927018215,17.6,2023-10-18 18:30:00
158,158,43.42994333333333,10.141113333333331,2023-10-18 18:54:01.567959342,17.6,2023-10-18 19:00:00
